datetime,open,high,low,close,volume
2026-03-23T13:30:00+00:00,247.80999999999995,254.07999999999993,247.80999999999995,251.15999999999994,1189
2026-03-23T13:35:00+00:00,251.15999999999994,253.07999999999993,250.98999999999992,252.76999999999992,1444
2026-03-23T13:40:00+00:00,252.76999999999992,253.83999999999995,252.22999999999993,252.92999999999992,1960
2026-03-23T13:45:00+00:00,252.92999999999992,253.15999999999994,251.88999999999993,252.46999999999994,1995
2026-03-23T13:50:00+00:00,252.46999999999994,252.71999999999994,252.17999999999992,252.31999999999994,1960
2026-03-23T13:55:00+00:00,252.31999999999994,252.39999999999992,251.44999999999993,251.60999999999993,2052
2026-03-23T14:00:00+00:00,251.60999999999993,251.73999999999992,250.89999999999992,250.98999999999992,2501
2026-03-23T14:05:00+00:00,250.98999999999992,251.47999999999993,250.64999999999992,251.17999999999992,2659
2026-03-23T14:10:00+00:00,251.17999999999992,251.80999999999995,251.11999999999995,251.77999999999994,1984
2026-03-23T14:15:00+00:00,251.77999999999994,252.31999999999994,251.66999999999993,252.21999999999994,1777
2026-03-23T14:20:00+00:00,252.21999999999994,252.64999999999992,252.04999999999993,252.30999999999995,1632
2026-03-23T14:25:00+00:00,252.30999999999995,252.37999999999994,251.88999999999993,252.06999999999994,1666
2026-03-23T14:30:00+00:00,252.06999999999994,252.19999999999993,251.56999999999994,252.09999999999994,1740
2026-03-23T14:35:00+00:00,252.09999999999994,252.33999999999995,251.60999999999993,251.74999999999994,1701
2026-03-23T14:40:00+00:00,251.74999999999994,251.79999999999993,251.26999999999992,251.53999999999994,1480
2026-03-23T14:45:00+00:00,251.53999999999994,252.22999999999993,251.14999999999992,252.06999999999994,1667
2026-03-23T14:50:00+00:00,252.06999999999994,252.12999999999994,251.70999999999992,251.88999999999993,1520
2026-03-23T14:55:00+00:00,251.88999999999993,252.03999999999994,251.68999999999994,251.72999999999993,1449
2026-03-23T15:00:00+00:00,251.72999999999993,252.49999999999994,251.54999999999993,252.39999999999992,1563
2026-03-23T15:05:00+00:00,252.39999999999992,252.48999999999992,252.03999999999994,252.30999999999995,1315
2026-03-23T15:10:00+00:00,252.30999999999995,252.56999999999994,252.23999999999992,252.33999999999995,1234
2026-03-23T15:15:00+00:00,252.33999999999995,252.39999999999992,251.79999999999993,251.85999999999993,1472
2026-03-23T15:20:00+00:00,251.85999999999993,252.39999999999992,251.64999999999992,252.27999999999994,1490
2026-03-23T15:25:00+00:00,252.27999999999994,252.31999999999994,251.85999999999993,252.17999999999992,1459
2026-03-23T15:30:00+00:00,252.17999999999992,252.47999999999993,252.17999999999992,252.37999999999994,1376
2026-03-23T15:35:00+00:00,252.37999999999994,252.45999999999992,251.84999999999994,252.03999999999994,1411
2026-03-23T15:40:00+00:00,252.03999999999994,252.54999999999993,252.03999999999994,252.34999999999994,1558
2026-03-23T15:45:00+00:00,252.34999999999994,252.36999999999995,251.84999999999994,252.11999999999995,1738
2026-03-23T15:50:00+00:00,252.11999999999995,252.35999999999993,251.46999999999994,251.53999999999994,1774
2026-03-23T15:55:00+00:00,251.53999999999994,251.59999999999994,251.16999999999993,251.16999999999993,2107
2026-03-23T16:00:00+00:00,251.16999999999993,251.98999999999992,251.14999999999992,251.58999999999995,2167
2026-03-23T16:05:00+00:00,251.58999999999995,251.99999999999994,251.48999999999992,251.84999999999994,1697
2026-03-23T16:10:00+00:00,251.84999999999994,252.02999999999994,251.70999999999992,251.77999999999994,1526
2026-03-23T16:15:00+00:00,251.77999999999994,251.98999999999992,251.19999999999993,251.25999999999993,1327
2026-03-23T16:20:00+00:00,251.25999999999993,251.52999999999994,250.83999999999995,250.91999999999993,1452
2026-03-23T16:25:00+00:00,250.91999999999993,250.94999999999993,250.23999999999992,250.42999999999992,1345
2026-03-23T16:30:00+00:00,250.42999999999992,250.80999999999995,250.24999999999994,250.75999999999993,1719
2026-03-23T16:35:00+00:00,250.75999999999993,251.35999999999993,250.64999999999992,250.96999999999994,1687
2026-03-23T16:40:00+00:00,250.96999999999994,251.24999999999994,250.82999999999993,251.04999999999993,1374
2026-03-23T16:45:00+00:00,251.04999999999993,251.31999999999994,250.81999999999994,251.10999999999993,1684
2026-03-23T16:50:00+00:00,251.10999999999993,251.19999999999993,250.56999999999994,250.83999999999995,1499
2026-03-23T16:55:00+00:00,250.83999999999995,251.09999999999994,250.48999999999992,250.68999999999994,1180
2026-03-23T17:00:00+00:00,250.68999999999994,250.91999999999993,250.21999999999994,250.21999999999994,1386
2026-03-23T17:05:00+00:00,250.21999999999994,250.68999999999994,250.16999999999993,250.59999999999994,1337
2026-03-23T17:10:00+00:00,250.59999999999994,250.80999999999995,250.11999999999995,250.17999999999992,1100
2026-03-23T17:15:00+00:00,250.17999999999992,250.37999999999994,249.97999999999993,250.29999999999993,1197
2026-03-23T17:20:00+00:00,250.29999999999993,250.38999999999993,249.89999999999992,250.28999999999994,1093
2026-03-23T17:25:00+00:00,250.28999999999994,250.74999999999994,250.24999999999994,250.53999999999994,1004
2026-03-23T17:30:00+00:00,250.53999999999994,251.13999999999993,250.49999999999994,251.02999999999994,1134
2026-03-23T17:35:00+00:00,251.02999999999994,251.28999999999994,250.89999999999992,251.17999999999992,1410
2026-03-23T17:40:00+00:00,251.17999999999992,251.17999999999992,250.55999999999995,250.67999999999992,1233
2026-03-23T17:45:00+00:00,250.67999999999992,250.86999999999995,250.56999999999994,250.77999999999994,1165
2026-03-23T17:50:00+00:00,250.77999999999994,251.28999999999994,250.73999999999992,251.12999999999994,853
2026-03-23T17:55:00+00:00,251.12999999999994,251.55999999999995,251.08999999999995,251.51999999999992,960
2026-03-23T18:00:00+00:00,251.51999999999992,251.62999999999994,251.19999999999993,251.38999999999993,923
2026-03-23T18:05:00+00:00,251.38999999999993,251.45999999999992,250.73999999999992,251.06999999999994,1348
2026-03-23T18:10:00+00:00,251.06999999999994,251.26999999999992,251.00999999999993,251.00999999999993,1041
2026-03-23T18:15:00+00:00,251.00999999999993,251.15999999999994,250.77999999999994,250.94999999999993,1194
2026-03-23T18:20:00+00:00,250.94999999999993,251.03999999999994,250.81999999999994,250.94999999999993,1015
2026-03-23T18:25:00+00:00,250.94999999999993,251.19999999999993,250.90999999999994,250.91999999999993,970
2026-03-23T18:30:00+00:00,250.91999999999993,251.48999999999992,250.91999999999993,251.42999999999992,942
2026-03-23T18:35:00+00:00,251.42999999999992,251.75999999999993,251.17999999999992,251.30999999999995,1298
2026-03-23T18:40:00+00:00,251.30999999999995,251.52999999999994,251.17999999999992,251.38999999999993,995
2026-03-23T18:45:00+00:00,251.38999999999993,251.87999999999994,251.37999999999994,251.80999999999995,742
2026-03-23T18:50:00+00:00,251.80999999999995,251.87999999999994,251.44999999999993,251.80999999999995,800
2026-03-23T18:55:00+00:00,251.80999999999995,252.04999999999993,251.78999999999994,251.91999999999993,594
2026-03-23T19:00:00+00:00,251.91999999999993,252.00999999999993,251.80999999999995,251.83999999999995,1021
2026-03-23T19:05:00+00:00,251.83999999999995,251.96999999999994,251.49999999999994,251.63999999999993,950
2026-03-23T19:10:00+00:00,251.63999999999993,251.70999999999992,251.44999999999993,251.58999999999995,831
2026-03-23T19:15:00+00:00,251.58999999999995,251.62999999999994,251.40999999999994,251.59999999999994,848
2026-03-23T19:20:00+00:00,251.59999999999994,251.65999999999994,251.43999999999994,251.53999999999994,798
2026-03-23T19:25:00+00:00,251.53999999999994,251.62999999999994,251.24999999999994,251.40999999999994,939
2026-03-23T19:30:00+00:00,251.40999999999994,251.59999999999994,251.33999999999995,251.48999999999992,877
2026-03-23T19:35:00+00:00,251.48999999999992,251.74999999999994,251.43999999999994,251.68999999999994,916
2026-03-23T19:40:00+00:00,251.68999999999994,252.04999999999993,251.60999999999993,252.03999999999994,960
2026-03-23T19:45:00+00:00,252.03999999999994,252.16999999999993,251.94999999999993,252.09999999999994,1279
2026-03-23T19:50:00+00:00,252.09999999999994,252.11999999999995,251.14999999999992,251.16999999999993,1718
2026-03-23T19:55:00+00:00,251.16999999999993,251.53999999999994,250.55999999999995,251.09999999999994,1949
2026-03-24T13:30:00+00:00,251.09999999999994,251.09999999999994,249.18999999999994,250.92999999999992,770
2026-03-24T13:35:00+00:00,250.92999999999992,251.60999999999993,250.35999999999993,250.91999999999993,1169
2026-03-24T13:40:00+00:00,250.91999999999993,251.66999999999993,250.65999999999994,251.26999999999992,1261
2026-03-24T13:45:00+00:00,251.26999999999992,251.76999999999992,250.93999999999994,251.29999999999993,1876
2026-03-24T13:50:00+00:00,251.29999999999993,251.71999999999994,250.77999999999994,250.84999999999994,2207
2026-03-24T13:55:00+00:00,250.84999999999994,251.56999999999994,250.79999999999993,251.24999999999994,2003
2026-03-24T14:00:00+00:00,251.24999999999994,251.88999999999993,251.16999999999993,251.78999999999994,1976
2026-03-24T14:05:00+00:00,251.78999999999994,252.67999999999992,251.64999999999992,252.60999999999993,1455
2026-03-24T14:10:00+00:00,252.60999999999993,252.72999999999993,252.07999999999993,252.35999999999993,1582
2026-03-24T14:15:00+00:00,252.35999999999993,252.54999999999993,251.87999999999994,252.20999999999992,1860
2026-03-24T14:20:00+00:00,252.20999999999992,252.59999999999994,252.08999999999995,252.18999999999994,1745
2026-03-24T14:25:00+00:00,252.18999999999994,252.75999999999993,251.97999999999993,252.07999999999993,1679
2026-03-24T14:30:00+00:00,252.07999999999993,252.47999999999993,252.00999999999993,252.26999999999992,1632
2026-03-24T14:35:00+00:00,252.26999999999992,252.37999999999994,251.70999999999992,251.97999999999993,1831
2026-03-24T14:40:00+00:00,251.97999999999993,252.20999999999992,251.84999999999994,252.05999999999995,1445
2026-03-24T14:45:00+00:00,252.05999999999995,252.35999999999993,251.89999999999992,252.01999999999992,1757
2026-03-24T14:50:00+00:00,252.01999999999992,252.92999999999992,251.84999999999994,252.48999999999992,2690
2026-03-24T14:55:00+00:00,252.48999999999992,252.80999999999995,251.36999999999995,251.69999999999993,2601
2026-03-24T15:00:00+00:00,251.69999999999993,252.53999999999994,251.63999999999993,252.30999999999995,2095
2026-03-24T15:05:00+00:00,252.30999999999995,253.03999999999994,252.23999999999992,252.90999999999994,1478
2026-03-24T15:10:00+00:00,252.90999999999994,253.42999999999992,252.78999999999994,253.37999999999994,1161
2026-03-24T15:15:00+00:00,253.37999999999994,253.78999999999994,253.33999999999995,253.58999999999995,1030
2026-03-24T15:20:00+00:00,253.58999999999995,253.61999999999995,253.24999999999994,253.44999999999993,1308
2026-03-24T15:25:00+00:00,253.44999999999993,253.66999999999993,253.25999999999993,253.57999999999993,968
2026-03-24T15:30:00+00:00,253.57999999999993,253.95999999999992,253.43999999999994,253.69999999999993,1112
2026-03-24T15:35:00+00:00,253.69999999999993,253.86999999999995,253.56999999999994,253.74999999999994,899
2026-03-24T15:40:00+00:00,253.74999999999994,253.93999999999994,253.64999999999992,253.84999999999994,1027
2026-03-24T15:45:00+00:00,253.84999999999994,254.10999999999993,253.79999999999993,254.09999999999994,875
2026-03-24T15:50:00+00:00,254.09999999999994,254.31999999999994,253.71999999999994,253.73999999999992,838
2026-03-24T15:55:00+00:00,253.73999999999992,253.74999999999994,253.27999999999994,253.50999999999993,1341
2026-03-24T16:00:00+00:00,253.50999999999993,253.60999999999993,253.10999999999993,253.11999999999995,1262
2026-03-24T16:05:00+00:00,253.11999999999995,253.29999999999993,253.02999999999994,253.28999999999994,972
2026-03-24T16:10:00+00:00,253.28999999999994,253.29999999999993,252.99999999999994,253.17999999999992,1122
2026-03-24T16:15:00+00:00,253.17999999999992,253.83999999999995,253.13999999999993,253.83999999999995,956
2026-03-24T16:20:00+00:00,253.83999999999995,254.30999999999995,253.63999999999993,254.19999999999993,1053
2026-03-24T16:25:00+00:00,254.19999999999993,254.46999999999994,253.98999999999992,254.22999999999993,1062
2026-03-24T16:30:00+00:00,254.22999999999993,254.34999999999994,253.89999999999992,253.89999999999992,944
2026-03-24T16:35:00+00:00,253.89999999999992,253.94999999999993,253.28999999999994,253.30999999999995,1107
2026-03-24T16:40:00+00:00,253.30999999999995,253.44999999999993,253.14999999999992,253.25999999999993,1014
2026-03-24T16:45:00+00:00,253.25999999999993,253.52999999999994,253.13999999999993,253.24999999999994,845
2026-03-24T16:50:00+00:00,253.24999999999994,253.43999999999994,253.18999999999994,253.18999999999994,785
2026-03-24T16:55:00+00:00,253.18999999999994,253.38999999999993,252.98999999999992,253.27999999999994,938
2026-03-24T17:00:00+00:00,253.27999999999994,253.46999999999994,252.80999999999995,252.87999999999994,1067
2026-03-24T17:05:00+00:00,252.87999999999994,252.88999999999993,252.45999999999992,252.67999999999992,1840
2026-03-24T17:10:00+00:00,252.67999999999992,252.83999999999995,252.47999999999993,252.63999999999993,1150
2026-03-24T17:15:00+00:00,252.63999999999993,252.65999999999994,252.38999999999993,252.45999999999992,1082
2026-03-24T17:20:00+00:00,252.45999999999992,252.69999999999993,252.37999999999994,252.56999999999994,1165
2026-03-24T17:25:00+00:00,252.56999999999994,252.71999999999994,252.39999999999992,252.64999999999992,1086
2026-03-24T17:30:00+00:00,252.64999999999992,253.15999999999994,252.57999999999993,252.60999999999993,1022
2026-03-24T17:35:00+00:00,252.60999999999993,252.69999999999993,252.39999999999992,252.48999999999992,1229
2026-03-24T17:40:00+00:00,252.48999999999992,252.56999999999994,251.90999999999994,252.01999999999992,1262
2026-03-24T17:45:00+00:00,252.01999999999992,252.19999999999993,251.93999999999994,252.06999999999994,972
2026-03-24T17:50:00+00:00,252.06999999999994,252.46999999999994,251.99999999999994,252.41999999999993,1055
2026-03-24T17:55:00+00:00,252.41999999999993,252.87999999999994,252.33999999999995,252.84999999999994,1984
2026-03-24T18:00:00+00:00,252.84999999999994,253.11999999999995,252.49999999999994,252.54999999999993,1578
2026-03-24T18:05:00+00:00,252.54999999999993,252.65999999999994,252.33999999999995,252.38999999999993,1045
2026-03-24T18:10:00+00:00,252.38999999999993,252.53999999999994,252.26999999999992,252.33999999999995,879
2026-03-24T18:15:00+00:00,252.33999999999995,252.41999999999993,251.99999999999994,252.34999999999994,1105
2026-03-24T18:20:00+00:00,252.34999999999994,252.40999999999994,252.03999999999994,252.16999999999993,945
2026-03-24T18:25:00+00:00,252.16999999999993,252.49999999999994,252.06999999999994,252.16999999999993,986
2026-03-24T18:30:00+00:00,252.16999999999993,252.46999999999994,251.99999999999994,252.09999999999994,1153
2026-03-24T18:35:00+00:00,252.09999999999994,252.66999999999993,252.07999999999993,252.61999999999995,1190
2026-03-24T18:40:00+00:00,252.61999999999995,252.62999999999994,251.83999999999995,252.08999999999995,1340
2026-03-24T18:45:00+00:00,252.08999999999995,252.31999999999994,251.84999999999994,252.11999999999995,1002
2026-03-24T18:50:00+00:00,252.11999999999995,252.40999999999994,252.03999999999994,252.13999999999993,891
2026-03-24T18:55:00+00:00,252.13999999999993,252.19999999999993,251.87999999999994,252.05999999999995,736
2026-03-24T19:00:00+00:00,252.05999999999995,252.53999999999994,252.03999999999994,252.31999999999994,1028
2026-03-24T19:05:00+00:00,252.31999999999994,252.62999999999994,252.15999999999994,252.55999999999995,812
2026-03-24T19:10:00+00:00,252.55999999999995,252.78999999999994,252.54999999999993,252.72999999999993,790
2026-03-24T19:15:00+00:00,252.72999999999993,252.72999999999993,252.28999999999994,252.36999999999995,860
2026-03-24T19:20:00+00:00,252.36999999999995,252.40999999999994,252.10999999999993,252.18999999999994,745
2026-03-24T19:25:00+00:00,252.18999999999994,252.22999999999993,251.67999999999992,251.71999999999994,798
2026-03-24T19:30:00+00:00,251.71999999999994,251.77999999999994,251.26999999999992,251.35999999999993,1022
2026-03-24T19:35:00+00:00,251.35999999999993,251.42999999999992,251.00999999999993,251.03999999999994,941
2026-03-24T19:40:00+00:00,251.03999999999994,251.30999999999995,250.90999999999994,251.11999999999995,1253
2026-03-24T19:45:00+00:00,251.11999999999995,251.18999999999994,250.84999999999994,251.14999999999992,1175
2026-03-24T19:50:00+00:00,251.14999999999992,251.25999999999993,250.90999999999994,251.25999999999993,1317
2026-03-24T19:55:00+00:00,251.25999999999993,251.41999999999993,250.90999999999994,251.41999999999993,1728
2026-03-25T13:30:00+00:00,251.41999999999993,254.56999999999994,251.41999999999993,253.55999999999995,1629
2026-03-25T13:35:00+00:00,253.55999999999995,254.52999999999994,253.55999999999995,253.65999999999994,1531
2026-03-25T13:40:00+00:00,253.65999999999994,253.76999999999992,253.13999999999993,253.15999999999994,1724
2026-03-25T13:45:00+00:00,253.15999999999994,253.21999999999994,252.00999999999993,252.02999999999994,1916
2026-03-25T13:50:00+00:00,252.02999999999994,252.45999999999992,251.84999999999994,251.97999999999993,2171
2026-03-25T13:55:00+00:00,251.97999999999993,252.17999999999992,251.43999999999994,251.50999999999993,2020
2026-03-25T14:00:00+00:00,251.50999999999993,251.86999999999995,251.22999999999993,251.65999999999994,2097
2026-03-25T14:05:00+00:00,251.65999999999994,251.91999999999993,251.53999999999994,251.83999999999995,2032
2026-03-25T14:10:00+00:00,251.83999999999995,252.46999999999994,251.73999999999992,252.40999999999994,1733
2026-03-25T14:15:00+00:00,252.40999999999994,252.51999999999992,252.08999999999995,252.20999999999992,1724
2026-03-25T14:20:00+00:00,252.20999999999992,252.38999999999993,251.83999999999995,251.88999999999993,1787
2026-03-25T14:25:00+00:00,251.88999999999993,252.58999999999995,251.78999999999994,252.44999999999993,2400
2026-03-25T14:30:00+00:00,252.44999999999993,252.72999999999993,252.15999999999994,252.72999999999993,2175
2026-03-25T14:35:00+00:00,252.72999999999993,252.79999999999993,252.41999999999993,252.52999999999994,2063
2026-03-25T14:40:00+00:00,252.52999999999994,252.99999999999994,252.42999999999992,252.90999999999994,1802
2026-03-25T14:45:00+00:00,252.90999999999994,253.18999999999994,252.88999999999993,253.14999999999992,1609
2026-03-25T14:50:00+00:00,253.14999999999992,253.30999999999995,253.04999999999993,253.07999999999993,1578
2026-03-25T14:55:00+00:00,253.07999999999993,253.22999999999993,252.94999999999993,253.04999999999993,1504
2026-03-25T15:00:00+00:00,253.04999999999993,253.28999999999994,252.96999999999994,253.14999999999992,1568
2026-03-25T15:05:00+00:00,253.14999999999992,253.22999999999993,252.73999999999992,253.07999999999993,1640
2026-03-25T15:10:00+00:00,253.07999999999993,253.58999999999995,253.03999999999994,253.39999999999992,1900
2026-03-25T15:15:00+00:00,253.39999999999992,253.55999999999995,252.61999999999995,253.39999999999992,2934
2026-03-25T15:20:00+00:00,253.39999999999992,253.88999999999993,253.13999999999993,253.72999999999993,2301
2026-03-25T15:25:00+00:00,253.72999999999993,253.91999999999993,253.44999999999993,253.87999999999994,1873
2026-03-25T15:30:00+00:00,253.87999999999994,254.10999999999993,253.73999999999992,253.88999999999993,1538
2026-03-25T15:35:00+00:00,253.88999999999993,253.89999999999992,253.57999999999993,253.64999999999992,1475
2026-03-25T15:40:00+00:00,253.64999999999992,253.71999999999994,253.24999999999994,253.34999999999994,1431
2026-03-25T15:45:00+00:00,253.34999999999994,253.49999999999994,253.23999999999992,253.31999999999994,1277
2026-03-25T15:50:00+00:00,253.31999999999994,253.57999999999993,252.99999999999994,253.13999999999993,1367
2026-03-25T15:55:00+00:00,253.13999999999993,253.40999999999994,252.84999999999994,253.14999999999992,1666
2026-03-25T16:00:00+00:00,253.14999999999992,253.14999999999992,252.83999999999995,252.84999999999994,1578
2026-03-25T16:05:00+00:00,252.84999999999994,253.20999999999992,252.70999999999992,253.09999999999994,1529
2026-03-25T16:10:00+00:00,253.09999999999994,253.16999999999993,252.95999999999992,253.14999999999992,1226
2026-03-25T16:15:00+00:00,253.14999999999992,253.23999999999992,253.03999999999994,253.09999999999994,1191
2026-03-25T16:20:00+00:00,253.09999999999994,253.64999999999992,253.03999999999994,253.64999999999992,1442
2026-03-25T16:25:00+00:00,253.64999999999992,253.77999999999994,253.38999999999993,253.59999999999994,2065
2026-03-25T16:30:00+00:00,253.59999999999994,254.29999999999993,253.44999999999993,254.11999999999995,1373
2026-03-25T16:35:00+00:00,254.11999999999995,254.21999999999994,253.87999999999994,254.03999999999994,1149
2026-03-25T16:40:00+00:00,254.03999999999994,254.04999999999993,253.78999999999994,253.87999999999994,969
2026-03-25T16:45:00+00:00,253.87999999999994,253.97999999999993,253.77999999999994,253.82999999999993,1001
2026-03-25T16:50:00+00:00,253.82999999999993,253.92999999999992,253.64999999999992,253.90999999999994,1013
2026-03-25T16:55:00+00:00,253.90999999999994,254.03999999999994,253.72999999999993,253.84999999999994,860
2026-03-25T17:00:00+00:00,253.84999999999994,254.04999999999993,253.53999999999994,253.88999999999993,1264
2026-03-25T17:05:00+00:00,253.88999999999993,253.90999999999994,253.46999999999994,253.49999999999994,1210
2026-03-25T17:10:00+00:00,253.49999999999994,253.84999999999994,253.41999999999993,253.63999999999993,1090
2026-03-25T17:15:00+00:00,253.63999999999993,253.65999999999994,253.35999999999993,253.55999999999995,1142
2026-03-25T17:20:00+00:00,253.55999999999995,253.64999999999992,253.48999999999992,253.57999999999993,994
2026-03-25T17:25:00+00:00,253.57999999999993,253.95999999999992,253.53999999999994,253.76999999999992,1013
2026-03-25T17:30:00+00:00,253.76999999999992,253.92999999999992,253.60999999999993,253.80999999999995,985
2026-03-25T17:35:00+00:00,253.80999999999995,253.92999999999992,253.66999999999993,253.79999999999993,895
2026-03-25T17:40:00+00:00,253.79999999999993,254.14999999999992,253.68999999999994,254.03999999999994,1215
2026-03-25T17:45:00+00:00,254.03999999999994,254.04999999999993,253.62999999999994,253.65999999999994,1327
2026-03-25T17:50:00+00:00,253.65999999999994,253.88999999999993,253.47999999999993,253.53999999999994,1324
2026-03-25T17:55:00+00:00,253.53999999999994,253.97999999999993,253.46999999999994,253.59999999999994,1374
2026-03-25T18:00:00+00:00,253.59999999999994,253.68999999999994,253.46999999999994,253.54999999999993,1075
2026-03-25T18:05:00+00:00,253.54999999999993,253.77999999999994,253.35999999999993,253.55999999999995,972
2026-03-25T18:10:00+00:00,253.55999999999995,253.75999999999993,253.52999999999994,253.72999999999993,870
2026-03-25T18:15:00+00:00,253.72999999999993,253.85999999999993,253.61999999999995,253.66999999999993,950
2026-03-25T18:20:00+00:00,253.66999999999993,253.87999999999994,253.64999999999992,253.82999999999993,787
2026-03-25T18:25:00+00:00,253.82999999999993,253.86999999999995,253.56999999999994,253.59999999999994,956
2026-03-25T18:30:00+00:00,253.59999999999994,253.69999999999993,253.51999999999992,253.60999999999993,994
2026-03-25T18:35:00+00:00,253.60999999999993,253.60999999999993,253.22999999999993,253.31999999999994,891
2026-03-25T18:40:00+00:00,253.31999999999994,253.32999999999993,253.09999999999994,253.09999999999994,899
2026-03-25T18:45:00+00:00,253.09999999999994,253.16999999999993,252.73999999999992,252.80999999999995,921
2026-03-25T18:50:00+00:00,252.80999999999995,253.02999999999994,252.67999999999992,252.95999999999992,901
2026-03-25T18:55:00+00:00,252.95999999999992,252.99999999999994,252.30999999999995,252.41999999999993,1862
2026-03-25T19:00:00+00:00,252.41999999999993,252.41999999999993,251.88999999999993,252.17999999999992,2050
2026-03-25T19:05:00+00:00,252.17999999999992,252.42999999999992,252.16999999999993,252.30999999999995,1704
2026-03-25T19:10:00+00:00,252.30999999999995,252.51999999999992,252.23999999999992,252.43999999999994,1542
2026-03-25T19:15:00+00:00,252.43999999999994,252.66999999999993,252.38999999999993,252.56999999999994,1640
2026-03-25T19:20:00+00:00,252.56999999999994,252.67999999999992,252.30999999999995,252.39999999999992,1551
2026-03-25T19:25:00+00:00,252.39999999999992,252.45999999999992,252.19999999999993,252.26999999999992,1729
2026-03-25T19:30:00+00:00,252.26999999999992,252.30999999999995,251.96999999999994,251.97999999999993,1392
2026-03-25T19:35:00+00:00,251.97999999999993,252.03999999999994,251.68999999999994,251.76999999999992,1444
2026-03-25T19:40:00+00:00,251.76999999999992,251.91999999999993,251.69999999999993,251.82999999999993,1457
2026-03-25T19:45:00+00:00,251.82999999999993,251.86999999999995,251.63999999999993,251.81999999999994,1360
2026-03-25T19:50:00+00:00,251.81999999999994,252.34999999999994,251.79999999999993,252.10999999999993,1485
2026-03-25T19:55:00+00:00,252.10999999999993,252.44999999999993,251.87999999999994,252.34999999999994,1763
2026-03-26T13:30:00+00:00,252.34999999999994,252.34999999999994,250.13999999999993,251.38999999999993,796
2026-03-26T13:35:00+00:00,251.38999999999993,251.46999999999994,250.87999999999994,250.90999999999994,982
2026-03-26T13:40:00+00:00,250.90999999999994,251.54999999999993,250.83999999999995,251.42999999999992,1826
2026-03-26T13:45:00+00:00,251.42999999999992,252.09999999999994,251.36999999999995,251.95999999999992,2003
2026-03-26T13:50:00+00:00,251.95999999999992,252.58999999999995,251.81999999999994,252.50999999999993,2022
2026-03-26T13:55:00+00:00,252.50999999999993,253.46999999999994,252.33999999999995,253.41999999999993,1959
2026-03-26T14:00:00+00:00,253.41999999999993,254.22999999999993,253.07999999999993,254.18999999999994,2201
2026-03-26T14:05:00+00:00,254.18999999999994,254.42999999999992,253.50999999999993,253.84999999999994,1990
2026-03-26T14:10:00+00:00,253.84999999999994,254.74999999999994,253.84999999999994,254.65999999999994,1515
2026-03-26T14:15:00+00:00,254.65999999999994,255.19999999999993,254.43999999999994,254.72999999999993,1790
2026-03-26T14:20:00+00:00,254.72999999999993,255.82999999999993,254.55999999999995,255.63999999999993,1491
2026-03-26T14:25:00+00:00,255.63999999999993,255.87999999999994,255.33999999999995,255.53999999999994,1217
2026-03-26T14:30:00+00:00,255.53999999999994,255.81999999999994,255.41999999999993,255.65999999999994,1222
2026-03-26T14:35:00+00:00,255.65999999999994,255.87999999999994,255.44999999999993,255.83999999999992,996
2026-03-26T14:40:00+00:00,255.83999999999992,256.35999999999996,255.45999999999992,256.0199999999999,2092
2026-03-26T14:45:00+00:00,256.0199999999999,256.49999999999994,255.56999999999994,255.80999999999995,1996
2026-03-26T14:50:00+00:00,255.80999999999995,256.13999999999993,255.53999999999994,255.57999999999993,1713
2026-03-26T14:55:00+00:00,255.57999999999993,256.19999999999993,255.14999999999992,256.0299999999999,1735
2026-03-26T15:00:00+00:00,256.0299999999999,256.61999999999995,255.88999999999993,255.9099999999999,1648
2026-03-26T15:05:00+00:00,255.9099999999999,256.3499999999999,255.65999999999994,256.06999999999994,1516
2026-03-26T15:10:00+00:00,256.06999999999994,256.19999999999993,255.75999999999993,255.80999999999995,881
2026-03-26T15:15:00+00:00,255.80999999999995,255.87999999999994,255.41999999999993,255.46999999999994,841
2026-03-26T15:20:00+00:00,255.46999999999994,255.7899999999999,255.43999999999994,255.61999999999995,852
2026-03-26T15:25:00+00:00,255.61999999999995,255.64999999999992,255.18999999999994,255.29999999999993,835
2026-03-26T15:30:00+00:00,255.29999999999993,255.49999999999994,255.19999999999993,255.44999999999993,789
2026-03-26T15:35:00+00:00,255.44999999999993,256.23999999999995,255.44999999999993,256.2099999999999,952
2026-03-26T15:40:00+00:00,256.2099999999999,256.3399999999999,255.7899999999999,255.87999999999994,946
2026-03-26T15:45:00+00:00,255.87999999999994,256.13999999999993,255.66999999999993,256.0299999999999,1391
2026-03-26T15:50:00+00:00,256.0299999999999,256.37999999999994,255.91999999999996,256.13999999999993,1085
2026-03-26T15:55:00+00:00,256.13999999999993,256.2199999999999,255.9099999999999,256.11999999999995,1077
2026-03-26T16:00:00+00:00,256.11999999999995,256.3399999999999,256.0199999999999,256.04999999999995,827
2026-03-26T16:05:00+00:00,256.04999999999995,256.11999999999995,255.74999999999994,255.75999999999993,814
2026-03-26T16:10:00+00:00,255.75999999999993,255.83999999999992,255.34999999999994,255.75999999999993,744
2026-03-26T16:15:00+00:00,255.75999999999993,255.89999999999992,255.14999999999992,255.83999999999992,1199
2026-03-26T16:20:00+00:00,255.83999999999992,255.9699999999999,255.40999999999994,255.92999999999995,1065
2026-03-26T16:25:00+00:00,255.92999999999995,255.97999999999996,255.46999999999994,255.72999999999993,1057
2026-03-26T16:30:00+00:00,255.72999999999993,255.73999999999992,255.23999999999992,255.55999999999995,1059
2026-03-26T16:35:00+00:00,255.55999999999995,255.74999999999994,255.32999999999993,255.47999999999993,966
2026-03-26T16:40:00+00:00,255.47999999999993,256.0299999999999,255.40999999999994,255.86999999999995,972
2026-03-26T16:45:00+00:00,255.86999999999995,255.93999999999994,255.46999999999994,255.48999999999992,1039
2026-03-26T16:50:00+00:00,255.48999999999992,255.8499999999999,255.48999999999992,255.71999999999994,831
2026-03-26T16:55:00+00:00,255.71999999999994,255.9699999999999,255.65999999999994,255.89999999999992,750
2026-03-26T17:00:00+00:00,255.89999999999992,256.0799999999999,255.77999999999992,255.88999999999993,926
2026-03-26T17:05:00+00:00,255.88999999999993,255.97999999999996,255.53999999999994,255.57999999999993,691
2026-03-26T17:10:00+00:00,255.57999999999993,255.57999999999993,254.78999999999994,254.89999999999992,941
2026-03-26T17:15:00+00:00,254.89999999999992,254.93999999999994,254.72999999999993,254.81999999999994,877
2026-03-26T17:20:00+00:00,254.81999999999994,254.86999999999995,254.19999999999993,254.32999999999993,851
2026-03-26T17:25:00+00:00,254.32999999999993,254.78999999999994,254.21999999999994,254.58999999999995,795
2026-03-26T17:30:00+00:00,254.58999999999995,254.69999999999993,254.09999999999994,254.13999999999993,836
2026-03-26T17:35:00+00:00,254.13999999999993,254.31999999999994,253.90999999999994,254.04999999999993,669
2026-03-26T17:40:00+00:00,254.04999999999993,254.09999999999994,253.76999999999992,253.85999999999993,785
2026-03-26T17:45:00+00:00,253.85999999999993,254.02999999999994,253.75999999999993,253.90999999999994,845
2026-03-26T17:50:00+00:00,253.90999999999994,253.93999999999994,253.56999999999994,253.63999999999993,1166
2026-03-26T17:55:00+00:00,253.63999999999993,253.87999999999994,253.26999999999992,253.41999999999993,1046
2026-03-26T18:00:00+00:00,253.41999999999993,254.33999999999995,253.35999999999993,253.94999999999993,1223
2026-03-26T18:05:00+00:00,253.94999999999993,254.55999999999995,253.84999999999994,254.37999999999994,1188
2026-03-26T18:10:00+00:00,254.37999999999994,254.71999999999994,253.25999999999993,253.27999999999994,987
2026-03-26T18:15:00+00:00,253.27999999999994,253.46999999999994,253.00999999999993,253.26999999999992,917
2026-03-26T18:20:00+00:00,253.26999999999992,253.41999999999993,253.04999999999993,253.14999999999992,806
2026-03-26T18:25:00+00:00,253.14999999999992,253.55999999999995,253.07999999999993,253.46999999999994,773
2026-03-26T18:30:00+00:00,253.46999999999994,253.79999999999993,253.43999999999994,253.73999999999992,720
2026-03-26T18:35:00+00:00,253.73999999999992,254.05999999999995,253.63999999999993,254.02999999999994,746
2026-03-26T18:40:00+00:00,254.02999999999994,254.13999999999993,253.57999999999993,253.74999999999994,666
2026-03-26T18:45:00+00:00,253.74999999999994,254.02999999999994,253.66999999999993,253.85999999999993,448
2026-03-26T18:50:00+00:00,253.85999999999993,254.01999999999992,253.68999999999994,253.89999999999992,488
2026-03-26T18:55:00+00:00,253.89999999999992,254.00999999999993,253.69999999999993,253.96999999999994,454
2026-03-26T19:00:00+00:00,253.96999999999994,254.10999999999993,253.58999999999995,253.62999999999994,870
2026-03-26T19:05:00+00:00,253.62999999999994,253.72999999999993,253.33999999999995,253.49999999999994,968
2026-03-26T19:10:00+00:00,253.49999999999994,253.60999999999993,253.39999999999992,253.42999999999992,1081
2026-03-26T19:15:00+00:00,253.42999999999992,253.68999999999994,253.35999999999993,253.47999999999993,917
2026-03-26T19:20:00+00:00,253.47999999999993,253.47999999999993,252.86999999999995,252.89999999999992,795
2026-03-26T19:25:00+00:00,252.89999999999992,253.32999999999993,252.78999999999994,253.31999999999994,851
2026-03-26T19:30:00+00:00,253.31999999999994,253.34999999999994,252.65999999999994,252.67999999999992,948
2026-03-26T19:35:00+00:00,252.67999999999992,252.71999999999994,252.01999999999992,252.05999999999995,1061
2026-03-26T19:40:00+00:00,252.05999999999995,252.26999999999992,251.95999999999992,252.20999999999992,1169
2026-03-26T19:45:00+00:00,252.20999999999992,252.61999999999995,252.19999999999993,252.43999999999994,1202
2026-03-26T19:50:00+00:00,252.43999999999994,252.55999999999995,251.64999999999992,251.90999999999994,1492
2026-03-26T19:55:00+00:00,251.90999999999994,252.84999999999994,251.73999999999992,252.61999999999995,1658
2026-03-27T13:30:00+00:00,252.61999999999995,254.67999999999992,252.54999999999993,252.73999999999992,1051
2026-03-27T13:35:00+00:00,252.73999999999992,253.82999999999993,252.39999999999992,253.61999999999995,1216
2026-03-27T13:40:00+00:00,253.61999999999995,253.97999999999993,253.16999999999993,253.61999999999995,1315
2026-03-27T13:45:00+00:00,253.61999999999995,254.95999999999992,253.60999999999993,254.31999999999994,1701
2026-03-27T13:50:00+00:00,254.31999999999994,254.80999999999995,253.94999999999993,254.49999999999994,1883
2026-03-27T13:55:00+00:00,254.49999999999994,254.84999999999994,253.90999999999994,254.55999999999995,1751
2026-03-27T14:00:00+00:00,254.55999999999995,254.70999999999992,254.01999999999992,254.06999999999994,2010
2026-03-27T14:05:00+00:00,254.06999999999994,254.49999999999994,253.65999999999994,254.19999999999993,1671
2026-03-27T14:10:00+00:00,254.19999999999993,255.09999999999994,253.98999999999992,254.31999999999994,1631
2026-03-27T14:15:00+00:00,254.31999999999994,254.75999999999993,253.98999999999992,254.45999999999992,1549
2026-03-27T14:20:00+00:00,254.45999999999992,254.91999999999993,253.55999999999995,254.09999999999994,1602
2026-03-27T14:25:00+00:00,254.09999999999994,254.41999999999993,253.93999999999994,254.06999999999994,1411
2026-03-27T14:30:00+00:00,254.06999999999994,254.31999999999994,253.73999999999992,253.75999999999993,1317
2026-03-27T14:35:00+00:00,253.75999999999993,253.88999999999993,252.74999999999994,252.89999999999992,1458
2026-03-27T14:40:00+00:00,252.89999999999992,252.99999999999994,251.94999999999993,252.10999999999993,1336
2026-03-27T14:45:00+00:00,252.10999999999993,252.33999999999995,251.40999999999994,252.24999999999994,1609
2026-03-27T14:50:00+00:00,252.24999999999994,252.89999999999992,252.18999999999994,252.52999999999994,1337
2026-03-27T14:55:00+00:00,252.52999999999994,253.10999999999993,252.49999999999994,252.89999999999992,1150
2026-03-27T15:00:00+00:00,252.89999999999992,253.05999999999995,252.73999999999992,252.79999999999993,1373
2026-03-27T15:05:00+00:00,252.79999999999993,253.00999999999993,252.36999999999995,252.41999999999993,1505
2026-03-27T15:10:00+00:00,252.41999999999993,252.46999999999994,251.73999999999992,251.82999999999993,1112
2026-03-27T15:15:00+00:00,251.82999999999993,252.08999999999995,251.57999999999993,251.86999999999995,1287
2026-03-27T15:20:00+00:00,251.86999999999995,252.39999999999992,251.69999999999993,251.95999999999992,1720
2026-03-27T15:25:00+00:00,251.95999999999992,252.31999999999994,251.90999999999994,252.25999999999993,1584
2026-03-27T15:30:00+00:00,252.25999999999993,252.72999999999993,251.95999999999992,252.64999999999992,1380
2026-03-27T15:35:00+00:00,252.64999999999992,252.87999999999994,252.03999999999994,252.09999999999994,1306
2026-03-27T15:40:00+00:00,252.09999999999994,252.31999999999994,251.74999999999994,252.18999999999994,1113
2026-03-27T15:45:00+00:00,252.18999999999994,252.30999999999995,251.93999999999994,252.00999999999993,1053
2026-03-27T15:50:00+00:00,252.00999999999993,252.43999999999994,251.94999999999993,252.15999999999994,977
2026-03-27T15:55:00+00:00,252.15999999999994,252.53999999999994,252.12999999999994,252.35999999999993,828
2026-03-27T16:00:00+00:00,252.35999999999993,252.52999999999994,252.17999999999992,252.42999999999992,855
2026-03-27T16:05:00+00:00,252.42999999999992,252.45999999999992,251.88999999999993,252.04999999999993,853
2026-03-27T16:10:00+00:00,252.04999999999993,252.46999999999994,251.87999999999994,252.33999999999995,953
2026-03-27T16:15:00+00:00,252.33999999999995,252.35999999999993,251.83999999999995,251.90999999999994,838
2026-03-27T16:20:00+00:00,251.90999999999994,252.01999999999992,251.71999999999994,251.71999999999994,872
2026-03-27T16:25:00+00:00,251.71999999999994,251.74999999999994,251.31999999999994,251.37999999999994,837
2026-03-27T16:30:00+00:00,251.37999999999994,251.52999999999994,251.33999999999995,251.44999999999993,741
2026-03-27T16:35:00+00:00,251.44999999999993,251.74999999999994,251.36999999999995,251.44999999999993,831
2026-03-27T16:40:00+00:00,251.44999999999993,251.90999999999994,251.33999999999995,251.83999999999995,824
2026-03-27T16:45:00+00:00,251.83999999999995,252.38999999999993,251.76999999999992,252.24999999999994,872
2026-03-27T16:50:00+00:00,252.24999999999994,252.32999999999993,251.91999999999993,252.06999999999994,946
2026-03-27T16:55:00+00:00,252.06999999999994,252.22999999999993,251.97999999999993,252.04999999999993,632
2026-03-27T17:00:00+00:00,252.04999999999993,252.12999999999994,251.61999999999995,251.74999999999994,669
2026-03-27T17:05:00+00:00,251.74999999999994,252.28999999999994,251.57999999999993,251.94999999999993,1299
2026-03-27T17:10:00+00:00,251.94999999999993,251.96999999999994,251.18999999999994,251.43999999999994,1027
2026-03-27T17:15:00+00:00,251.43999999999994,251.47999999999993,250.88999999999993,250.99999999999994,689
2026-03-27T17:20:00+00:00,250.99999999999994,251.02999999999994,250.25999999999993,250.41999999999993,751
2026-03-27T17:25:00+00:00,250.41999999999993,250.45999999999992,249.98999999999992,250.02999999999994,797
2026-03-27T17:30:00+00:00,250.02999999999994,250.20999999999992,249.99999999999994,250.07999999999993,811
2026-03-27T17:35:00+00:00,250.07999999999993,250.15999999999994,249.65999999999994,249.66999999999993,914
2026-03-27T17:40:00+00:00,249.66999999999993,249.69999999999993,249.18999999999994,249.28999999999994,909
2026-03-27T17:45:00+00:00,249.28999999999994,249.33999999999995,248.99999999999994,249.01999999999992,896
2026-03-27T17:50:00+00:00,249.01999999999992,249.54999999999993,249.00999999999993,249.46999999999994,591
2026-03-27T17:55:00+00:00,249.46999999999994,249.72999999999993,249.36999999999995,249.44999999999993,836
2026-03-27T18:00:00+00:00,249.44999999999993,249.57999999999993,249.29999999999993,249.41999999999993,722
2026-03-27T18:05:00+00:00,249.41999999999993,249.50999999999993,248.33999999999995,248.37999999999994,755
2026-03-27T18:10:00+00:00,248.37999999999994,248.85999999999993,248.26999999999992,248.66999999999993,925
2026-03-27T18:15:00+00:00,248.66999999999993,249.14999999999992,248.65999999999994,249.04999999999993,1001
2026-03-27T18:20:00+00:00,249.04999999999993,249.11999999999995,248.60999999999993,248.73999999999992,852
2026-03-27T18:25:00+00:00,248.73999999999992,249.13999999999993,248.58999999999995,249.00999999999993,765
2026-03-27T18:30:00+00:00,249.00999999999993,249.06999999999994,248.82999999999993,249.00999999999993,665
2026-03-27T18:35:00+00:00,249.00999999999993,249.14999999999992,248.55999999999995,248.66999999999993,667
2026-03-27T18:40:00+00:00,248.66999999999993,248.91999999999993,248.23999999999992,248.47999999999993,1009
2026-03-27T18:45:00+00:00,248.47999999999993,248.70999999999992,248.40999999999994,248.60999999999993,777
2026-03-27T18:50:00+00:00,248.60999999999993,248.80999999999995,248.29999999999993,248.31999999999994,704
2026-03-27T18:55:00+00:00,248.31999999999994,248.48999999999992,248.27999999999994,248.28999999999994,597
2026-03-27T19:00:00+00:00,248.28999999999994,248.58999999999995,248.19999999999993,248.27999999999994,981
2026-03-27T19:05:00+00:00,248.27999999999994,248.39999999999992,247.97999999999993,248.04999999999993,840
2026-03-27T19:10:00+00:00,248.04999999999993,248.74999999999994,247.95999999999992,248.62999999999994,1069
2026-03-27T19:15:00+00:00,248.62999999999994,248.83999999999995,248.41999999999993,248.59999999999994,1026
2026-03-27T19:20:00+00:00,248.59999999999994,248.74999999999994,248.28999999999994,248.37999999999994,1000
2026-03-27T19:25:00+00:00,248.37999999999994,248.38999999999993,247.88999999999993,248.04999999999993,957
2026-03-27T19:30:00+00:00,248.04999999999993,248.28999999999994,247.95999999999992,248.23999999999992,1036
2026-03-27T19:35:00+00:00,248.23999999999992,248.39999999999992,248.05999999999995,248.21999999999994,998
2026-03-27T19:40:00+00:00,248.21999999999994,248.26999999999992,247.75999999999993,247.94999999999993,1282
2026-03-27T19:45:00+00:00,247.94999999999993,248.13999999999993,247.80999999999995,247.95999999999992,1542
2026-03-27T19:50:00+00:00,247.95999999999992,248.46999999999994,247.71999999999994,248.37999999999994,1796
2026-03-27T19:55:00+00:00,248.37999999999994,248.93999999999994,248.19999999999993,248.30999999999995,1596
2026-03-30T13:30:00+00:00,248.30999999999995,251.23999999999995,248.30999999999995,248.47999999999996,1665
2026-03-30T13:35:00+00:00,248.47999999999996,248.58999999999995,247.73999999999995,248.16999999999996,1339
2026-03-30T13:40:00+00:00,248.16999999999996,248.28999999999996,247.68999999999994,248.12999999999997,1663
2026-03-30T13:45:00+00:00,248.12999999999997,248.28999999999996,247.63999999999996,248.14999999999995,2036
2026-03-30T13:50:00+00:00,248.14999999999995,248.87999999999997,247.93999999999994,248.58999999999995,2132
2026-03-30T13:55:00+00:00,248.58999999999995,248.99999999999994,248.21999999999994,248.27999999999994,1915
2026-03-30T14:00:00+00:00,248.27999999999994,248.74999999999994,248.07999999999996,248.65999999999997,2187
2026-03-30T14:05:00+00:00,248.65999999999997,248.92999999999995,248.36999999999995,248.42999999999995,1774
2026-03-30T14:10:00+00:00,248.42999999999995,248.66999999999996,248.19999999999996,248.47999999999996,1885
2026-03-30T14:15:00+00:00,248.47999999999996,248.59999999999997,247.85999999999996,247.96999999999994,1695
2026-03-30T14:20:00+00:00,247.96999999999994,248.55999999999995,247.95999999999995,248.50999999999996,1590
2026-03-30T14:25:00+00:00,248.50999999999996,248.77999999999994,248.32999999999996,248.48999999999995,1561
2026-03-30T14:30:00+00:00,248.48999999999995,248.68999999999994,248.02999999999994,248.13999999999996,1603
2026-03-30T14:35:00+00:00,248.13999999999996,248.20999999999995,247.81999999999996,248.09999999999997,1717
2026-03-30T14:40:00+00:00,248.09999999999997,248.16999999999996,247.52999999999994,247.52999999999994,1505
2026-03-30T14:45:00+00:00,247.52999999999994,247.97999999999996,247.09999999999997,247.12999999999997,2208
2026-03-30T14:50:00+00:00,247.12999999999997,247.41999999999996,246.70999999999995,247.31999999999996,1899
2026-03-30T14:55:00+00:00,247.31999999999996,247.34999999999997,247.04999999999995,247.18999999999994,1836
2026-03-30T15:00:00+00:00,247.18999999999994,247.54999999999995,246.86999999999995,247.51999999999995,1707
2026-03-30T15:05:00+00:00,247.51999999999995,247.68999999999994,246.82999999999996,247.10999999999996,1760
2026-03-30T15:10:00+00:00,247.10999999999996,247.31999999999996,246.98999999999995,247.27999999999994,1471
2026-03-30T15:15:00+00:00,247.27999999999994,247.34999999999997,246.87999999999997,247.27999999999994,1555
2026-03-30T15:20:00+00:00,247.27999999999994,247.57999999999996,247.11999999999995,247.44999999999996,1369
2026-03-30T15:25:00+00:00,247.44999999999996,247.63999999999996,247.16999999999996,247.18999999999994,1487
2026-03-30T15:30:00+00:00,247.18999999999994,247.56999999999996,246.97999999999996,247.51999999999995,1621
2026-03-30T15:35:00+00:00,247.51999999999995,247.69999999999996,247.05999999999995,247.12999999999997,1459
2026-03-30T15:40:00+00:00,247.12999999999997,247.67999999999995,247.08999999999995,247.53999999999996,1166
2026-03-30T15:45:00+00:00,247.53999999999996,247.69999999999996,247.40999999999997,247.65999999999997,1409
2026-03-30T15:50:00+00:00,247.65999999999997,247.87999999999997,247.45999999999995,247.48999999999995,1512
2026-03-30T15:55:00+00:00,247.48999999999995,247.68999999999994,247.16999999999996,247.52999999999994,1360
2026-03-30T16:00:00+00:00,247.52999999999994,247.59999999999997,246.82999999999996,246.97999999999996,1130
2026-03-30T16:05:00+00:00,246.97999999999996,247.22999999999996,246.92999999999995,247.08999999999995,1362
2026-03-30T16:10:00+00:00,247.08999999999995,247.68999999999994,247.03999999999996,247.57999999999996,1182
2026-03-30T16:15:00+00:00,247.57999999999996,247.59999999999997,247.09999999999997,247.13999999999996,1258
2026-03-30T16:20:00+00:00,247.13999999999996,247.17999999999995,246.84999999999997,246.94999999999996,1059
2026-03-30T16:25:00+00:00,246.94999999999996,246.98999999999995,246.62999999999997,246.69999999999996,947
2026-03-30T16:30:00+00:00,246.69999999999996,247.00999999999996,246.62999999999997,246.97999999999996,946
2026-03-30T16:35:00+00:00,246.97999999999996,247.44999999999996,246.97999999999996,247.35999999999996,982
2026-03-30T16:40:00+00:00,247.35999999999996,247.74999999999994,247.31999999999996,247.64999999999995,971
2026-03-30T16:45:00+00:00,247.64999999999995,247.78999999999996,247.58999999999995,247.70999999999995,903
2026-03-30T16:50:00+00:00,247.70999999999995,248.09999999999997,247.63999999999996,247.89999999999995,1021
2026-03-30T16:55:00+00:00,247.89999999999995,248.03999999999996,247.79999999999995,247.98999999999995,890
2026-03-30T17:00:00+00:00,247.98999999999995,248.11999999999995,247.63999999999996,247.65999999999997,1137
2026-03-30T17:05:00+00:00,247.65999999999997,247.99999999999994,247.59999999999997,247.62999999999997,936
2026-03-30T17:10:00+00:00,247.62999999999997,247.72999999999996,247.43999999999994,247.54999999999995,890
2026-03-30T17:15:00+00:00,247.54999999999995,247.58999999999995,247.11999999999995,247.24999999999994,1403
2026-03-30T17:20:00+00:00,247.24999999999994,247.35999999999996,246.62999999999997,246.76999999999995,1401
2026-03-30T17:25:00+00:00,246.76999999999995,247.04999999999995,246.66999999999996,246.87999999999997,1229
2026-03-30T17:30:00+00:00,246.87999999999997,247.05999999999995,246.66999999999996,246.75999999999996,1305
2026-03-30T17:35:00+00:00,246.75999999999996,247.04999999999995,246.67999999999995,246.96999999999994,1335
2026-03-30T17:40:00+00:00,246.96999999999994,247.74999999999994,246.91999999999996,247.64999999999995,1163
2026-03-30T17:45:00+00:00,247.64999999999995,247.91999999999996,247.55999999999995,247.63999999999996,1350
2026-03-30T17:50:00+00:00,247.63999999999996,247.99999999999994,247.60999999999996,247.63999999999996,1253
2026-03-30T17:55:00+00:00,247.63999999999996,247.76999999999995,247.28999999999996,247.56999999999996,1018
2026-03-30T18:00:00+00:00,247.56999999999996,247.77999999999994,247.50999999999996,247.71999999999994,894
2026-03-30T18:05:00+00:00,247.71999999999994,247.83999999999995,247.49999999999994,247.60999999999996,912
2026-03-30T18:10:00+00:00,247.60999999999996,247.72999999999996,247.19999999999996,247.41999999999996,890
2026-03-30T18:15:00+00:00,247.41999999999996,247.50999999999996,247.32999999999996,247.38999999999996,834
2026-03-30T18:20:00+00:00,247.38999999999996,247.41999999999996,247.05999999999995,247.14999999999995,757
2026-03-30T18:25:00+00:00,247.14999999999995,247.26999999999995,247.04999999999995,247.17999999999995,1035
2026-03-30T18:30:00+00:00,247.17999999999995,247.27999999999994,246.97999999999996,247.04999999999995,872
2026-03-30T18:35:00+00:00,247.04999999999995,247.46999999999994,246.90999999999997,246.92999999999995,951
2026-03-30T18:40:00+00:00,246.92999999999995,247.15999999999997,246.81999999999996,247.12999999999997,800
2026-03-30T18:45:00+00:00,247.12999999999997,247.30999999999995,246.97999999999996,247.20999999999995,790
2026-03-30T18:50:00+00:00,247.20999999999995,247.35999999999996,246.97999999999996,247.35999999999996,847
2026-03-30T18:55:00+00:00,247.35999999999996,247.48999999999995,247.16999999999996,247.40999999999997,815
2026-03-30T19:00:00+00:00,247.40999999999997,247.49999999999994,247.22999999999996,247.43999999999994,1375
2026-03-30T19:05:00+00:00,247.43999999999994,247.46999999999994,247.11999999999995,247.21999999999994,1640
2026-03-30T19:10:00+00:00,247.21999999999994,247.29999999999995,246.59999999999997,246.85999999999996,1893
2026-03-30T19:15:00+00:00,246.85999999999996,247.06999999999996,246.78999999999996,246.92999999999995,1888
2026-03-30T19:20:00+00:00,246.92999999999995,247.03999999999996,246.70999999999995,246.71999999999994,1630
2026-03-30T19:25:00+00:00,246.71999999999994,246.78999999999996,246.49999999999994,246.54999999999995,1435
2026-03-30T19:30:00+00:00,246.54999999999995,246.75999999999996,246.18999999999994,246.19999999999996,1597
2026-03-30T19:35:00+00:00,246.19999999999996,246.70999999999995,246.18999999999994,246.44999999999996,1675
2026-03-30T19:40:00+00:00,246.44999999999996,246.62999999999997,246.33999999999995,246.55999999999995,1696
2026-03-30T19:45:00+00:00,246.55999999999995,246.95999999999995,246.55999999999995,246.74999999999994,1784
2026-03-30T19:50:00+00:00,246.74999999999994,247.30999999999995,246.69999999999996,247.22999999999996,1929
2026-03-30T19:55:00+00:00,247.22999999999996,247.72999999999996,247.13999999999996,247.43999999999994,2150
2026-03-31T13:30:00+00:00,247.43999999999994,249.62999999999997,247.43999999999994,249.28999999999996,1181
2026-03-31T13:35:00+00:00,249.28999999999996,249.36999999999995,248.27999999999994,249.19999999999996,1735
2026-03-31T13:40:00+00:00,249.19999999999996,249.22999999999996,248.31999999999996,248.42999999999995,1662
2026-03-31T13:45:00+00:00,248.42999999999995,249.71999999999994,248.41999999999996,249.68999999999994,1834
2026-03-31T13:50:00+00:00,249.68999999999994,249.93999999999994,249.42999999999995,249.78999999999996,1156
2026-03-31T13:55:00+00:00,249.78999999999996,249.87999999999997,249.17999999999995,249.47999999999996,1138
2026-03-31T14:00:00+00:00,249.47999999999996,249.54999999999995,248.98999999999995,249.34999999999997,1480
2026-03-31T14:05:00+00:00,249.34999999999997,249.34999999999997,248.58999999999995,248.97999999999996,1454
2026-03-31T14:10:00+00:00,248.97999999999996,249.39999999999995,248.91999999999996,249.17999999999995,1334
2026-03-31T14:15:00+00:00,249.17999999999995,249.78999999999996,248.97999999999996,249.68999999999994,1304
2026-03-31T14:20:00+00:00,249.68999999999994,249.72999999999996,249.26999999999995,249.36999999999995,1529
2026-03-31T14:25:00+00:00,249.36999999999995,249.72999999999996,249.26999999999995,249.61999999999995,1009
2026-03-31T14:30:00+00:00,249.61999999999995,249.69999999999996,249.12999999999997,249.17999999999995,1144
2026-03-31T14:35:00+00:00,249.17999999999995,249.24999999999994,248.83999999999995,249.04999999999995,1337
2026-03-31T14:40:00+00:00,249.04999999999995,249.19999999999996,248.21999999999994,248.25999999999996,1149
2026-03-31T14:45:00+00:00,248.25999999999996,248.59999999999997,248.09999999999997,248.46999999999994,1312
2026-03-31T14:50:00+00:00,248.46999999999994,248.46999999999994,247.95999999999995,248.03999999999996,1285
2026-03-31T14:55:00+00:00,248.03999999999996,248.17999999999995,247.77999999999994,247.96999999999994,1477
2026-03-31T15:00:00+00:00,247.96999999999994,248.45999999999995,247.93999999999994,248.19999999999996,1391
2026-03-31T15:05:00+00:00,248.19999999999996,248.50999999999996,248.09999999999997,248.32999999999996,1372
2026-03-31T15:10:00+00:00,248.32999999999996,249.11999999999995,248.29999999999995,249.01999999999995,1170
2026-03-31T15:15:00+00:00,249.01999999999995,249.56999999999996,248.96999999999994,249.35999999999996,1236
2026-03-31T15:20:00+00:00,249.35999999999996,249.40999999999997,249.09999999999997,249.28999999999996,1470
2026-03-31T15:25:00+00:00,249.28999999999996,249.44999999999996,248.97999999999996,249.08999999999995,1629
2026-03-31T15:30:00+00:00,249.08999999999995,249.12999999999997,248.30999999999995,248.66999999999996,1459
2026-03-31T15:35:00+00:00,248.66999999999996,249.20999999999995,248.64999999999995,249.12999999999997,1343
2026-03-31T15:40:00+00:00,249.12999999999997,249.41999999999996,249.10999999999996,249.28999999999996,1294
2026-03-31T15:45:00+00:00,249.28999999999996,249.42999999999995,249.05999999999995,249.28999999999996,1183
2026-03-31T15:50:00+00:00,249.28999999999996,249.71999999999994,249.20999999999995,249.55999999999995,1102
2026-03-31T15:55:00+00:00,249.55999999999995,249.66999999999996,249.23999999999995,249.27999999999994,1117
2026-03-31T16:00:00+00:00,249.27999999999994,249.92999999999995,249.15999999999997,249.68999999999994,1268
2026-03-31T16:05:00+00:00,249.68999999999994,250.33999999999995,249.67999999999995,250.26999999999995,959
2026-03-31T16:10:00+00:00,250.26999999999995,250.36999999999995,249.80999999999995,250.11999999999995,1003
2026-03-31T16:15:00+00:00,250.11999999999995,250.48999999999995,250.10999999999996,250.37999999999997,869
2026-03-31T16:20:00+00:00,250.37999999999997,251.23999999999995,250.26999999999995,251.23999999999995,958
2026-03-31T16:25:00+00:00,251.23999999999995,251.36999999999995,250.78999999999996,251.00999999999996,1017
2026-03-31T16:30:00+00:00,251.00999999999996,251.16999999999996,250.84999999999997,251.03999999999996,698
2026-03-31T16:35:00+00:00,251.03999999999996,252.41999999999996,250.97999999999996,252.37999999999997,1355
2026-03-31T16:40:00+00:00,252.37999999999997,252.95999999999995,252.14999999999995,252.41999999999996,3344
2026-03-31T16:45:00+00:00,252.41999999999996,253.57999999999996,252.28999999999996,253.49999999999994,2833
2026-03-31T16:50:00+00:00,253.49999999999994,253.94999999999996,253.05999999999995,253.47999999999996,3257
2026-03-31T16:55:00+00:00,253.47999999999996,253.87999999999997,253.15999999999997,253.79999999999995,2477
2026-03-31T17:00:00+00:00,253.79999999999995,254.59999999999997,253.77999999999994,254.34999999999997,1685
2026-03-31T17:05:00+00:00,254.34999999999997,254.41999999999996,253.21999999999994,253.24999999999994,1601
2026-03-31T17:10:00+00:00,253.24999999999994,254.05999999999995,253.22999999999996,253.90999999999997,2185
2026-03-31T17:15:00+00:00,253.90999999999997,254.28999999999996,253.81999999999996,254.17999999999995,1851
2026-03-31T17:20:00+00:00,254.17999999999995,254.21999999999994,253.86999999999995,254.17999999999995,1664
2026-03-31T17:25:00+00:00,254.17999999999995,254.24999999999994,253.71999999999994,253.85999999999996,1671
2026-03-31T17:30:00+00:00,253.85999999999996,254.40999999999997,253.78999999999996,254.31999999999996,1909
2026-03-31T17:35:00+00:00,254.31999999999996,254.60999999999996,253.18999999999994,253.64999999999995,1963
2026-03-31T17:40:00+00:00,253.64999999999995,253.86999999999995,253.06999999999996,253.27999999999994,1940
2026-03-31T17:45:00+00:00,253.27999999999994,253.77999999999994,253.06999999999996,253.72999999999996,1403
2026-03-31T17:50:00+00:00,253.72999999999996,253.85999999999996,253.48999999999995,253.55999999999995,1189
2026-03-31T17:55:00+00:00,253.55999999999995,253.56999999999996,253.10999999999996,253.18999999999994,1281
2026-03-31T18:00:00+00:00,253.18999999999994,253.82999999999996,253.18999999999994,253.51999999999995,1261
2026-03-31T18:05:00+00:00,253.51999999999995,253.83999999999995,253.41999999999996,253.76999999999995,947
2026-03-31T18:10:00+00:00,253.76999999999995,253.83999999999995,253.43999999999994,253.43999999999994,999
2026-03-31T18:15:00+00:00,253.43999999999994,253.81999999999996,253.43999999999994,253.79999999999995,877
2026-03-31T18:20:00+00:00,253.79999999999995,253.88999999999996,253.38999999999996,253.51999999999995,957
2026-03-31T18:25:00+00:00,253.51999999999995,254.05999999999995,253.39999999999995,253.78999999999996,1305
2026-03-31T18:30:00+00:00,253.78999999999996,254.00999999999996,253.68999999999994,253.98999999999995,1070
2026-03-31T18:35:00+00:00,253.98999999999995,254.45999999999995,253.87999999999997,254.33999999999995,1008
2026-03-31T18:40:00+00:00,254.33999999999995,254.36999999999995,254.00999999999996,254.03999999999996,960
2026-03-31T18:45:00+00:00,254.03999999999996,254.47999999999996,254.03999999999996,254.31999999999996,768
2026-03-31T18:50:00+00:00,254.31999999999996,254.55999999999995,254.30999999999995,254.46999999999994,530
2026-03-31T18:55:00+00:00,254.46999999999994,254.60999999999996,254.30999999999995,254.40999999999997,489
2026-03-31T19:00:00+00:00,254.40999999999997,254.64999999999995,254.36999999999995,254.48999999999995,988
2026-03-31T19:05:00+00:00,254.48999999999995,254.48999999999995,254.10999999999996,254.24999999999994,987
2026-03-31T19:10:00+00:00,254.24999999999994,254.68999999999994,254.16999999999996,254.54999999999995,1090
2026-03-31T19:15:00+00:00,254.54999999999995,254.80999999999995,254.38999999999996,254.45999999999995,1082
2026-03-31T19:20:00+00:00,254.45999999999995,254.72999999999996,254.37999999999997,254.38999999999996,898
2026-03-31T19:25:00+00:00,254.38999999999996,254.48999999999995,254.09999999999997,254.30999999999995,1116
2026-03-31T19:30:00+00:00,254.30999999999995,254.65999999999997,254.28999999999996,254.36999999999995,924
2026-03-31T19:35:00+00:00,254.36999999999995,254.60999999999996,254.30999999999995,254.53999999999996,1019
2026-03-31T19:40:00+00:00,254.53999999999996,254.77999999999994,254.49999999999994,254.63999999999996,1209
2026-03-31T19:45:00+00:00,254.63999999999996,255.24999999999994,254.55999999999995,255.14999999999995,1337
2026-03-31T19:50:00+00:00,255.14999999999995,256.15999999999997,254.79999999999995,254.83999999999995,2485
2026-03-31T19:55:00+00:00,254.83999999999995,254.86999999999995,253.94999999999996,254.45999999999995,2851
2026-04-01T13:30:00+00:00,254.45999999999995,256.76,254.45999999999995,255.37999999999997,1036
2026-04-01T13:35:00+00:00,255.37999999999997,255.98999999999995,255.28999999999996,255.64999999999995,1278
2026-04-01T13:40:00+00:00,255.64999999999995,256.24999999999994,255.33999999999995,256.17999999999995,1783
2026-04-01T13:45:00+00:00,256.17999999999995,256.48999999999995,255.83999999999992,256.13,1975
2026-04-01T13:50:00+00:00,256.13,256.13,255.18999999999997,255.2,2051
2026-04-01T13:55:00+00:00,255.2,255.67,255.14,255.26999999999998,1555
2026-04-01T14:00:00+00:00,255.26999999999998,255.64,254.98,255.32999999999998,1758
2026-04-01T14:05:00+00:00,255.32999999999998,255.79,255.18999999999997,255.51999999999998,1691
2026-04-01T14:10:00+00:00,255.51999999999998,255.57,254.67,254.91,1902
2026-04-01T14:15:00+00:00,254.91,255.6,254.55999999999997,255.57,1323
2026-04-01T14:20:00+00:00,255.57,255.74999999999997,254.98,255.07999999999998,1422
2026-04-01T14:25:00+00:00,255.07999999999998,255.23999999999998,254.7,254.79999999999998,1349
2026-04-01T14:30:00+00:00,254.79999999999998,254.92999999999998,254.11999999999998,254.13,1234
2026-04-01T14:35:00+00:00,254.13,254.92,253.98999999999998,254.80999999999997,1572
2026-04-01T14:40:00+00:00,254.80999999999997,255.04,254.32999999999998,254.82999999999998,1525
2026-04-01T14:45:00+00:00,254.82999999999998,254.98,254.54999999999998,254.82999999999998,1149
2026-04-01T14:50:00+00:00,254.82999999999998,255.07,254.61999999999998,254.89999999999998,1246
2026-04-01T14:55:00+00:00,254.89999999999998,255.04999999999998,254.67999999999998,254.76,1045
2026-04-01T15:00:00+00:00,254.76,255.01,254.7,254.89,925
2026-04-01T15:05:00+00:00,254.89,254.95,254.68999999999997,254.80999999999997,887
2026-04-01T15:10:00+00:00,254.80999999999997,254.91,254.46999999999997,254.82999999999998,942
2026-04-01T15:15:00+00:00,254.82999999999998,255.14999999999998,254.79999999999998,255.13,734
2026-04-01T15:20:00+00:00,255.13,255.41,254.79999999999998,254.82999999999998,682
2026-04-01T15:25:00+00:00,254.82999999999998,254.99999999999997,254.60999999999999,254.82999999999998,888
2026-04-01T15:30:00+00:00,254.82999999999998,254.91,254.42999999999998,254.57,1062
2026-04-01T15:35:00+00:00,254.57,254.88,254.55999999999997,254.79,826
2026-04-01T15:40:00+00:00,254.79,254.79999999999998,254.51999999999998,254.61999999999998,726
2026-04-01T15:45:00+00:00,254.61999999999998,255.17999999999998,254.51999999999998,255.08999999999997,722
2026-04-01T15:50:00+00:00,255.08999999999997,255.38,255.05999999999997,255.23,632
2026-04-01T15:55:00+00:00,255.23,255.51,255.17,255.29,523
2026-04-01T16:00:00+00:00,255.29,255.48,255.21999999999997,255.39,526
2026-04-01T16:05:00+00:00,255.39,255.46999999999997,255.10999999999999,255.29,542
2026-04-01T16:10:00+00:00,255.29,255.35,254.98,255.07,657
2026-04-01T16:15:00+00:00,255.07,255.16,254.76,255.01999999999998,657
2026-04-01T16:20:00+00:00,255.01999999999998,255.26999999999998,254.99999999999997,255.11999999999998,518
2026-04-01T16:25:00+00:00,255.11999999999998,255.26,255.01999999999998,255.07999999999998,453
2026-04-01T16:30:00+00:00,255.07999999999998,255.29999999999998,254.85999999999999,255.29999999999998,526
2026-04-01T16:35:00+00:00,255.29999999999998,255.49999999999997,255.26,255.39999999999998,430
2026-04-01T16:40:00+00:00,255.39999999999998,255.51,255.36999999999998,255.45999999999998,406
2026-04-01T16:45:00+00:00,255.45999999999998,255.58999999999997,255.39999999999998,255.49999999999997,489
2026-04-01T16:50:00+00:00,255.49999999999997,255.64,255.41,255.41,401
2026-04-01T16:55:00+00:00,255.41,255.41,255.08999999999997,255.29,461
2026-04-01T17:00:00+00:00,255.29,255.48999999999998,255.17,255.46999999999997,510
2026-04-01T17:05:00+00:00,255.46999999999997,255.79999999999998,255.36999999999998,255.74999999999997,464
2026-04-01T17:10:00+00:00,255.74999999999997,255.85,255.58999999999997,255.66,434
2026-04-01T17:15:00+00:00,255.66,255.83999999999997,255.64,255.73,367
2026-04-01T17:20:00+00:00,255.73,256.0799999999999,255.70999999999998,255.95999999999995,447
2026-04-01T17:25:00+00:00,255.95999999999995,255.98999999999995,255.73999999999995,255.76999999999995,388
2026-04-01T17:30:00+00:00,255.76999999999995,255.91999999999996,255.42999999999995,255.42999999999995,544
2026-04-01T17:35:00+00:00,255.42999999999995,255.92999999999995,255.42999999999995,255.85999999999996,466
2026-04-01T17:40:00+00:00,255.85999999999996,255.92999999999995,255.58999999999995,255.63999999999996,489
2026-04-01T17:45:00+00:00,255.63999999999996,255.95999999999995,255.61999999999995,255.65999999999997,472
2026-04-01T17:50:00+00:00,255.65999999999997,255.94999999999996,255.63999999999996,255.77999999999994,565
2026-04-01T17:55:00+00:00,255.77999999999994,255.89999999999995,255.40999999999997,255.43999999999994,683
2026-04-01T18:00:00+00:00,255.43999999999994,255.49999999999994,255.18999999999994,255.41999999999996,1127
2026-04-01T18:05:00+00:00,255.41999999999996,255.55999999999995,255.30999999999995,255.50999999999996,863
2026-04-01T18:10:00+00:00,255.50999999999996,255.57999999999996,255.32999999999996,255.46999999999994,615
2026-04-01T18:15:00+00:00,255.46999999999994,255.58999999999995,255.21999999999994,255.35999999999996,943
2026-04-01T18:20:00+00:00,255.35999999999996,255.46999999999994,254.88999999999996,254.90999999999997,991
2026-04-01T18:25:00+00:00,254.90999999999997,255.16999999999996,254.76999999999995,254.98999999999995,1040
2026-04-01T18:30:00+00:00,254.98999999999995,255.10999999999996,254.79999999999995,254.80999999999995,780
2026-04-01T18:35:00+00:00,254.80999999999995,255.16999999999996,254.63999999999996,255.06999999999996,987
2026-04-01T18:40:00+00:00,255.06999999999996,255.36999999999995,254.98999999999995,255.30999999999995,953
2026-04-01T18:45:00+00:00,255.30999999999995,255.38999999999996,255.07999999999996,255.17999999999995,1046
2026-04-01T18:50:00+00:00,255.17999999999995,255.27999999999994,254.88999999999996,254.99999999999994,721
2026-04-01T18:55:00+00:00,254.99999999999994,255.12999999999997,254.88999999999996,255.01999999999995,511
2026-04-01T19:00:00+00:00,255.01999999999995,255.40999999999997,255.01999999999995,255.13999999999996,1013
2026-04-01T19:05:00+00:00,255.13999999999996,255.48999999999995,255.11999999999995,255.37999999999997,757
2026-04-01T19:10:00+00:00,255.37999999999997,255.66999999999996,255.26999999999995,255.64999999999995,824
2026-04-01T19:15:00+00:00,255.64999999999995,255.81999999999996,255.49999999999994,255.69999999999996,680
2026-04-01T19:20:00+00:00,255.69999999999996,255.97999999999996,255.65999999999997,255.92999999999995,713
2026-04-01T19:25:00+00:00,255.92999999999995,256.34999999999997,255.88999999999996,256.31999999999994,736
2026-04-01T19:30:00+00:00,256.31999999999994,256.42999999999995,256.03,256.36999999999995,888
2026-04-01T19:35:00+00:00,256.36999999999995,256.67999999999995,256.26,256.60999999999996,815
2026-04-01T19:40:00+00:00,256.60999999999996,256.78,256.42999999999995,256.53,820
2026-04-01T19:45:00+00:00,256.53,256.81999999999994,256.41999999999996,256.63000000000005,984
2026-04-01T19:50:00+00:00,256.63000000000005,256.69000000000005,255.97,255.98000000000002,1820
2026-04-01T19:55:00+00:00,255.98000000000002,256.52,255.70000000000002,256.36999999999995,1592
2026-04-02T13:30:00+00:00,256.36999999999995,256.36999999999995,252.77999999999994,252.77999999999994,1190
2026-04-02T13:35:00+00:00,252.77999999999994,252.82999999999996,251.44999999999996,251.54999999999995,1270
2026-04-02T13:40:00+00:00,251.54999999999995,252.23999999999995,251.31999999999996,251.48999999999995,1533
2026-04-02T13:45:00+00:00,251.48999999999995,252.49999999999994,251.32999999999996,252.34999999999997,1385
2026-04-02T13:50:00+00:00,252.34999999999997,253.18999999999994,252.33999999999995,252.89999999999995,1418
2026-04-02T13:55:00+00:00,252.89999999999995,253.29999999999995,252.68999999999994,253.17999999999995,1327
2026-04-02T14:00:00+00:00,253.17999999999995,253.45999999999995,251.93999999999994,252.05999999999995,1442
2026-04-02T14:05:00+00:00,252.05999999999995,252.60999999999996,251.83999999999995,252.33999999999995,1342
2026-04-02T14:10:00+00:00,252.33999999999995,252.86999999999995,252.27999999999994,252.71999999999994,1282
2026-04-02T14:15:00+00:00,252.71999999999994,253.15999999999997,252.68999999999994,252.82999999999996,1400
2026-04-02T14:20:00+00:00,252.82999999999996,253.00999999999996,252.48999999999995,252.65999999999997,1198
2026-04-02T14:25:00+00:00,252.65999999999997,252.99999999999994,252.63999999999996,252.75999999999996,1097
2026-04-02T14:30:00+00:00,252.75999999999996,253.60999999999996,252.63999999999996,253.31999999999996,1265
2026-04-02T14:35:00+00:00,253.31999999999996,255.22999999999996,253.28999999999996,254.67999999999995,2610
2026-04-02T14:40:00+00:00,254.67999999999995,254.73999999999995,253.82999999999996,254.60999999999996,2137
2026-04-02T14:45:00+00:00,254.60999999999996,254.98999999999995,254.40999999999997,254.79999999999995,1649
2026-04-02T14:50:00+00:00,254.79999999999995,255.36999999999995,254.62999999999997,255.24999999999994,1731
2026-04-02T14:55:00+00:00,255.24999999999994,256.06999999999994,255.21999999999994,256.06999999999994,1193.9559331032651
2026-04-02T15:00:00+00:00,256.06999999999994,256.4,255.71999999999994,256.30999999999995,1233
2026-04-02T15:05:00+00:00,256.30999999999995,256.40999999999997,255.80999999999995,256.1099999999999,930
2026-04-02T15:10:00+00:00,256.1099999999999,256.3299999999999,255.51999999999992,255.66999999999993,1091
2026-04-02T15:15:00+00:00,255.66999999999993,255.81999999999994,255.41999999999993,255.58999999999995,893
2026-04-02T15:20:00+00:00,255.58999999999995,255.61999999999995,255.11999999999995,255.39999999999995,1144
2026-04-02T15:25:00+00:00,255.39999999999995,255.92999999999995,255.12999999999994,255.80999999999995,933
2026-04-02T15:30:00+00:00,255.80999999999995,255.84999999999994,255.33999999999995,255.52999999999994,910
2026-04-02T15:35:00+00:00,255.52999999999994,255.88999999999993,255.37999999999994,255.71999999999994,790
2026-04-02T15:40:00+00:00,255.71999999999994,255.80999999999995,255.28999999999994,255.53999999999994,931
2026-04-02T15:45:00+00:00,255.53999999999994,255.53999999999994,255.19999999999993,255.35999999999993,964
2026-04-02T15:50:00+00:00,255.35999999999993,255.49999999999994,255.02999999999994,255.40999999999994,1142
2026-04-02T15:55:00+00:00,255.40999999999994,255.52999999999994,255.12999999999994,255.24999999999994,851
2026-04-02T16:00:00+00:00,255.24999999999994,255.43999999999994,254.97999999999993,255.05999999999995,945
2026-04-02T16:05:00+00:00,255.05999999999995,255.36999999999995,254.80999999999995,255.30999999999995,891
2026-04-02T16:10:00+00:00,255.30999999999995,255.36999999999995,255.03999999999994,255.14999999999995,768
2026-04-02T16:15:00+00:00,255.14999999999995,255.20999999999992,254.69999999999993,254.73999999999992,810
2026-04-02T16:20:00+00:00,254.73999999999992,255.08999999999995,254.69999999999993,254.95999999999992,837
2026-04-02T16:25:00+00:00,254.95999999999992,255.23999999999992,254.70999999999992,254.78999999999994,900
2026-04-02T16:30:00+00:00,254.78999999999994,255.29999999999993,254.75999999999993,255.14999999999995,825
2026-04-02T16:35:00+00:00,255.14999999999995,255.28999999999994,254.88999999999993,255.12999999999994,734
2026-04-02T16:40:00+00:00,255.12999999999994,255.64999999999995,255.07999999999993,255.43999999999994,584
2026-04-02T16:45:00+00:00,255.43999999999994,255.55999999999995,255.19999999999993,255.28999999999994,592
2026-04-02T16:50:00+00:00,255.28999999999994,255.39999999999995,255.06999999999994,255.24999999999994,738
2026-04-02T16:55:00+00:00,255.24999999999994,255.34999999999994,255.11999999999995,255.13999999999993,720
2026-04-02T17:00:00+00:00,255.13999999999993,255.37999999999994,254.85999999999993,255.29999999999993,813
2026-04-02T17:05:00+00:00,255.29999999999993,255.38999999999993,255.13999999999993,255.33999999999995,662
2026-04-02T17:10:00+00:00,255.33999999999995,255.88999999999993,255.31999999999994,255.72999999999993,761
2026-04-02T17:15:00+00:00,255.72999999999993,256.0899999999999,255.69999999999993,255.89999999999995,741
2026-04-02T17:20:00+00:00,255.89999999999995,256.15999999999997,255.83999999999995,256.0899999999999,633
2026-04-02T17:25:00+00:00,256.0899999999999,256.18999999999994,255.96999999999994,256.00999999999993,785
2026-04-02T17:30:00+00:00,256.00999999999993,256.1099999999999,255.81999999999994,255.85999999999993,980
2026-04-02T17:35:00+00:00,255.85999999999993,255.87999999999994,255.58999999999995,255.76999999999992,765
2026-04-02T17:40:00+00:00,255.76999999999992,255.82999999999993,255.58999999999995,255.69999999999993,638
2026-04-02T17:45:00+00:00,255.69999999999993,255.69999999999993,255.08999999999995,255.16999999999993,774
2026-04-02T17:50:00+00:00,255.16999999999993,255.29999999999993,254.98999999999992,255.22999999999993,892
2026-04-02T17:55:00+00:00,255.22999999999993,255.34999999999994,255.10999999999993,255.29999999999993,623
2026-04-02T18:00:00+00:00,255.29999999999993,255.69999999999993,255.28999999999994,255.66999999999993,818
2026-04-02T18:05:00+00:00,255.66999999999993,255.92999999999995,255.62999999999994,255.77999999999994,853
2026-04-02T18:10:00+00:00,255.77999999999994,255.88999999999993,255.67999999999995,255.82999999999993,728
2026-04-02T18:15:00+00:00,255.82999999999993,255.90999999999994,255.60999999999993,255.72999999999993,741
2026-04-02T18:20:00+00:00,255.72999999999993,255.86999999999995,255.66999999999993,255.76999999999992,658
2026-04-02T18:25:00+00:00,255.76999999999992,255.98999999999992,255.73999999999992,255.84999999999994,850
2026-04-02T18:30:00+00:00,255.84999999999994,255.89999999999995,255.58999999999995,255.70999999999992,752
2026-04-02T18:35:00+00:00,255.70999999999992,255.80999999999995,255.45999999999992,255.63999999999993,547
2026-04-02T18:40:00+00:00,255.63999999999993,255.98999999999992,255.54999999999993,255.80999999999995,628
2026-04-02T18:45:00+00:00,255.80999999999995,255.93999999999994,255.59999999999994,255.90999999999994,458
2026-04-02T18:50:00+00:00,255.90999999999994,256.13999999999993,255.71999999999994,256.1099999999999,394
2026-04-02T18:55:00+00:00,256.1099999999999,256.1599999999999,255.94999999999996,255.96999999999997,376
2026-04-02T19:00:00+00:00,255.96999999999997,256.29999999999995,255.92000000000004,255.98000000000005,1133
2026-04-02T19:05:00+00:00,255.98000000000005,256.38,255.98000000000005,256.28999999999996,711
2026-04-02T19:10:00+00:00,256.28999999999996,256.35999999999996,256.02,256.2,1239
2026-04-02T19:15:00+00:00,256.2,256.29999999999995,255.90999999999994,256.0199999999999,917
2026-04-02T19:20:00+00:00,256.0199999999999,256.0999999999999,255.74999999999994,255.96999999999997,957
2026-04-02T19:25:00+00:00,255.96999999999997,255.98999999999995,255.70999999999995,255.81999999999996,1320
2026-04-02T19:30:00+00:00,255.81999999999996,255.82999999999996,255.49999999999997,255.63999999999996,1188
2026-04-02T19:35:00+00:00,255.63999999999996,255.81999999999996,255.53999999999996,255.81999999999996,936
2026-04-02T19:40:00+00:00,255.81999999999996,256.10999999999996,255.63999999999993,255.68999999999994,1216
2026-04-02T19:45:00+00:00,255.68999999999994,255.85999999999993,255.47999999999993,255.78999999999994,1270
2026-04-02T19:50:00+00:00,255.78999999999994,256.59,255.78999999999994,256.27,1825
2026-04-02T19:55:00+00:00,256.27,256.84,256.27,256.56000000000006,2413
2026-04-06T13:30:00+00:00,256.56000000000006,258.85,256.56000000000006,258.65000000000003,1207
2026-04-06T13:35:00+00:00,258.65000000000003,258.69000000000005,257.7300000000001,258.21000000000004,1568
2026-04-06T13:40:00+00:00,258.21000000000004,258.90000000000003,257.74000000000007,258.33000000000004,1686
2026-04-06T13:45:00+00:00,258.33000000000004,259.53000000000003,258.32000000000005,259.1700000000001,1474
2026-04-06T13:50:00+00:00,259.1700000000001,259.91,259.16,259.6,1345
2026-04-06T13:55:00+00:00,259.6,260.71000000000004,259.57000000000005,260.61000000000007,1317
2026-04-06T14:00:00+00:00,260.61000000000007,260.66,259.68000000000006,259.76000000000005,2328
2026-04-06T14:05:00+00:00,259.76000000000005,260.50000000000006,259.6,260.50000000000006,1470
2026-04-06T14:10:00+00:00,260.50000000000006,260.83000000000004,260.1,260.7900000000001,1403
2026-04-06T14:15:00+00:00,260.7900000000001,261.72,260.70000000000005,261.66,1210
2026-04-06T14:20:00+00:00,261.66,262.4200000000001,261.45000000000005,262.30000000000007,1192
2026-04-06T14:25:00+00:00,262.30000000000007,262.71000000000004,262.15000000000003,262.46000000000004,1202
2026-04-06T14:30:00+00:00,262.46000000000004,262.85,262.15000000000003,262.30000000000007,1220
2026-04-06T14:35:00+00:00,262.30000000000007,262.38000000000005,261.2900000000001,261.38000000000005,1712
2026-04-06T14:40:00+00:00,261.38000000000005,261.7900000000001,261.30000000000007,261.33000000000004,1416
2026-04-06T14:45:00+00:00,261.33000000000004,261.33000000000004,260.59000000000003,260.64000000000004,1231
2026-04-06T14:50:00+00:00,260.64000000000004,260.84000000000003,260.46000000000004,260.59000000000003,1197
2026-04-06T14:55:00+00:00,260.59000000000003,260.82000000000005,260.40000000000003,260.59000000000003,1005
2026-04-06T15:00:00+00:00,260.59000000000003,260.81000000000006,260.46000000000004,260.77000000000004,974
2026-04-06T15:05:00+00:00,260.77000000000004,260.82000000000005,260.26000000000005,260.46000000000004,919
2026-04-06T15:10:00+00:00,260.46000000000004,260.46000000000004,260.03000000000003,260.22,935
2026-04-06T15:15:00+00:00,260.22,260.68000000000006,260.05000000000007,260.46000000000004,848
2026-04-06T15:20:00+00:00,260.46000000000004,260.46000000000004,259.87000000000006,259.97,836
2026-04-06T15:25:00+00:00,259.97,260.12000000000006,259.6700000000001,259.93000000000006,799
2026-04-06T15:30:00+00:00,259.93000000000006,260.0400000000001,259.70000000000005,259.82000000000005,828
2026-04-06T15:35:00+00:00,259.82000000000005,260.2300000000001,259.78000000000003,260.20000000000005,810
2026-04-06T15:40:00+00:00,260.20000000000005,260.31000000000006,259.75000000000006,259.77000000000004,801
2026-04-06T15:45:00+00:00,259.77000000000004,260.14000000000004,259.75000000000006,259.99000000000007,710
2026-04-06T15:50:00+00:00,259.99000000000007,260.24000000000007,259.84000000000003,260.09000000000003,714
2026-04-06T15:55:00+00:00,260.09000000000003,260.2300000000001,259.7900000000001,260.19000000000005,613
2026-04-06T16:00:00+00:00,260.19000000000005,260.34000000000003,259.75000000000006,259.80000000000007,702
2026-04-06T16:05:00+00:00,259.80000000000007,259.99000000000007,259.63000000000005,259.63000000000005,584
2026-04-06T16:10:00+00:00,259.63000000000005,259.78000000000003,259.6,259.63000000000005,462
2026-04-06T16:15:00+00:00,259.63000000000005,259.80000000000007,259.4200000000001,259.58000000000004,510
2026-04-06T16:20:00+00:00,259.58000000000004,259.72,259.49000000000007,259.59000000000003,662
2026-04-06T16:25:00+00:00,259.59000000000003,259.77000000000004,259.56000000000006,259.72,613
2026-04-06T16:30:00+00:00,259.72,259.91,259.50000000000006,259.88000000000005,575
2026-04-06T16:35:00+00:00,259.88000000000005,260.09000000000003,259.82000000000005,259.94000000000005,510
2026-04-06T16:40:00+00:00,259.94000000000005,260.14000000000004,259.84000000000003,260.1,486
2026-04-06T16:45:00+00:00,260.1,260.26000000000005,259.96000000000004,259.99000000000007,471
2026-04-06T16:50:00+00:00,259.99000000000007,260.05000000000007,259.62000000000006,259.87000000000006,508
2026-04-06T16:55:00+00:00,259.87000000000006,259.89000000000004,259.56000000000006,259.6700000000001,694
2026-04-06T17:00:00+00:00,259.6700000000001,259.75000000000006,259.16,259.28000000000003,739
2026-04-06T17:05:00+00:00,259.28000000000003,259.35,259.11000000000007,259.2300000000001,511
2026-04-06T17:10:00+00:00,259.2300000000001,259.33000000000004,258.57000000000005,258.87000000000006,1075
2026-04-06T17:15:00+00:00,258.87000000000006,259.25000000000006,258.87000000000006,259.03000000000003,890
2026-04-06T17:20:00+00:00,259.03000000000003,259.33000000000004,258.91,259.31000000000006,951
2026-04-06T17:25:00+00:00,259.31000000000006,259.55000000000007,259.20000000000005,259.4200000000001,733
2026-04-06T17:30:00+00:00,259.4200000000001,259.65000000000003,259.33000000000004,259.51000000000005,649
2026-04-06T17:35:00+00:00,259.51000000000005,259.64000000000004,259.34000000000003,259.41,653
2026-04-06T17:40:00+00:00,259.41,259.46000000000004,259.19000000000005,259.35,675
2026-04-06T17:45:00+00:00,259.35,259.35,259.0400000000001,259.18000000000006,519
2026-04-06T17:50:00+00:00,259.18000000000006,259.24000000000007,258.91,259.00000000000006,552
2026-04-06T17:55:00+00:00,259.00000000000006,259.19000000000005,258.82000000000005,258.86000000000007,519
2026-04-06T18:00:00+00:00,258.86000000000007,258.91,258.66,258.70000000000005,613
2026-04-06T18:05:00+00:00,258.70000000000005,258.87000000000006,258.5400000000001,258.64000000000004,579
2026-04-06T18:10:00+00:00,258.64000000000004,259.21000000000004,258.57000000000005,259.07000000000005,1098
2026-04-06T18:15:00+00:00,259.07000000000005,259.80000000000007,259.06000000000006,259.72,838
2026-04-06T18:20:00+00:00,259.72,259.95000000000005,259.6,259.89000000000004,605
2026-04-06T18:25:00+00:00,259.89000000000004,260.09000000000003,259.68000000000006,259.95000000000005,792
2026-04-06T18:30:00+00:00,259.95000000000005,260.06000000000006,259.53000000000003,259.61000000000007,680
2026-04-06T18:35:00+00:00,259.61000000000007,259.87000000000006,259.61000000000007,259.68000000000006,443
2026-04-06T18:40:00+00:00,259.68000000000006,259.78000000000003,259.56000000000006,259.72,459
2026-04-06T18:45:00+00:00,259.72,259.84000000000003,259.65000000000003,259.70000000000005,444
2026-04-06T18:50:00+00:00,259.70000000000005,259.95000000000005,259.70000000000005,259.88000000000005,416
2026-04-06T18:55:00+00:00,259.88000000000005,259.95000000000005,259.77000000000004,259.86000000000007,349
2026-04-06T19:00:00+00:00,259.86000000000007,259.96000000000004,259.70000000000005,259.83000000000004,588
2026-04-06T19:05:00+00:00,259.83000000000004,259.83000000000004,259.46000000000004,259.47,675
2026-04-06T19:10:00+00:00,259.47,259.4800000000001,259.24000000000007,259.34000000000003,484
2026-04-06T19:15:00+00:00,259.34000000000003,259.4200000000001,259.02000000000004,259.08000000000004,517
2026-04-06T19:20:00+00:00,259.08000000000004,259.12000000000006,258.77000000000004,259.07000000000005,678
2026-04-06T19:25:00+00:00,259.07000000000005,259.1,258.71000000000004,258.94000000000005,504
2026-04-06T19:30:00+00:00,258.94000000000005,259.0400000000001,258.82000000000005,258.99000000000007,604
2026-04-06T19:35:00+00:00,258.99000000000007,259.27000000000004,258.96000000000004,259.18000000000006,539
2026-04-06T19:40:00+00:00,259.18000000000006,259.58000000000004,259.15000000000003,259.49000000000007,659
2026-04-06T19:45:00+00:00,259.49000000000007,259.7300000000001,259.32000000000005,259.69000000000005,748
2026-04-06T19:50:00+00:00,259.69000000000005,259.77000000000004,259.36000000000007,259.43000000000006,1035
2026-04-06T19:55:00+00:00,259.43000000000006,259.69000000000005,259.18000000000006,259.63000000000005,1168
2026-04-07T13:30:00+00:00,259.63000000000005,259.63000000000005,253.29000000000005,253.57000000000005,1461
2026-04-07T13:35:00+00:00,253.57000000000005,253.58000000000004,251.97000000000006,252.07000000000005,1679
2026-04-07T13:40:00+00:00,252.07000000000005,252.07000000000005,250.86000000000004,250.96000000000004,1660
2026-04-07T13:45:00+00:00,250.96000000000004,251.01000000000005,250.15000000000006,250.27000000000004,1736
2026-04-07T13:50:00+00:00,250.27000000000004,250.48000000000005,249.70000000000005,250.42000000000004,1581
2026-04-07T13:55:00+00:00,250.42000000000004,250.67000000000004,249.95000000000005,249.96000000000004,1373
2026-04-07T14:00:00+00:00,249.96000000000004,250.38000000000005,249.76000000000005,250.15000000000006,1271
2026-04-07T14:05:00+00:00,250.15000000000006,250.31000000000006,249.34000000000006,249.78000000000006,1375
2026-04-07T14:10:00+00:00,249.78000000000006,249.90000000000006,249.17000000000004,249.22000000000006,1275
2026-04-07T14:15:00+00:00,249.22000000000006,249.35000000000005,248.85000000000005,248.88000000000005,1335
2026-04-07T14:20:00+00:00,248.88000000000005,249.30000000000004,248.84000000000006,249.04000000000005,1487
2026-04-07T14:25:00+00:00,249.04000000000005,249.19000000000005,248.27000000000004,248.35000000000005,1353
2026-04-07T14:30:00+00:00,248.35000000000005,248.81000000000006,247.96000000000004,248.65000000000006,1380
2026-04-07T14:35:00+00:00,248.65000000000006,248.70000000000005,248.20000000000005,248.52000000000004,1176
2026-04-07T14:40:00+00:00,248.52000000000004,248.59000000000006,247.91000000000005,248.01000000000005,1034
2026-04-07T14:45:00+00:00,248.01000000000005,248.39000000000004,247.82000000000005,247.99000000000004,1199
2026-04-07T14:50:00+00:00,247.99000000000004,248.14000000000004,247.18000000000006,247.21000000000004,1096
2026-04-07T14:55:00+00:00,247.21000000000004,247.39000000000004,246.70000000000005,246.86000000000004,1063
2026-04-07T15:00:00+00:00,246.86000000000004,246.95000000000005,246.39000000000004,246.62000000000006,1159
2026-04-07T15:05:00+00:00,246.62000000000006,247.00000000000006,246.57000000000005,247.00000000000006,1197
2026-04-07T15:10:00+00:00,247.00000000000006,247.59000000000006,246.91000000000005,247.52000000000004,1121
2026-04-07T15:15:00+00:00,247.52000000000004,248.28000000000006,247.51000000000005,248.02000000000004,1383
2026-04-07T15:20:00+00:00,248.02000000000004,248.11000000000004,247.57000000000005,247.96000000000004,1018
2026-04-07T15:25:00+00:00,247.96000000000004,248.55000000000004,247.92000000000004,248.49000000000004,980
2026-04-07T15:30:00+00:00,248.49000000000004,248.58000000000004,248.10000000000005,248.25000000000006,910
2026-04-07T15:35:00+00:00,248.25000000000006,248.58000000000004,248.09000000000006,248.33000000000004,845
2026-04-07T15:40:00+00:00,248.33000000000004,248.56000000000006,248.21000000000004,248.43000000000006,708
2026-04-07T15:45:00+00:00,248.43000000000006,248.71000000000004,248.43000000000006,248.70000000000005,666
2026-04-07T15:50:00+00:00,248.70000000000005,248.90000000000006,248.60000000000005,248.75000000000006,720
2026-04-07T15:55:00+00:00,248.75000000000006,249.21000000000004,248.70000000000005,249.15000000000006,1005
2026-04-07T16:00:00+00:00,249.15000000000006,250.09000000000006,249.14000000000004,249.97000000000006,1272
2026-04-07T16:05:00+00:00,249.97000000000006,250.00000000000006,249.36000000000004,249.67000000000004,1052
2026-04-07T16:10:00+00:00,249.67000000000004,249.95000000000005,249.65000000000006,249.88000000000005,682
2026-04-07T16:15:00+00:00,249.88000000000005,249.97000000000006,249.50000000000006,249.78000000000006,736
2026-04-07T16:20:00+00:00,249.78000000000006,250.91000000000005,249.66000000000005,250.70000000000005,1169
2026-04-07T16:25:00+00:00,250.70000000000005,250.99000000000004,250.50000000000006,250.84000000000006,944
2026-04-07T16:30:00+00:00,250.84000000000006,251.04000000000005,250.63000000000005,250.89000000000004,805
2026-04-07T16:35:00+00:00,250.89000000000004,250.93000000000006,250.35000000000005,250.49000000000004,784
2026-04-07T16:40:00+00:00,250.49000000000004,250.72000000000006,250.48000000000005,250.64000000000004,544
2026-04-07T16:45:00+00:00,250.64000000000004,251.07000000000005,250.63000000000005,250.86000000000004,719
2026-04-07T16:50:00+00:00,250.86000000000004,250.89000000000004,250.63000000000005,250.68000000000006,584
2026-04-07T16:55:00+00:00,250.68000000000006,250.77000000000004,250.47000000000006,250.73000000000005,655
2026-04-07T17:00:00+00:00,250.73000000000005,253.96000000000004,250.45000000000005,252.40000000000006,1707
2026-04-07T17:05:00+00:00,252.40000000000006,252.73000000000005,251.90000000000006,252.22000000000006,1043
2026-04-07T17:10:00+00:00,252.22000000000006,252.44000000000005,252.02000000000004,252.14000000000004,906
2026-04-07T17:15:00+00:00,252.14000000000004,252.54000000000005,252.03000000000006,252.44000000000005,1008
2026-04-07T17:20:00+00:00,252.44000000000005,252.77000000000004,252.30000000000004,252.60000000000005,845
2026-04-07T17:25:00+00:00,252.60000000000005,252.60000000000005,251.97000000000006,252.29000000000005,723
2026-04-07T17:30:00+00:00,252.29000000000005,252.88000000000005,252.20000000000005,252.86000000000004,807
2026-04-07T17:35:00+00:00,252.86000000000004,253.42000000000004,252.62000000000006,252.70000000000005,1177
2026-04-07T17:40:00+00:00,252.70000000000005,252.73000000000005,252.26000000000005,252.30000000000004,854
2026-04-07T17:45:00+00:00,252.30000000000004,252.42000000000004,251.99000000000004,252.23000000000005,667
2026-04-07T17:50:00+00:00,252.23000000000005,252.62000000000006,252.22000000000006,252.30000000000004,616
2026-04-07T17:55:00+00:00,252.30000000000004,252.41000000000005,252.10000000000005,252.41000000000005,631
2026-04-07T18:00:00+00:00,252.41000000000005,252.68000000000006,252.24000000000004,252.63000000000005,694
2026-04-07T18:05:00+00:00,252.63000000000005,252.63000000000005,252.25000000000006,252.42000000000004,560
2026-04-07T18:10:00+00:00,252.42000000000004,252.63000000000005,252.36000000000004,252.37000000000006,460
2026-04-07T18:15:00+00:00,252.37000000000006,252.59000000000006,252.34000000000006,252.43000000000006,488
2026-04-07T18:20:00+00:00,252.43000000000006,252.49000000000004,251.99000000000004,252.04000000000005,624
2026-04-07T18:25:00+00:00,252.04000000000005,252.18000000000006,251.98000000000005,252.04000000000005,745
2026-04-07T18:30:00+00:00,252.04000000000005,252.27000000000004,251.79000000000005,252.04000000000005,609
2026-04-07T18:35:00+00:00,252.04000000000005,252.14000000000004,251.82000000000005,251.87000000000006,559
2026-04-07T18:40:00+00:00,251.87000000000006,252.05000000000004,251.67000000000004,251.81000000000006,788
2026-04-07T18:45:00+00:00,251.81000000000006,251.82000000000005,251.33000000000004,251.40000000000006,677
2026-04-07T18:50:00+00:00,251.40000000000006,251.46000000000004,250.99000000000004,251.01000000000005,710
2026-04-07T18:55:00+00:00,251.01000000000005,251.12000000000006,250.80000000000004,251.03000000000006,856
2026-04-07T19:00:00+00:00,251.03000000000006,251.29000000000005,250.89000000000004,251.11000000000004,872
2026-04-07T19:05:00+00:00,251.11000000000004,251.67000000000004,250.97000000000006,251.47000000000006,1160
2026-04-07T19:10:00+00:00,251.47000000000006,251.96000000000004,251.45000000000005,251.82000000000005,961
2026-04-07T19:15:00+00:00,251.82000000000005,253.00000000000006,251.79000000000005,252.86000000000004,1675
2026-04-07T19:20:00+00:00,252.86000000000004,253.20000000000005,252.27000000000004,252.54000000000005,2080
2026-04-07T19:25:00+00:00,252.54000000000005,252.97000000000006,252.43000000000006,252.63000000000005,1435
2026-04-07T19:30:00+00:00,252.63000000000005,252.63000000000005,252.21000000000004,252.42000000000004,1221
2026-04-07T19:35:00+00:00,252.42000000000004,252.44000000000005,252.14000000000004,252.30000000000004,1075
2026-04-07T19:40:00+00:00,252.30000000000004,253.10000000000005,252.18000000000006,252.82000000000005,1572
2026-04-07T19:45:00+00:00,252.82000000000005,253.88000000000005,252.66000000000005,253.02000000000004,2274
2026-04-07T19:50:00+00:00,253.02000000000004,253.79000000000005,253.02000000000004,253.73000000000005,1953
2026-04-07T19:55:00+00:00,253.73000000000005,254.32000000000005,253.56000000000006,254.26000000000005,2075
2026-04-08T13:30:00+00:00,254.26000000000005,259.13000000000005,254.26000000000005,258.58000000000004,1390
2026-04-08T13:35:00+00:00,258.58000000000004,258.70000000000005,257.43000000000006,257.51000000000005,1599
2026-04-08T13:40:00+00:00,257.51000000000005,258.22,257.22,257.87000000000006,1431
2026-04-08T13:45:00+00:00,257.87000000000006,259.44000000000005,257.80000000000007,259.32000000000005,1466
2026-04-08T13:50:00+00:00,259.32000000000005,259.38000000000005,258.59000000000003,258.91,1543
2026-04-08T13:55:00+00:00,258.91,259.41,258.77000000000004,259.22,1537
2026-04-08T14:00:00+00:00,259.22,259.7900000000001,258.95000000000005,259.52000000000004,1503
2026-04-08T14:05:00+00:00,259.52000000000004,260.44000000000005,259.21000000000004,259.97,1495
2026-04-08T14:10:00+00:00,259.97,260.13000000000005,259.49000000000007,259.52000000000004,1162
2026-04-08T14:15:00+00:00,259.52000000000004,259.82000000000005,259.00000000000006,259.07000000000005,1109
2026-04-08T14:20:00+00:00,259.07000000000005,259.63000000000005,259.0400000000001,259.1,1165
2026-04-08T14:25:00+00:00,259.1,259.31000000000006,258.74000000000007,258.7900000000001,1130
2026-04-08T14:30:00+00:00,258.7900000000001,258.85,258.32000000000005,258.71000000000004,1291
2026-04-08T14:35:00+00:00,258.71000000000004,259.1,258.62000000000006,259.02000000000004,1178
2026-04-08T14:40:00+00:00,259.02000000000004,259.28000000000003,258.83000000000004,258.99000000000007,1072
2026-04-08T14:45:00+00:00,258.99000000000007,259.46000000000004,258.77000000000004,259.30000000000007,1116
2026-04-08T14:50:00+00:00,259.30000000000007,259.46000000000004,258.99000000000007,259.36000000000007,1088
2026-04-08T14:55:00+00:00,259.36000000000007,259.61000000000007,259.05000000000007,259.61000000000007,1342.090425531915
2026-04-08T15:00:00+00:00,259.61000000000007,260.2100000000001,259.5300000000001,260.0900000000001,1131
2026-04-08T15:05:00+00:00,260.0900000000001,260.2200000000001,259.4800000000001,259.4800000000001,1015
2026-04-08T15:10:00+00:00,259.4800000000001,259.5300000000001,258.9700000000001,259.0400000000001,961
2026-04-08T15:15:00+00:00,259.0400000000001,259.1700000000001,258.7800000000001,258.9900000000001,836
2026-04-08T15:20:00+00:00,258.9900000000001,258.9900000000001,258.5200000000001,258.5900000000001,846
2026-04-08T15:25:00+00:00,258.5900000000001,258.6600000000001,258.2200000000001,258.2200000000001,1003
2026-04-08T15:30:00+00:00,258.2200000000001,258.7400000000001,258.0600000000001,258.6900000000001,1018
2026-04-08T15:35:00+00:00,258.6900000000001,258.7400000000001,258.4200000000001,258.6200000000001,743
2026-04-08T15:40:00+00:00,258.6200000000001,258.8800000000001,258.4400000000001,258.7600000000001,631
2026-04-08T15:45:00+00:00,258.7600000000001,259.11000000000007,258.6600000000001,258.7000000000001,660
2026-04-08T15:50:00+00:00,258.7000000000001,258.8000000000001,258.2100000000001,258.3200000000001,570
2026-04-08T15:55:00+00:00,258.3200000000001,258.4100000000001,258.1200000000001,258.3000000000001,591
2026-04-08T16:00:00+00:00,258.3000000000001,258.9000000000001,258.2100000000001,258.7400000000001,707
2026-04-08T16:05:00+00:00,258.7400000000001,258.7900000000001,258.5000000000001,258.5300000000001,608
2026-04-08T16:10:00+00:00,258.5300000000001,258.6500000000001,258.2100000000001,258.2300000000001,618
2026-04-08T16:15:00+00:00,258.2300000000001,258.2700000000001,257.7900000000001,257.8800000000001,752
2026-04-08T16:20:00+00:00,257.8800000000001,258.2400000000001,257.8700000000001,258.1700000000001,663
2026-04-08T16:25:00+00:00,258.1700000000001,258.2700000000001,258.0300000000001,258.1000000000001,640
2026-04-08T16:30:00+00:00,258.1000000000001,258.61000000000007,258.0800000000001,258.61000000000007,655
2026-04-08T16:35:00+00:00,258.61000000000007,258.7200000000001,258.4300000000001,258.5300000000001,676
2026-04-08T16:40:00+00:00,258.5300000000001,259.0200000000001,258.4700000000001,258.9700000000001,629
2026-04-08T16:45:00+00:00,258.9700000000001,259.1600000000001,258.9000000000001,259.0000000000001,543
2026-04-08T16:50:00+00:00,259.0000000000001,259.2600000000001,258.9300000000001,259.2000000000001,452
2026-04-08T16:55:00+00:00,259.2000000000001,259.4000000000001,259.0400000000001,259.1200000000001,570
2026-04-08T17:00:00+00:00,259.1200000000001,259.3400000000001,259.0500000000001,259.11000000000007,474
2026-04-08T17:05:00+00:00,259.11000000000007,259.1500000000001,258.8100000000001,258.9500000000001,599
2026-04-08T17:10:00+00:00,258.9500000000001,259.2800000000001,258.9200000000001,259.1400000000001,497
2026-04-08T17:15:00+00:00,259.1400000000001,259.3400000000001,258.86000000000007,258.8900000000001,555
2026-04-08T17:20:00+00:00,258.8900000000001,258.9200000000001,258.4900000000001,258.5200000000001,795
2026-04-08T17:25:00+00:00,258.5200000000001,258.5600000000001,258.2100000000001,258.2200000000001,798
2026-04-08T17:30:00+00:00,258.2200000000001,258.5600000000001,258.1500000000001,258.4100000000001,816
2026-04-08T17:35:00+00:00,258.4100000000001,258.4300000000001,258.0900000000001,258.2800000000001,830
2026-04-08T17:40:00+00:00,258.2800000000001,258.8100000000001,258.2100000000001,258.7100000000001,687
2026-04-08T17:45:00+00:00,258.7100000000001,258.86000000000007,258.5500000000001,258.5500000000001,438
2026-04-08T17:50:00+00:00,258.5500000000001,258.6700000000001,258.5200000000001,258.5600000000001,404
2026-04-08T17:55:00+00:00,258.5600000000001,258.5600000000001,258.3800000000001,258.4100000000001,357
2026-04-08T18:00:00+00:00,258.4100000000001,258.4300000000001,258.1200000000001,258.2300000000001,762
2026-04-08T18:05:00+00:00,258.2300000000001,258.6500000000001,258.1800000000001,258.5700000000001,601
2026-04-08T18:10:00+00:00,258.5700000000001,258.6000000000001,258.1900000000001,258.3000000000001,497
2026-04-08T18:15:00+00:00,258.3000000000001,258.5000000000001,257.61000000000007,257.6700000000001,1062
2026-04-08T18:20:00+00:00,257.6700000000001,258.0500000000001,257.61000000000007,257.9700000000001,1246
2026-04-08T18:25:00+00:00,257.9700000000001,258.1000000000001,257.8200000000001,257.9100000000001,919
2026-04-08T18:30:00+00:00,257.9100000000001,258.2700000000001,257.9100000000001,258.0500000000001,792
2026-04-08T18:35:00+00:00,258.0500000000001,258.2100000000001,258.0200000000001,258.0400000000001,513
2026-04-08T18:40:00+00:00,258.0400000000001,258.0600000000001,257.8200000000001,257.9100000000001,708
2026-04-08T18:45:00+00:00,257.9100000000001,258.0700000000001,257.8300000000001,257.8800000000001,607
2026-04-08T18:50:00+00:00,257.8800000000001,258.4300000000001,257.8700000000001,258.3300000000001,591
2026-04-08T18:55:00+00:00,258.3300000000001,258.3500000000001,258.0100000000001,258.1000000000001,803
2026-04-08T19:00:00+00:00,258.1000000000001,258.4900000000001,257.8900000000001,258.1800000000001,1334
2026-04-08T19:05:00+00:00,258.1800000000001,258.5100000000001,258.1600000000001,258.2200000000001,968
2026-04-08T19:10:00+00:00,258.2200000000001,258.5500000000001,258.2100000000001,258.4500000000001,837
2026-04-08T19:15:00+00:00,258.4500000000001,258.5200000000001,258.0800000000001,258.2500000000001,935
2026-04-08T19:20:00+00:00,258.2500000000001,258.3400000000001,257.9800000000001,258.3100000000001,1011
2026-04-08T19:25:00+00:00,258.3100000000001,258.4900000000001,257.7900000000001,257.9100000000001,1125
2026-04-08T19:30:00+00:00,257.9100000000001,258.5800000000001,257.8700000000001,258.5700000000001,1039
2026-04-08T19:35:00+00:00,258.5700000000001,258.7900000000001,258.4400000000001,258.7800000000001,1287
2026-04-08T19:40:00+00:00,258.7800000000001,258.9900000000001,258.3900000000001,258.7400000000001,1156
2026-04-08T19:45:00+00:00,258.7400000000001,258.9300000000001,258.6900000000001,258.9000000000001,1244
2026-04-08T19:50:00+00:00,258.9000000000001,259.2500000000001,258.7900000000001,259.0600000000001,1441
2026-04-08T19:55:00+00:00,259.0600000000001,259.7600000000001,258.8700000000001,259.7600000000001,1488
2026-04-09T13:30:00+00:00,259.7600000000001,260.6400000000001,258.8200000000001,259.5700000000001,843
2026-04-09T13:35:00+00:00,259.5700000000001,259.6700000000001,259.11000000000007,259.5700000000001,1220
2026-04-09T13:40:00+00:00,259.5700000000001,259.6800000000001,258.6400000000001,258.6900000000001,1024
2026-04-09T13:45:00+00:00,258.6900000000001,259.0400000000001,258.5000000000001,258.5800000000001,1049
2026-04-09T13:50:00+00:00,258.5800000000001,258.61000000000007,257.5900000000001,257.6200000000001,877
2026-04-09T13:55:00+00:00,257.6200000000001,257.7200000000001,256.81000000000006,256.9200000000001,1023
2026-04-09T14:00:00+00:00,256.9200000000001,257.7200000000001,256.7900000000001,257.6800000000001,885
2026-04-09T14:05:00+00:00,257.6800000000001,258.3400000000001,257.5600000000001,258.1200000000001,884
2026-04-09T14:10:00+00:00,258.1200000000001,258.8800000000001,258.0600000000001,258.4500000000001,1013
2026-04-09T14:15:00+00:00,258.4500000000001,258.8400000000001,258.3700000000001,258.6700000000001,923
2026-04-09T14:20:00+00:00,258.6700000000001,258.8200000000001,258.5400000000001,258.6400000000001,824
2026-04-09T14:25:00+00:00,258.6400000000001,258.6900000000001,258.1400000000001,258.5300000000001,833
2026-04-09T14:30:00+00:00,258.5300000000001,258.7400000000001,258.3700000000001,258.6200000000001,663
2026-04-09T14:35:00+00:00,258.6200000000001,258.86000000000007,258.3900000000001,258.7900000000001,681
2026-04-09T14:40:00+00:00,258.7900000000001,258.9600000000001,258.6300000000001,258.6700000000001,649
2026-04-09T14:45:00+00:00,258.6700000000001,258.86000000000007,258.3100000000001,258.3300000000001,719
2026-04-09T14:50:00+00:00,258.3300000000001,258.4500000000001,258.2400000000001,258.3500000000001,572
2026-04-09T14:55:00+00:00,258.3500000000001,258.4900000000001,258.0400000000001,258.3400000000001,671
2026-04-09T15:00:00+00:00,258.3400000000001,258.5500000000001,258.2100000000001,258.2700000000001,690
2026-04-09T15:05:00+00:00,258.2700000000001,258.4900000000001,258.2100000000001,258.2300000000001,468
2026-04-09T15:10:00+00:00,258.2300000000001,258.4500000000001,258.0600000000001,258.4000000000001,645
2026-04-09T15:15:00+00:00,258.4000000000001,258.5400000000001,258.2400000000001,258.4100000000001,704
2026-04-09T15:20:00+00:00,258.4100000000001,258.6300000000001,258.36000000000007,258.5200000000001,641
2026-04-09T15:25:00+00:00,258.5200000000001,258.5500000000001,258.0800000000001,258.2200000000001,625
2026-04-09T15:30:00+00:00,258.2200000000001,259.0200000000001,258.1600000000001,258.7200000000001,1220
2026-04-09T15:35:00+00:00,258.7200000000001,258.8900000000001,258.2700000000001,258.4500000000001,1052
2026-04-09T15:40:00+00:00,258.4500000000001,258.6700000000001,258.3300000000001,258.4800000000001,683
2026-04-09T15:45:00+00:00,258.4800000000001,259.1800000000001,258.36000000000007,258.9400000000001,854
2026-04-09T15:50:00+00:00,258.9400000000001,259.1000000000001,258.8000000000001,259.1000000000001,801
2026-04-09T15:55:00+00:00,259.1000000000001,259.4100000000001,259.0800000000001,259.3500000000001,675
2026-04-09T16:00:00+00:00,259.3500000000001,260.1900000000001,259.3100000000001,259.86000000000007,868
2026-04-09T16:05:00+00:00,259.86000000000007,260.0600000000001,259.7900000000001,259.8800000000001,757
2026-04-09T16:10:00+00:00,259.8800000000001,259.9700000000001,259.6000000000001,259.6500000000001,715
2026-04-09T16:15:00+00:00,259.6500000000001,259.9500000000001,259.5200000000001,259.9200000000001,732
2026-04-09T16:20:00+00:00,259.9200000000001,259.9400000000001,259.7200000000001,259.7300000000001,513
2026-04-09T16:25:00+00:00,259.7300000000001,259.8800000000001,259.6500000000001,259.8300000000001,486
2026-04-09T16:30:00+00:00,259.8300000000001,259.8700000000001,259.6400000000001,259.7700000000001,543
2026-04-09T16:35:00+00:00,259.7700000000001,259.8800000000001,259.5000000000001,259.6000000000001,503
2026-04-09T16:40:00+00:00,259.6000000000001,259.7400000000001,259.5200000000001,259.6500000000001,457
2026-04-09T16:45:00+00:00,259.6500000000001,259.7400000000001,259.4900000000001,259.6900000000001,466
2026-04-09T16:50:00+00:00,259.6900000000001,260.1900000000001,259.6700000000001,260.0700000000001,587
2026-04-09T16:55:00+00:00,260.0700000000001,260.36000000000007,260.0500000000001,260.11000000000007,474
2026-04-09T17:00:00+00:00,260.11000000000007,260.4900000000001,260.11000000000007,260.4300000000001,563
2026-04-09T17:05:00+00:00,260.4300000000001,260.6600000000001,260.2700000000001,260.6000000000001,520
2026-04-09T17:10:00+00:00,260.6000000000001,260.7200000000001,260.5200000000001,260.6700000000001,509
2026-04-09T17:15:00+00:00,260.6700000000001,261.2400000000001,260.6200000000001,261.0900000000001,548
2026-04-09T17:20:00+00:00,261.0900000000001,261.1500000000001,260.7500000000001,260.8200000000001,534
2026-04-09T17:25:00+00:00,260.8200000000001,260.9000000000001,260.7100000000001,260.7700000000001,428
2026-04-09T17:30:00+00:00,260.7700000000001,260.9600000000001,260.5000000000001,260.86000000000007,531
2026-04-09T17:35:00+00:00,260.86000000000007,261.1500000000001,260.8200000000001,261.1200000000001,503
2026-04-09T17:40:00+00:00,261.1200000000001,261.1400000000001,260.61000000000007,260.7200000000001,431
2026-04-09T17:45:00+00:00,260.7200000000001,260.8700000000001,260.7100000000001,260.7900000000001,447
2026-04-09T17:50:00+00:00,260.7900000000001,260.8200000000001,260.5200000000001,260.6000000000001,532
2026-04-09T17:55:00+00:00,260.6000000000001,260.6600000000001,260.5300000000001,260.6500000000001,343
2026-04-09T18:00:00+00:00,260.6500000000001,260.7100000000001,259.9800000000001,260.2800000000001,909
2026-04-09T18:05:00+00:00,260.2800000000001,260.7200000000001,260.2800000000001,260.6900000000001,729
2026-04-09T18:10:00+00:00,260.6900000000001,260.7500000000001,260.5200000000001,260.6400000000001,629
2026-04-09T18:15:00+00:00,260.6400000000001,260.7600000000001,260.5600000000001,260.7000000000001,504
2026-04-09T18:20:00+00:00,260.7000000000001,260.7500000000001,260.3100000000001,260.3500000000001,493
2026-04-09T18:25:00+00:00,260.3500000000001,260.4800000000001,260.2700000000001,260.3300000000001,501
2026-04-09T18:30:00+00:00,260.3300000000001,260.3800000000001,260.1600000000001,260.2100000000001,566
2026-04-09T18:35:00+00:00,260.2100000000001,260.5200000000001,260.1800000000001,260.4600000000001,473
2026-04-09T18:40:00+00:00,260.4600000000001,260.5600000000001,260.2900000000001,260.4900000000001,513
2026-04-09T18:45:00+00:00,260.4900000000001,260.5800000000001,260.3800000000001,260.4500000000001,376
2026-04-09T18:50:00+00:00,260.4500000000001,260.5200000000001,260.3100000000001,260.4300000000001,439
2026-04-09T18:55:00+00:00,260.4300000000001,260.6700000000001,260.4300000000001,260.5800000000001,341
2026-04-09T19:00:00+00:00,260.5800000000001,260.9500000000001,260.5400000000001,260.9000000000001,732
2026-04-09T19:05:00+00:00,260.9000000000001,260.9200000000001,260.5300000000001,260.7100000000001,579
2026-04-09T19:10:00+00:00,260.7100000000001,261.0500000000001,260.6900000000001,260.8000000000001,719
2026-04-09T19:15:00+00:00,260.8000000000001,260.8800000000001,260.6000000000001,260.61000000000007,614
2026-04-09T19:20:00+00:00,260.61000000000007,260.8300000000001,260.5500000000001,260.8200000000001,539
2026-04-09T19:25:00+00:00,260.8200000000001,260.9800000000001,260.7000000000001,260.7700000000001,558
2026-04-09T19:30:00+00:00,260.7700000000001,261.0300000000001,260.7200000000001,261.0100000000001,703
2026-04-09T19:35:00+00:00,261.0100000000001,261.2800000000001,260.9500000000001,261.2300000000001,717
2026-04-09T19:40:00+00:00,261.2300000000001,261.5100000000001,261.1600000000001,261.5000000000001,729
2026-04-09T19:45:00+00:00,261.5000000000001,261.5700000000001,261.3300000000001,261.3900000000001,844
2026-04-09T19:50:00+00:00,261.3900000000001,261.7400000000001,261.3300000000001,261.4400000000001,1014
2026-04-09T19:55:00+00:00,261.4400000000001,261.4400000000001,261.0500000000001,261.1000000000001,1338
2026-04-10T13:30:00+00:00,261.1000000000001,261.1400000000001,259.7300000000001,260.4800000000001,1183
2026-04-10T13:35:00+00:00,260.4800000000001,261.3500000000001,260.4600000000001,260.9500000000001,1070
2026-04-10T13:40:00+00:00,260.9500000000001,261.0400000000001,260.3300000000001,260.4100000000001,964
2026-04-10T13:45:00+00:00,260.4100000000001,260.7900000000001,260.2100000000001,260.2600000000001,984
2026-04-10T13:50:00+00:00,260.2600000000001,261.1400000000001,260.2300000000001,261.0500000000001,949
2026-04-10T13:55:00+00:00,261.0500000000001,261.4200000000001,260.9600000000001,261.0300000000001,779
2026-04-10T14:00:00+00:00,261.0300000000001,261.9900000000001,260.8900000000001,261.9000000000001,1056
2026-04-10T14:05:00+00:00,261.9000000000001,262.0000000000001,261.5300000000001,261.8100000000001,901
2026-04-10T14:10:00+00:00,261.8100000000001,262.3400000000001,261.7100000000001,262.2900000000001,978
2026-04-10T14:15:00+00:00,262.2900000000001,262.5400000000001,262.2100000000001,262.36000000000007,698
2026-04-10T14:20:00+00:00,262.36000000000007,262.3900000000001,261.9300000000001,262.1500000000001,542
2026-04-10T14:25:00+00:00,262.1500000000001,262.4300000000001,262.1400000000001,262.2800000000001,646
2026-04-10T14:30:00+00:00,262.2800000000001,262.4700000000001,262.11000000000007,262.4600000000001,693
2026-04-10T14:35:00+00:00,262.4600000000001,262.8100000000001,262.4100000000001,262.6900000000001,644
2026-04-10T14:40:00+00:00,262.6900000000001,262.7000000000001,262.1400000000001,262.3000000000001,821
2026-04-10T14:45:00+00:00,262.3000000000001,262.6600000000001,262.2200000000001,262.4900000000001,745
2026-04-10T14:50:00+00:00,262.4900000000001,262.86000000000007,262.4200000000001,262.5300000000001,582
2026-04-10T14:55:00+00:00,262.5300000000001,262.6200000000001,262.3500000000001,262.46000000000004,581.1219774314884
2026-04-10T15:00:00+00:00,262.46000000000004,262.53000000000003,261.98,262.12000000000006,784
2026-04-10T15:05:00+00:00,262.12000000000006,262.30000000000007,261.91,261.96000000000004,641
2026-04-10T15:10:00+00:00,261.96000000000004,262.44000000000005,261.95000000000005,262.40000000000003,733
2026-04-10T15:15:00+00:00,262.40000000000003,262.58000000000004,262.13000000000005,262.15000000000003,633
2026-04-10T15:20:00+00:00,262.15000000000003,262.38000000000005,262.00000000000006,262.31000000000006,555
2026-04-10T15:25:00+00:00,262.31000000000006,262.31000000000006,261.99000000000007,262.05000000000007,517
2026-04-10T15:30:00+00:00,262.05000000000007,262.20000000000005,261.95000000000005,262.09000000000003,708
2026-04-10T15:35:00+00:00,262.09000000000003,262.35,261.95000000000005,261.98,618
2026-04-10T15:40:00+00:00,261.98,262.37000000000006,261.92,262.27000000000004,687
2026-04-10T15:45:00+00:00,262.27000000000004,262.52000000000004,262.25000000000006,262.38000000000005,562
2026-04-10T15:50:00+00:00,262.38000000000005,262.40000000000003,261.57000000000005,261.63000000000005,717
2026-04-10T15:55:00+00:00,261.63000000000005,261.74000000000007,261.51000000000005,261.6,858
2026-04-10T16:00:00+00:00,261.6,261.71000000000004,261.44000000000005,261.45000000000005,541
2026-04-10T16:05:00+00:00,261.45000000000005,261.59000000000003,261.31000000000006,261.50000000000006,546
2026-04-10T16:10:00+00:00,261.50000000000006,261.83000000000004,261.49000000000007,261.63000000000005,504
2026-04-10T16:15:00+00:00,261.63000000000005,261.74000000000007,261.38000000000005,261.46000000000004,543
2026-04-10T16:20:00+00:00,261.46000000000004,261.52000000000004,261.29,261.45000000000005,456
2026-04-10T16:25:00+00:00,261.45000000000005,261.50000000000006,261.20000000000005,261.30000000000007,476
2026-04-10T16:30:00+00:00,261.30000000000007,261.34000000000003,261.02000000000004,261.08000000000004,464
2026-04-10T16:35:00+00:00,261.08000000000004,261.14000000000004,260.88000000000005,260.97,425
2026-04-10T16:40:00+00:00,260.97,261.00000000000006,260.61000000000007,260.66,486
2026-04-10T16:45:00+00:00,260.66,261.11000000000007,260.54,261.04,548
2026-04-10T16:50:00+00:00,261.04,261.19000000000005,260.99000000000007,261.07000000000005,499
2026-04-10T16:55:00+00:00,261.07000000000005,261.11000000000007,260.95000000000005,261.04,333
2026-04-10T17:00:00+00:00,261.04,261.04,260.32000000000005,260.38000000000005,626
2026-04-10T17:05:00+00:00,260.38000000000005,260.55000000000007,260.33000000000004,260.34000000000003,391
2026-04-10T17:10:00+00:00,260.34000000000003,260.48,260.32000000000005,260.44000000000005,279
2026-04-10T17:15:00+00:00,260.44000000000005,260.52000000000004,260.32000000000005,260.39000000000004,412
2026-04-10T17:20:00+00:00,260.39000000000004,260.39000000000004,260.04,260.22,396
2026-04-10T17:25:00+00:00,260.22,260.37000000000006,259.97,260.02000000000004,340
2026-04-10T17:30:00+00:00,260.02000000000004,260.07000000000005,259.93000000000006,259.98,423
2026-04-10T17:35:00+00:00,259.98,260.08000000000004,259.79,260.08000000000004,313
2026-04-10T17:40:00+00:00,260.08000000000004,260.28000000000003,259.87000000000006,260.1,413
2026-04-10T17:45:00+00:00,260.1,260.17,259.93000000000006,260.07000000000005,336
2026-04-10T17:50:00+00:00,260.07000000000005,260.25000000000006,260.02000000000004,260.23,245
2026-04-10T17:55:00+00:00,260.23,260.61000000000007,260.22,260.44000000000005,372
2026-04-10T18:00:00+00:00,260.44000000000005,260.49000000000007,260.23,260.24000000000007,338
2026-04-10T18:05:00+00:00,260.24000000000007,260.46000000000004,260.17,260.32000000000005,370
2026-04-10T18:10:00+00:00,260.32000000000005,260.54,260.23,260.31000000000006,322
2026-04-10T18:15:00+00:00,260.31000000000006,260.56000000000006,260.29,260.48,264
2026-04-10T18:20:00+00:00,260.48,260.75000000000006,260.44000000000005,260.73,383
2026-04-10T18:25:00+00:00,260.73,260.91,260.66,260.90000000000003,432
2026-04-10T18:30:00+00:00,260.90000000000003,260.97,260.78000000000003,260.89000000000004,341
2026-04-10T18:35:00+00:00,260.89000000000004,260.89000000000004,260.68000000000006,260.74000000000007,378
2026-04-10T18:40:00+00:00,260.74000000000007,260.89000000000004,260.63000000000005,260.85,339
2026-04-10T18:45:00+00:00,260.85,260.89000000000004,260.69000000000005,260.74000000000007,219
2026-04-10T18:50:00+00:00,260.74000000000007,260.75000000000006,260.55000000000007,260.6,212
2026-04-10T18:55:00+00:00,260.6,260.6,260.45000000000005,260.50000000000006,272
2026-04-10T19:00:00+00:00,260.50000000000006,260.61000000000007,260.43000000000006,260.56000000000006,512
2026-04-10T19:05:00+00:00,260.56000000000006,260.75000000000006,260.40000000000003,260.46000000000004,554
2026-04-10T19:10:00+00:00,260.46000000000004,260.77000000000004,260.44000000000005,260.65000000000003,392
2026-04-10T19:15:00+00:00,260.65000000000003,260.67,260.34000000000003,260.39000000000004,578
2026-04-10T19:20:00+00:00,260.39000000000004,260.46000000000004,260.20000000000005,260.26000000000005,565
2026-04-10T19:25:00+00:00,260.26000000000005,260.51000000000005,260.12000000000006,260.50000000000006,645
2026-04-10T19:30:00+00:00,260.50000000000006,260.53000000000003,260.23,260.27000000000004,570
2026-04-10T19:35:00+00:00,260.27000000000004,260.32000000000005,260.07000000000005,260.27000000000004,628
2026-04-10T19:40:00+00:00,260.27000000000004,260.46000000000004,260.1,260.42,690
2026-04-10T19:45:00+00:00,260.42,260.59000000000003,260.34000000000003,260.41,668
2026-04-10T19:50:00+00:00,260.41,260.85,260.33000000000004,260.77000000000004,943
2026-04-10T19:55:00+00:00,260.77000000000004,261.31000000000006,260.76000000000005,261.22,1035
2026-04-13T13:30:00+00:00,261.22,261.22,258.77000000000004,259.31000000000006,810
2026-04-13T13:35:00+00:00,259.31000000000006,259.31000000000006,258.29,258.54,1131
2026-04-13T13:40:00+00:00,258.54,258.87000000000006,258.39000000000004,258.65000000000003,891
2026-04-13T13:45:00+00:00,258.65000000000003,259.00000000000006,258.25000000000006,258.91,1372
2026-04-13T13:50:00+00:00,258.91,259.24000000000007,258.05000000000007,258.35,1328
2026-04-13T13:55:00+00:00,258.35,258.54,257.97,258.30000000000007,1081
2026-04-13T14:00:00+00:00,258.30000000000007,258.39000000000004,257.46000000000004,257.77000000000004,1189
2026-04-13T14:05:00+00:00,257.77000000000004,258.33000000000004,257.42,258.29,1069
2026-04-13T14:10:00+00:00,258.29,258.77000000000004,258.25000000000006,258.65000000000003,974
2026-04-13T14:15:00+00:00,258.65000000000003,258.66,257.97,258.25000000000006,850
2026-04-13T14:20:00+00:00,258.25000000000006,258.70000000000005,257.87000000000006,258.36000000000007,1127
2026-04-13T14:25:00+00:00,258.36000000000007,258.37000000000006,257.93000000000006,258.08000000000004,894
2026-04-13T14:30:00+00:00,258.08000000000004,258.56000000000006,258.01000000000005,258.46000000000004,899
2026-04-13T14:35:00+00:00,258.46000000000004,258.48,257.92,257.99000000000007,756
2026-04-13T14:40:00+00:00,257.99000000000007,258.28000000000003,257.86000000000007,258.24000000000007,704
2026-04-13T14:45:00+00:00,258.24000000000007,258.25000000000006,257.88000000000005,257.92,983
2026-04-13T14:50:00+00:00,257.92,258.25000000000006,257.87000000000006,258.22,793
2026-04-13T14:55:00+00:00,258.22,258.6,258.05000000000007,258.57000000000005,819
2026-04-13T15:00:00+00:00,258.57000000000005,258.64000000000004,258.18000000000006,258.32000000000005,1151
2026-04-13T15:05:00+00:00,258.32000000000005,258.49000000000007,258.17,258.37000000000006,878
2026-04-13T15:10:00+00:00,258.37000000000006,258.57000000000005,258.26000000000005,258.47,734
2026-04-13T15:15:00+00:00,258.47,258.49000000000007,257.98,258.07000000000005,717
2026-04-13T15:20:00+00:00,258.07000000000005,258.37000000000006,258.03000000000003,258.20000000000005,671
2026-04-13T15:25:00+00:00,258.20000000000005,258.59000000000003,258.12000000000006,258.47,858
2026-04-13T15:30:00+00:00,258.47,258.53000000000003,258.23,258.31000000000006,850
2026-04-13T15:35:00+00:00,258.31000000000006,258.33000000000004,258.11000000000007,258.15000000000003,1024
2026-04-13T15:40:00+00:00,258.15000000000003,258.26000000000005,257.78000000000003,257.90000000000003,757
2026-04-13T15:45:00+00:00,257.90000000000003,257.96000000000004,257.78000000000003,257.85,506
2026-04-13T15:50:00+00:00,257.85,257.94000000000005,257.62000000000006,257.86000000000007,434
2026-04-13T15:55:00+00:00,257.86000000000007,257.99000000000007,257.67,257.79,506
2026-04-13T16:00:00+00:00,257.79,257.87000000000006,257.65000000000003,257.68000000000006,644
2026-04-13T16:05:00+00:00,257.68000000000006,258.05000000000007,257.54,257.76000000000005,1243
2026-04-13T16:10:00+00:00,257.76000000000005,257.82000000000005,257.68000000000006,257.73,733
2026-04-13T16:15:00+00:00,257.73,257.91,257.57000000000005,257.83000000000004,703
2026-04-13T16:20:00+00:00,257.83000000000004,258.20000000000005,257.77000000000004,258.15000000000003,1178
2026-04-13T16:25:00+00:00,258.15000000000003,258.64000000000004,258.09000000000003,258.54,939
2026-04-13T16:30:00+00:00,258.54,259.08000000000004,258.47,258.71000000000004,1251
2026-04-13T16:35:00+00:00,258.71000000000004,259.1,258.59000000000003,258.59000000000003,1196
2026-04-13T16:40:00+00:00,258.59000000000003,258.81000000000006,258.27000000000004,258.75000000000006,1355
2026-04-13T16:45:00+00:00,258.75000000000006,258.99000000000007,258.58000000000004,258.66,1042
2026-04-13T16:50:00+00:00,258.66,259.00000000000006,258.53000000000003,258.65000000000003,962
2026-04-13T16:55:00+00:00,258.65000000000003,258.71000000000004,258.48,258.61000000000007,814
2026-04-13T17:00:00+00:00,258.61000000000007,258.75000000000006,258.42,258.71000000000004,642
2026-04-13T17:05:00+00:00,258.71000000000004,258.76000000000005,258.51000000000005,258.62000000000006,666
2026-04-13T17:10:00+00:00,258.62000000000006,258.70000000000005,258.58000000000004,258.65000000000003,385
2026-04-13T17:15:00+00:00,258.65000000000003,258.98,258.64000000000004,258.85,593
2026-04-13T17:20:00+00:00,258.85,258.87000000000006,258.66,258.70000000000005,503
2026-04-13T17:25:00+00:00,258.70000000000005,258.75000000000006,258.57000000000005,258.61000000000007,475
2026-04-13T17:30:00+00:00,258.61000000000007,258.70000000000005,258.44000000000005,258.46000000000004,467
2026-04-13T17:35:00+00:00,258.46000000000004,258.56000000000006,258.37000000000006,258.52000000000004,687
2026-04-13T17:40:00+00:00,258.52000000000004,258.53000000000003,258.37000000000006,258.41,586
2026-04-13T17:45:00+00:00,258.41,258.47,258.31000000000006,258.40000000000003,483
2026-04-13T17:50:00+00:00,258.40000000000003,258.46000000000004,258.28000000000003,258.42,468
2026-04-13T17:55:00+00:00,258.42,258.62000000000006,258.33000000000004,258.36000000000007,549
2026-04-13T18:00:00+00:00,258.36000000000007,258.54,258.34000000000003,258.43000000000006,499
2026-04-13T18:05:00+00:00,258.43000000000006,258.6,258.39000000000004,258.54,406
2026-04-13T18:10:00+00:00,258.54,258.69000000000005,258.52000000000004,258.66,308
2026-04-13T18:15:00+00:00,258.66,258.83000000000004,258.62000000000006,258.78000000000003,300
2026-04-13T18:20:00+00:00,258.78000000000003,258.96000000000004,258.72,258.83000000000004,382
2026-04-13T18:25:00+00:00,258.83000000000004,258.84000000000003,258.63000000000005,258.64000000000004,416
2026-04-13T18:30:00+00:00,258.64000000000004,258.89000000000004,258.6,258.81000000000006,460
2026-04-13T18:35:00+00:00,258.81000000000006,258.98,258.74000000000007,258.93000000000006,389
2026-04-13T18:40:00+00:00,258.93000000000006,259.17,258.87000000000006,259.11000000000007,475
2026-04-13T18:45:00+00:00,259.11000000000007,259.22,259.02000000000004,259.06000000000006,450
2026-04-13T18:50:00+00:00,259.06000000000006,259.23,258.98,259.17,511
2026-04-13T18:55:00+00:00,259.17,259.26000000000005,259.1,259.14000000000004,591
2026-04-13T19:00:00+00:00,259.14000000000004,259.17,258.88000000000005,258.88000000000005,560
2026-04-13T19:05:00+00:00,258.88000000000005,258.89000000000004,258.57000000000005,258.64000000000004,411
2026-04-13T19:10:00+00:00,258.64000000000004,258.83000000000004,258.61000000000007,258.78000000000003,388
2026-04-13T19:15:00+00:00,258.78000000000003,258.86000000000007,258.72,258.77000000000004,388
2026-04-13T19:20:00+00:00,258.77000000000004,258.89000000000004,258.67,258.85,517
2026-04-13T19:25:00+00:00,258.85,258.85,258.59000000000003,258.6,418
2026-04-13T19:30:00+00:00,258.6,258.69000000000005,258.42,258.50000000000006,687
2026-04-13T19:35:00+00:00,258.50000000000006,258.62000000000006,258.39000000000004,258.54,512
2026-04-13T19:40:00+00:00,258.54,258.6,258.42,258.56000000000006,600
2026-04-13T19:45:00+00:00,258.56000000000006,258.69000000000005,258.36000000000007,258.52000000000004,610
2026-04-13T19:50:00+00:00,258.52000000000004,260.25000000000006,258.51000000000005,259.84000000000003,1581
2026-04-13T19:55:00+00:00,259.84000000000003,260.36000000000007,259.79,259.97,1522
2026-04-14T13:30:00+00:00,259.97,261.04,259.78000000000003,260.72,1206
2026-04-14T13:35:00+00:00,260.72,261.88000000000005,260.71000000000004,261.66,1493
2026-04-14T13:40:00+00:00,261.66,262.52000000000004,261.37000000000006,262.28000000000003,1314
2026-04-14T13:45:00+00:00,262.28000000000003,262.67,261.49000000000007,261.6,1352
2026-04-14T13:50:00+00:00,261.6,261.71000000000004,260.57000000000005,260.69000000000005,882
2026-04-14T13:55:00+00:00,260.69000000000005,260.86000000000007,260.13000000000005,260.20000000000005,865
2026-04-14T14:00:00+00:00,260.20000000000005,260.69000000000005,260.14000000000004,260.52000000000004,837
2026-04-14T14:05:00+00:00,260.52000000000004,261.11000000000007,260.52000000000004,260.97,819
2026-04-14T14:10:00+00:00,260.97,261.13000000000005,260.28000000000003,261.04,924
2026-04-14T14:15:00+00:00,261.04,261.05000000000007,260.27000000000004,260.28000000000003,943
2026-04-14T14:20:00+00:00,260.28000000000003,260.37000000000006,259.80000000000007,259.83000000000004,753
2026-04-14T14:25:00+00:00,259.83000000000004,260.31000000000006,259.81000000000006,260.09000000000003,761
2026-04-14T14:30:00+00:00,260.09000000000003,260.13000000000005,259.91,259.99000000000007,660
2026-04-14T14:35:00+00:00,259.99000000000007,260.20000000000005,259.59000000000003,259.62000000000006,740
2026-04-14T14:40:00+00:00,259.62000000000006,259.62000000000006,258.96000000000004,258.99000000000007,726
2026-04-14T14:45:00+00:00,258.99000000000007,259.01000000000005,258.57000000000005,258.63000000000005,760
2026-04-14T14:50:00+00:00,258.63000000000005,258.87000000000006,258.43000000000006,258.87000000000006,828
2026-04-14T14:55:00+00:00,258.87000000000006,258.96000000000004,258.57000000000005,258.61000000000007,763
2026-04-14T15:00:00+00:00,258.61000000000007,258.83000000000004,258.50000000000006,258.79,706
2026-04-14T15:05:00+00:00,258.79,258.92,258.6,258.77000000000004,689
2026-04-14T15:10:00+00:00,258.77000000000004,258.79,258.37000000000006,258.40000000000003,660
2026-04-14T15:15:00+00:00,258.40000000000003,258.59000000000003,258.39000000000004,258.49000000000007,570
2026-04-14T15:20:00+00:00,258.49000000000007,258.68000000000006,258.40000000000003,258.50000000000006,677
2026-04-14T15:25:00+00:00,258.50000000000006,258.95000000000005,258.50000000000006,258.78000000000003,643
2026-04-14T15:30:00+00:00,258.78000000000003,258.93000000000006,258.70000000000005,258.72,621
2026-04-14T15:35:00+00:00,258.72,258.86000000000007,258.50000000000006,258.68000000000006,651
2026-04-14T15:40:00+00:00,258.68000000000006,259.11000000000007,258.57000000000005,258.99000000000007,600
2026-04-14T15:45:00+00:00,258.99000000000007,259.06000000000006,258.52000000000004,258.58000000000004,642
2026-04-14T15:50:00+00:00,258.58000000000004,258.83000000000004,258.47,258.6,520
2026-04-14T15:55:00+00:00,258.6,258.68000000000006,258.40000000000003,258.51000000000005,531
2026-04-14T16:00:00+00:00,258.51000000000005,258.65000000000003,258.43000000000006,258.49000000000007,306
2026-04-14T16:05:00+00:00,258.49000000000007,258.51000000000005,258.08000000000004,258.11000000000007,439
2026-04-14T16:10:00+00:00,258.11000000000007,258.28000000000003,258.02000000000004,258.17,380
2026-04-14T16:15:00+00:00,258.17,258.22,257.95000000000005,258.15000000000003,376
2026-04-14T16:20:00+00:00,258.15000000000003,258.18000000000006,258.02000000000004,258.16,416
2026-04-14T16:25:00+00:00,258.16,258.52000000000004,258.07000000000005,258.46000000000004,439
2026-04-14T16:30:00+00:00,258.46000000000004,258.64000000000004,258.40000000000003,258.61000000000007,538
2026-04-14T16:35:00+00:00,258.61000000000007,259.12000000000006,258.6,259.05000000000007,556
2026-04-14T16:40:00+00:00,259.05000000000007,259.47,259.03000000000003,259.46000000000004,563
2026-04-14T16:45:00+00:00,259.46000000000004,260.34000000000003,259.46000000000004,260.29,598
2026-04-14T16:50:00+00:00,260.29,260.49000000000007,260.07000000000005,260.18000000000006,698
2026-04-14T16:55:00+00:00,260.18000000000006,260.24000000000007,259.91,260.09000000000003,525
2026-04-14T17:00:00+00:00,260.09000000000003,260.52000000000004,260.08000000000004,260.38000000000005,509
2026-04-14T17:05:00+00:00,260.38000000000005,260.52000000000004,260.23,260.31000000000006,426
2026-04-14T17:10:00+00:00,260.31000000000006,260.44000000000005,260.1,260.13000000000005,385
2026-04-14T17:15:00+00:00,260.13000000000005,260.30000000000007,260.06000000000006,260.21000000000004,406
2026-04-14T17:20:00+00:00,260.21000000000004,260.33000000000004,259.96000000000004,259.99000000000007,405
2026-04-14T17:25:00+00:00,259.99000000000007,259.99000000000007,259.30000000000007,259.43000000000006,498
2026-04-14T17:30:00+00:00,259.43000000000006,259.44000000000005,259.09000000000003,259.17,412
2026-04-14T17:35:00+00:00,259.17,259.20000000000005,258.66,258.72,546
2026-04-14T17:40:00+00:00,258.72,259.04,258.52000000000004,259.03000000000003,499
2026-04-14T17:45:00+00:00,259.03000000000003,259.18000000000006,258.88000000000005,259.07000000000005,507
2026-04-14T17:50:00+00:00,259.07000000000005,259.1,258.85,258.94000000000005,367
2026-04-14T17:55:00+00:00,258.94000000000005,259.19000000000005,258.92,259.16,384
2026-04-14T18:00:00+00:00,259.16,259.61000000000007,259.14000000000004,259.56000000000006,425
2026-04-14T18:05:00+00:00,259.56000000000006,259.64000000000004,259.45000000000005,259.49000000000007,384
2026-04-14T18:10:00+00:00,259.49000000000007,259.69000000000005,259.47,259.56000000000006,337
2026-04-14T18:15:00+00:00,259.56000000000006,259.56000000000006,259.32000000000005,259.34000000000003,320
2026-04-14T18:20:00+00:00,259.34000000000003,259.62000000000006,259.28000000000003,259.51000000000005,583
2026-04-14T18:25:00+00:00,259.51000000000005,259.76000000000005,259.44000000000005,259.54,579
2026-04-14T18:30:00+00:00,259.54,259.59000000000003,259.27000000000004,259.28000000000003,364
2026-04-14T18:35:00+00:00,259.28000000000003,259.33000000000004,259.13000000000005,259.19000000000005,386
2026-04-14T18:40:00+00:00,259.19000000000005,259.31000000000006,258.88000000000005,258.96000000000004,430
2026-04-14T18:45:00+00:00,258.96000000000004,259.06000000000006,258.80000000000007,258.82000000000005,339
2026-04-14T18:50:00+00:00,258.82000000000005,258.95000000000005,258.73,258.87000000000006,403
2026-04-14T18:55:00+00:00,258.87000000000006,258.88000000000005,258.67,258.76000000000005,238
2026-04-14T19:00:00+00:00,258.76000000000005,258.78000000000003,258.52000000000004,258.63000000000005,295
2026-04-14T19:05:00+00:00,258.63000000000005,258.88000000000005,258.62000000000006,258.79,408
2026-04-14T19:10:00+00:00,258.79,259.24000000000007,258.71000000000004,258.99000000000007,496
2026-04-14T19:15:00+00:00,258.99000000000007,259.32000000000005,258.97,259.03000000000003,432
2026-04-14T19:20:00+00:00,259.03000000000003,259.36000000000007,259.02000000000004,259.32000000000005,290
2026-04-14T19:25:00+00:00,259.32000000000005,259.45000000000005,258.99000000000007,259.08000000000004,403
2026-04-14T19:30:00+00:00,259.08000000000004,259.31000000000006,259.00000000000006,259.00000000000006,373
2026-04-14T19:35:00+00:00,259.00000000000006,259.46000000000004,258.91,259.40000000000003,447
2026-04-14T19:40:00+00:00,259.40000000000003,259.41,259.14000000000004,259.29,380
2026-04-14T19:45:00+00:00,259.29,259.31000000000006,258.97,259.01000000000005,322
2026-04-14T19:50:00+00:00,259.01000000000005,259.48,258.97,258.97,765
2026-04-14T19:55:00+00:00,258.97,259.66,258.97,259.66,989
2026-04-15T13:30:00+00:00,259.66,260.70000000000005,258.53000000000003,260.39000000000004,1740
2026-04-15T13:35:00+00:00,260.39000000000004,261.06000000000006,260.11000000000007,260.86000000000007,2074
2026-04-15T13:40:00+00:00,260.86000000000007,260.95000000000005,259.17,259.32000000000005,1651
2026-04-15T13:45:00+00:00,259.32000000000005,259.64000000000004,258.61000000000007,258.76000000000005,1509
2026-04-15T13:50:00+00:00,258.76000000000005,259.32000000000005,258.76000000000005,259.09000000000003,1317
2026-04-15T13:55:00+00:00,259.09000000000003,259.71000000000004,259.09000000000003,259.36000000000007,951
2026-04-15T14:00:00+00:00,259.36000000000007,260.01000000000005,259.34000000000003,259.87000000000006,1046
2026-04-15T14:05:00+00:00,259.87000000000006,260.34000000000003,259.78000000000003,260.19000000000005,1095
2026-04-15T14:10:00+00:00,260.19000000000005,260.94000000000005,260.08000000000004,260.92,1114
2026-04-15T14:15:00+00:00,260.92,261.81000000000006,260.92,261.6,1073
2026-04-15T14:20:00+00:00,261.6,261.72,261.06000000000006,261.34000000000003,1097
2026-04-15T14:25:00+00:00,261.34000000000003,261.47,261.13000000000005,261.47,938
2026-04-15T14:30:00+00:00,261.47,261.90000000000003,261.37000000000006,261.49000000000007,953
2026-04-15T14:35:00+00:00,261.49000000000007,261.71000000000004,261.19000000000005,261.19000000000005,909
2026-04-15T14:40:00+00:00,261.19000000000005,262.11000000000007,261.18000000000006,262.06000000000006,844
2026-04-15T14:45:00+00:00,262.06000000000006,262.80000000000007,261.97,262.76000000000005,943
2026-04-15T14:50:00+00:00,262.76000000000005,263.53000000000003,262.42,263.50000000000006,964
2026-04-15T14:55:00+00:00,263.50000000000006,264.08000000000004,263.39000000000004,263.7,1132.8057780320366
2026-04-15T15:00:00+00:00,263.7,264.71,263.7,264.65999999999997,1035
2026-04-15T15:05:00+00:00,264.65999999999997,264.86,263.53,263.63,1062
2026-04-15T15:10:00+00:00,263.63,264.36,263.62,264.23,899
2026-04-15T15:15:00+00:00,264.23,264.3,263.6,263.84,942
2026-04-15T15:20:00+00:00,263.84,263.84,263.21,263.56,1053
2026-04-15T15:25:00+00:00,263.56,263.95,263.46999999999997,263.88,846
2026-04-15T15:30:00+00:00,263.88,264.33,263.73,264.31,990
2026-04-15T15:35:00+00:00,264.31,264.51,264,264.14,667
2026-04-15T15:40:00+00:00,264.14,264.61,264.1,264.4,706
2026-04-15T15:45:00+00:00,264.4,264.57,264.28,264.46999999999997,698
2026-04-15T15:50:00+00:00,264.46999999999997,265.5,264.46999999999997,265.35,835
2026-04-15T15:55:00+00:00,265.35,265.51,264.96999999999997,265.12,879
2026-04-15T16:00:00+00:00,265.12,265.77,264.96999999999997,265.74,783
2026-04-15T16:05:00+00:00,265.74,266.15999999999997,265.26,266.12,710
2026-04-15T16:10:00+00:00,266.12,266.18,265.9,266.05,567
2026-04-15T16:15:00+00:00,266.05,266.25,265.77,265.81,621
2026-04-15T16:20:00+00:00,265.81,265.85,265.56,265.8,641
2026-04-15T16:25:00+00:00,265.8,265.88,265.29,265.3,717
2026-04-15T16:30:00+00:00,265.3,265.79,264.99,265.73,702
2026-04-15T16:35:00+00:00,265.73,266.1,265.53,266,820
2026-04-15T16:40:00+00:00,266,266.15999999999997,265.49,265.55,1314
2026-04-15T16:45:00+00:00,265.55,265.65,265.31,265.53,1184
2026-04-15T16:50:00+00:00,265.53,265.63,265.1,265.29,1103
2026-04-15T16:55:00+00:00,265.29,266.21,265.29,266.2,1036
2026-04-15T17:00:00+00:00,266.2,266.35,265.98,266.34,777
2026-04-15T17:05:00+00:00,266.34,266.55,266.1,266.28,663
2026-04-15T17:10:00+00:00,266.28,266.42,266.21999999999997,266.34,534
2026-04-15T17:15:00+00:00,266.34,266.46999999999997,265.88,265.90999999999997,541
2026-04-15T17:20:00+00:00,265.90999999999997,266.01,265.65999999999997,265.76,632
2026-04-15T17:25:00+00:00,265.76,265.88,265.57,265.71,581
2026-04-15T17:30:00+00:00,265.71,265.73,265.5,265.68,488
2026-04-15T17:35:00+00:00,265.68,265.77,265.46,265.52,455
2026-04-15T17:40:00+00:00,265.52,265.57,265.36,265.54,706
2026-04-15T17:45:00+00:00,265.54,265.68,265.43,265.45,412
2026-04-15T17:50:00+00:00,265.45,265.62,265.43,265.52,472
2026-04-15T17:55:00+00:00,265.52,265.57,265.15,265.15999999999997,480
2026-04-15T18:00:00+00:00,265.15999999999997,265.69,265.05,265.53,1325
2026-04-15T18:05:00+00:00,265.53,265.8,265.46999999999997,265.78,666
2026-04-15T18:10:00+00:00,265.78,265.88,265.62,265.79,512
2026-04-15T18:15:00+00:00,265.79,265.98,265.77,265.84,577
2026-04-15T18:20:00+00:00,265.84,266.05,265.73,265.96999999999997,530
2026-04-15T18:25:00+00:00,265.96999999999997,266.02,265.86,265.93,532
2026-04-15T18:30:00+00:00,265.93,266.35,265.90999999999997,266.35,517
2026-04-15T18:35:00+00:00,266.35,266.45,266.29,266.40999999999997,398
2026-04-15T18:40:00+00:00,266.40999999999997,266.46,266.15,266.36,444
2026-04-15T18:45:00+00:00,266.36,266.5,266.35,266.42,312
2026-04-15T18:50:00+00:00,266.42,266.48,266.37,266.42,385
2026-04-15T18:55:00+00:00,266.42,266.63,266.39,266.42,460
2026-04-15T19:00:00+00:00,266.42,266.55,266.13,266.29,609
2026-04-15T19:05:00+00:00,266.29,266.37,266.21999999999997,266.26,673
2026-04-15T19:10:00+00:00,266.26,266.38,266.06,266.21,697
2026-04-15T19:15:00+00:00,266.21,266.42,266.2,266.29,713
2026-04-15T19:20:00+00:00,266.29,266.3,266.11,266.28,623
2026-04-15T19:25:00+00:00,266.28,266.46,266.03,266.07,631
2026-04-15T19:30:00+00:00,266.07,266.51,266,266.48,614
2026-04-15T19:35:00+00:00,266.48,266.69,266.46,266.62,618
2026-04-15T19:40:00+00:00,266.62,266.62,266.26,266.52,817
2026-04-15T19:45:00+00:00,266.52,266.76,266.44,266.54,796
2026-04-15T19:50:00+00:00,266.54,266.98,266.43,266.74,1216
2026-04-15T19:55:00+00:00,266.74,267.31,266.74,267.15999999999997,1259
2026-04-16T13:30:00+00:00,267.15999999999997,267.79,264.53,264.81,1614
2026-04-16T13:35:00+00:00,264.81,264.87,263.71999999999997,263.74,1854
2026-04-16T13:40:00+00:00,263.74,263.89,262.99,263.65999999999997,2071
2026-04-16T13:45:00+00:00,263.65999999999997,263.73,262.77,263.71,1716
2026-04-16T13:50:00+00:00,263.71,263.76,263.2,263.43,2047
2026-04-16T13:55:00+00:00,263.43,263.57,263.05,263.1,1777
2026-04-16T14:00:00+00:00,263.1,263.3,262.82,263.21,1741
2026-04-16T14:05:00+00:00,263.21,263.33,262.06,262.76,1596
2026-04-16T14:10:00+00:00,262.76,263.35,262.71999999999997,263.11,1347
2026-04-16T14:15:00+00:00,263.11,263.34,262.69,262.98,1187
2026-04-16T14:20:00+00:00,262.98,263.05,262.6,262.89,1163
2026-04-16T14:25:00+00:00,262.89,263.01,262.6,262.8,1158
2026-04-16T14:30:00+00:00,262.8,263.1,262.71,262.95,1273
2026-04-16T14:35:00+00:00,262.95,263.02,262.71999999999997,262.8,1235
2026-04-16T14:40:00+00:00,262.8,262.95,262.65999999999997,262.9,990
2026-04-16T14:45:00+00:00,262.9,262.95,262.36,262.52,1142
2026-04-16T14:50:00+00:00,262.52,262.53,262.02,262.43,1008
2026-04-16T14:55:00+00:00,262.43,262.65999999999997,262.26,262.61,1109
2026-04-16T15:00:00+00:00,262.61,263.31,262.58,263.3,1212
2026-04-16T15:05:00+00:00,263.3,263.40999999999997,263.09,263.37,1071
2026-04-16T15:10:00+00:00,263.37,263.49,263.15,263.21999999999997,1115
2026-04-16T15:15:00+00:00,263.21999999999997,263.46,263.13,263.18,1127
2026-04-16T15:20:00+00:00,263.18,263.4,262.88,263.02,794
2026-04-16T15:25:00+00:00,263.02,263.32,262.90999999999997,262.94,1042
2026-04-16T15:30:00+00:00,262.94,263.38,262.9,263.38,1080
2026-04-16T15:35:00+00:00,263.38,263.73,263.29,263.43,1535
2026-04-16T15:40:00+00:00,263.43,263.73,263.26,263.71999999999997,1093
2026-04-16T15:45:00+00:00,263.71999999999997,263.96,263.71,263.94,849
2026-04-16T15:50:00+00:00,263.94,264.21999999999997,263.88,264.05,686
2026-04-16T15:55:00+00:00,264.05,264.39,264.01,264.28,632
2026-04-16T16:00:00+00:00,264.28,264.44,264.21999999999997,264.42,700
2026-04-16T16:05:00+00:00,264.42,264.71,264.21,264.67,651
2026-04-16T16:10:00+00:00,264.67,264.98,264.63,264.96999999999997,548
2026-04-16T16:15:00+00:00,264.96999999999997,265.15999999999997,264.9,264.98,613
2026-04-16T16:20:00+00:00,264.98,265.1,264.43,264.55,837
2026-04-16T16:25:00+00:00,264.55,264.89,264.48,264.84,698
2026-04-16T16:30:00+00:00,264.84,264.89,264.1,264.44,1610
2026-04-16T16:35:00+00:00,264.44,264.83,264.43,264.8,1103
2026-04-16T16:40:00+00:00,264.8,264.93,264.59,264.76,839
2026-04-16T16:45:00+00:00,264.76,264.86,264.52,264.68,879
2026-04-16T16:50:00+00:00,264.68,264.82,264.21999999999997,264.29,848
2026-04-16T16:55:00+00:00,264.29,264.34,263.92,263.96,785
2026-04-16T17:00:00+00:00,263.96,264.14,263.89,264.02,907
2026-04-16T17:05:00+00:00,264.02,264.21999999999997,263.85,264.17,806
2026-04-16T17:10:00+00:00,264.17,264.4,264.11,264.17,796
2026-04-16T17:15:00+00:00,264.17,264.31,263.96999999999997,264.11,1146
2026-04-16T17:20:00+00:00,264.11,264.4,263.96,264.35,884
2026-04-16T17:25:00+00:00,264.35,264.46,264.17,264.29,762
2026-04-16T17:30:00+00:00,264.29,264.46,264.21,264.29,540
2026-04-16T17:35:00+00:00,264.29,264.29,264.01,264.15,611
2026-04-16T17:40:00+00:00,264.15,264.5,264.15,264.4,576
2026-04-16T17:45:00+00:00,264.4,264.53,264.36,264.46,534
2026-04-16T17:50:00+00:00,264.46,264.49,264.36,264.40999999999997,501
2026-04-16T17:55:00+00:00,264.40999999999997,264.59,264.15999999999997,264.55,1164
2026-04-16T18:00:00+00:00,264.55,264.92,264.49,264.69,1190
2026-04-16T18:05:00+00:00,264.69,264.89,264.56,264.67,903
2026-04-16T18:10:00+00:00,264.67,264.75,264.49,264.61,1183
2026-04-16T18:15:00+00:00,264.61,264.71,264.39,264.42,915
2026-04-16T18:20:00+00:00,264.42,264.57,264.07,264.11,729
2026-04-16T18:25:00+00:00,264.11,264.39,264.11,264.35,958
2026-04-16T18:30:00+00:00,264.35,264.64,264.24,264.59,984
2026-04-16T18:35:00+00:00,264.59,264.86,264.57,264.84,564
2026-04-16T18:40:00+00:00,264.84,264.96,264.76,264.82,572
2026-04-16T18:45:00+00:00,264.82,264.98,264.77,264.89,567
2026-04-16T18:50:00+00:00,264.89,265,264.71,264.94,464
2026-04-16T18:55:00+00:00,264.94,265.12,264.82,265.06,521
2026-04-16T19:00:00+00:00,265.06,265.31,265.02,265.23,800
2026-04-16T19:05:00+00:00,265.23,265.31,264.96999999999997,264.99,713
2026-04-16T19:10:00+00:00,264.99,265.05,264.86,264.98,725
2026-04-16T19:15:00+00:00,264.98,265.08,264.43,264.65,790
2026-04-16T19:20:00+00:00,264.65,264.71,264.27,264.35,716
2026-04-16T19:25:00+00:00,264.35,264.5,264.24,264.39,592
2026-04-16T19:30:00+00:00,264.39,264.46,264.26,264.35,633
2026-04-16T19:35:00+00:00,264.35,264.68,264.29,264.67,617
2026-04-16T19:40:00+00:00,264.67,264.71999999999997,264.46999999999997,264.55,731
2026-04-16T19:45:00+00:00,264.55,264.8,264.49,264.63,688
2026-04-16T19:50:00+00:00,264.63,264.87,264.3,264.40999999999997,963
2026-04-16T19:55:00+00:00,264.40999999999997,264.45,264.04,264.12,1130
2026-04-17T13:30:00+00:00,264.12,269.14,264.12,269.14,1549
2026-04-17T13:35:00+00:00,269.14,270.53,268.95,268.96999999999997,1821
2026-04-17T13:40:00+00:00,268.96999999999997,269,268.06,268.62,1678
2026-04-17T13:45:00+00:00,268.62,269.21,268.17,268.79,1938
2026-04-17T13:50:00+00:00,268.79,269.52,268.64,269.06,1525
2026-04-17T13:55:00+00:00,269.06,270.26,269.03,269.68,1410
2026-04-17T14:00:00+00:00,269.68,269.95,269.28,269.53,1444
2026-04-17T14:05:00+00:00,269.53,269.83,269.29,269.63,1497
2026-04-17T14:10:00+00:00,269.63,269.83,269.34,269.81,1215
2026-04-17T14:15:00+00:00,269.81,270.17,269.52,269.69,996
2026-04-17T14:20:00+00:00,269.69,270.08,269.58,269.98,1103
2026-04-17T14:25:00+00:00,269.98,270.1,269.26,269.33,937
2026-04-17T14:30:00+00:00,269.33,270.19,269.2,270.04,937
2026-04-17T14:35:00+00:00,270.04,270.44,269.96,270.29,861
2026-04-17T14:40:00+00:00,270.29,270.64,270.17,270.52,984
2026-04-17T14:45:00+00:00,270.52,271.14,270.43,271.14,992
2026-04-17T14:50:00+00:00,271.14,271.23,270.8,270.99,993
2026-04-17T14:55:00+00:00,270.99,271.11,270.28,271.02,1070.1367058512747
2026-04-17T15:00:00+00:00,271.02,272.22999999999996,270.95,272.12,1180
2026-04-17T15:05:00+00:00,272.12,272.49,272.03999999999996,272.19,1015
2026-04-17T15:10:00+00:00,272.19,272.43,272.07,272.34999999999997,829
2026-04-17T15:15:00+00:00,272.34999999999997,272.72999999999996,272.12,272.15999999999997,822
2026-04-17T15:20:00+00:00,272.15999999999997,272.34,271.95,272.24,968
2026-04-17T15:25:00+00:00,272.24,272.88,272.22999999999996,272.7,869
2026-04-17T15:30:00+00:00,272.7,273.07,272.69,272.84999999999997,709
2026-04-17T15:35:00+00:00,272.84999999999997,273.07,272.64,272.7,764
2026-04-17T15:40:00+00:00,272.7,272.76,272.09999999999997,272.19,862
2026-04-17T15:45:00+00:00,272.19,272.51,272.16999999999996,272.28999999999996,871
2026-04-17T15:50:00+00:00,272.28999999999996,272.63,272.09999999999997,272.18,812
2026-04-17T15:55:00+00:00,272.18,272.25,271.62,271.72999999999996,817
2026-04-17T16:00:00+00:00,271.72999999999996,272.19,271.51,272.12,868
2026-04-17T16:05:00+00:00,272.12,272.18,271.9,271.9,562
2026-04-17T16:10:00+00:00,271.9,272.25,271.88,272.08,660
2026-04-17T16:15:00+00:00,272.08,272.38,271.93,272.3,700
2026-04-17T16:20:00+00:00,272.3,272.34999999999997,272.19,272.28,422
2026-04-17T16:25:00+00:00,272.28,272.39,272.21,272.27,649
2026-04-17T16:30:00+00:00,272.27,272.51,272.26,272.32,625
2026-04-17T16:35:00+00:00,272.32,272.46999999999997,272.13,272.33,669
2026-04-17T16:40:00+00:00,272.33,272.5,272.19,272.34999999999997,455
2026-04-17T16:45:00+00:00,272.34999999999997,272.36,271.78999999999996,271.86,519
2026-04-17T16:50:00+00:00,271.86,271.94,271.63,271.69,507
2026-04-17T16:55:00+00:00,271.69,271.84999999999997,271.58,271.71999999999997,479
2026-04-17T17:00:00+00:00,271.71999999999997,272.2,271.64,272.19,526
2026-04-17T17:05:00+00:00,272.19,272.25,271.78,271.86,756
2026-04-17T17:10:00+00:00,271.86,272.01,271.65,271.82,755
2026-04-17T17:15:00+00:00,271.82,271.88,271.39,271.44,756
2026-04-17T17:20:00+00:00,271.44,271.53999999999996,270.93,271.09,1351
2026-04-17T17:25:00+00:00,271.09,271.5,271.03,271.34999999999997,1342
2026-04-17T17:30:00+00:00,271.34999999999997,271.47999999999996,271.09999999999997,271.26,949
2026-04-17T17:35:00+00:00,271.26,271.5,271.19,271.3,640
2026-04-17T17:40:00+00:00,271.3,271.4,271.14,271.21,561
2026-04-17T17:45:00+00:00,271.21,271.4,271.03999999999996,271.05,686
2026-04-17T17:50:00+00:00,271.05,271.09999999999997,270.9,270.96,683
2026-04-17T17:55:00+00:00,270.96,271.15,270.90999999999997,271,426
2026-04-17T18:00:00+00:00,271,271.21999999999997,270.91999999999996,271.07,643
2026-04-17T18:05:00+00:00,271.07,271.2,270.89,270.90999999999997,554
2026-04-17T18:10:00+00:00,270.90999999999997,270.94,270.68,270.78,706
2026-04-17T18:15:00+00:00,270.78,271.07,270.78,270.91999999999996,588
2026-04-17T18:20:00+00:00,270.91999999999996,271.06,270.69,271.05,801
2026-04-17T18:25:00+00:00,271.05,271.31,270.89,270.89,862
2026-04-17T18:30:00+00:00,270.89,271.33,270.89,271.31,565
2026-04-17T18:35:00+00:00,271.31,271.58,271.22999999999996,271.52,418
2026-04-17T18:40:00+00:00,271.52,271.57,271.21,271.34,469
2026-04-17T18:45:00+00:00,271.34,271.43,271.09,271.15,565
2026-04-17T18:50:00+00:00,271.15,271.15,270.56,270.69,682
2026-04-17T18:55:00+00:00,270.69,271.03,270.65999999999997,270.89,482
2026-04-17T19:00:00+00:00,270.89,270.9,270.69,270.84,568
2026-04-17T19:05:00+00:00,270.84,270.84,270.53999999999996,270.65,487
2026-04-17T19:10:00+00:00,270.65,270.65,270.36,270.4,607
2026-04-17T19:15:00+00:00,270.4,270.55,270.33,270.47999999999996,530
2026-04-17T19:20:00+00:00,270.47999999999996,270.56,270.28999999999996,270.51,618
2026-04-17T19:25:00+00:00,270.51,270.58,270.36,270.46999999999997,465
2026-04-17T19:30:00+00:00,270.46999999999997,271.03,270.40999999999997,270.93,696
2026-04-17T19:35:00+00:00,270.93,271.12,270.78999999999996,271.01,713
2026-04-17T19:40:00+00:00,271.01,271.28,270.90999999999997,271.24,629
2026-04-17T19:45:00+00:00,271.24,271.31,271.05,271.13,647
2026-04-17T19:50:00+00:00,271.13,271.15,270.45,270.7,1090
2026-04-17T19:55:00+00:00,270.7,271.19,270.66999999999996,270.94,1091
2026-04-20T13:30:00+00:00,270.94,273.22999999999996,270.94,273.09,1282
2026-04-20T13:35:00+00:00,273.09,273.99,272.8,273.24,1543
2026-04-20T13:40:00+00:00,273.24,273.55,272.61,273.15,1699
2026-04-20T13:45:00+00:00,273.15,273.56,272.78999999999996,273.16999999999996,1561
2026-04-20T13:50:00+00:00,273.16999999999996,274.43,273.06,274.41999999999996,1413
2026-04-20T13:55:00+00:00,274.41999999999996,274.84999999999997,274.28,274.69,1242
2026-04-20T14:00:00+00:00,274.69,274.9,274.49,274.65999999999997,1176
2026-04-20T14:05:00+00:00,274.65999999999997,275.03999999999996,274.14,274.5,996
2026-04-20T14:10:00+00:00,274.5,274.69,273.94,274.26,1112
2026-04-20T14:15:00+00:00,274.26,274.81,274.05,274.32,1049
2026-04-20T14:20:00+00:00,274.32,274.96,274.27,274.94,959
2026-04-20T14:25:00+00:00,274.94,274.99,274.05,274.15,917
2026-04-20T14:30:00+00:00,274.15,274.27,273.66999999999996,273.84,1046
2026-04-20T14:35:00+00:00,273.84,274.28999999999996,273.77,273.82,1060
2026-04-20T14:40:00+00:00,273.82,273.88,273.34,273.44,1199
2026-04-20T14:45:00+00:00,273.44,273.94,273.36,273.89,977
2026-04-20T14:50:00+00:00,273.89,273.94,272.86,273.39,1937
2026-04-20T14:55:00+00:00,273.39,273.4,272.96999999999997,273.15999999999997,1096
2026-04-20T15:00:00+00:00,273.15999999999997,273.24,272.63,272.72999999999996,1156
2026-04-20T15:05:00+00:00,272.72999999999996,272.84,272.58,272.62,1051
2026-04-20T15:10:00+00:00,272.62,272.75,272.46999999999997,272.74,876
2026-04-20T15:15:00+00:00,272.74,273.09,272.66999999999996,272.77,995
2026-04-20T15:20:00+00:00,272.77,273.37,272.53999999999996,273.24,1334
2026-04-20T15:25:00+00:00,273.24,273.71999999999997,273.2,273.64,1162
2026-04-20T15:30:00+00:00,273.64,273.65999999999997,272.96999999999997,273.08,1021
2026-04-20T15:35:00+00:00,273.08,273.4,272.83,273.28999999999996,901
2026-04-20T15:40:00+00:00,273.28999999999996,273.45,273.01,273.13,618
2026-04-20T15:45:00+00:00,273.13,273.28999999999996,272.95,273.09,623
2026-04-20T15:50:00+00:00,273.09,273.25,272.99,273.19,696
2026-04-20T15:55:00+00:00,273.19,273.65,273.19,273.53,509
2026-04-20T16:00:00+00:00,273.53,273.63,273.2,273.33,628
2026-04-20T16:05:00+00:00,273.33,273.53,273.07,273.16999999999996,639
2026-04-20T16:10:00+00:00,273.16999999999996,273.21999999999997,272.91999999999996,273.03,674
2026-04-20T16:15:00+00:00,273.03,273.33,272.97999999999996,273.31,630
2026-04-20T16:20:00+00:00,273.31,273.38,273.09,273.15,606
2026-04-20T16:25:00+00:00,273.15,273.44,273.14,273.31,459
2026-04-20T16:30:00+00:00,273.31,273.88,273.31,273.84,570
2026-04-20T16:35:00+00:00,273.84,273.89,273.53,273.58,627
2026-04-20T16:40:00+00:00,273.58,273.78999999999996,273.46999999999997,273.59,585
2026-04-20T16:45:00+00:00,273.59,273.62,273.27,273.44,510
2026-04-20T16:50:00+00:00,273.44,273.53,273.32,273.4,484
2026-04-20T16:55:00+00:00,273.4,273.4,273.12,273.14,473
2026-04-20T17:00:00+00:00,273.14,273.15999999999997,272.58,272.59999999999997,794
2026-04-20T17:05:00+00:00,272.59999999999997,272.8,272.59,272.74,413
2026-04-20T17:10:00+00:00,272.74,273.14,272.71999999999997,273.11,379
2026-04-20T17:15:00+00:00,273.11,273.41999999999996,273,273.34999999999997,429
2026-04-20T17:20:00+00:00,273.34999999999997,273.40999999999997,273.14,273.2,419
2026-04-20T17:25:00+00:00,273.2,273.2,272.93,272.94,418
2026-04-20T17:30:00+00:00,272.94,273.03,272.71999999999997,272.94,512
2026-04-20T17:35:00+00:00,272.94,273.37,272.86,273.28999999999996,649
2026-04-20T17:40:00+00:00,273.28999999999996,273.43,273.2,273.33,490
2026-04-20T17:45:00+00:00,273.33,273.45,273.27,273.34999999999997,321
2026-04-20T17:50:00+00:00,273.34999999999997,273.71,273.33,273.65999999999997,237
2026-04-20T17:55:00+00:00,273.65999999999997,273.75,273.45,273.75,363
2026-04-20T18:00:00+00:00,273.75,273.76,273.53,273.65,411
2026-04-20T18:05:00+00:00,273.65,274.11,273.62,274.09999999999997,476
2026-04-20T18:10:00+00:00,274.09999999999997,274.26,273.91999999999996,274.2,665
2026-04-20T18:15:00+00:00,274.2,274.39,274.18,274.32,496
2026-04-20T18:20:00+00:00,274.32,274.4,274.12,274.36,476
2026-04-20T18:25:00+00:00,274.36,274.41999999999996,273.87,274.22999999999996,596
2026-04-20T18:30:00+00:00,274.22999999999996,274.24,273.8,274.08,599
2026-04-20T18:35:00+00:00,274.08,274.18,273.96,274.08,485
2026-04-20T18:40:00+00:00,274.08,274.18,273.81,273.84999999999997,399
2026-04-20T18:45:00+00:00,273.84999999999997,273.90999999999997,273.72999999999996,273.89,390
2026-04-20T18:50:00+00:00,273.89,273.97999999999996,273.83,273.9,385
2026-04-20T18:55:00+00:00,273.9,273.95,273.72999999999996,273.75,348
2026-04-20T19:00:00+00:00,273.75,273.88,273.65,273.83,348
2026-04-20T19:05:00+00:00,273.83,273.93,273.69,273.78,420
2026-04-20T19:10:00+00:00,273.78,273.96999999999997,273.7,273.89,348
2026-04-20T19:15:00+00:00,273.89,273.99,273.86,273.96,322
2026-04-20T19:20:00+00:00,273.96,274.03999999999996,273.87,273.9,372
2026-04-20T19:25:00+00:00,273.9,273.90999999999997,273.40999999999997,273.46,447
2026-04-20T19:30:00+00:00,273.46,273.49,273.18,273.24,491
2026-04-20T19:35:00+00:00,273.24,273.4,273.07,273.19,540
2026-04-20T19:40:00+00:00,273.19,273.33,273.03,273.33,477
2026-04-20T19:45:00+00:00,273.33,273.40999999999997,273.12,273.15,569
2026-04-20T19:50:00+00:00,273.15,273.55,273.11,273.53999999999996,826
2026-04-20T19:55:00+00:00,273.53999999999996,273.95,273.13,273.71,1478
2026-04-21T13:30:00+00:00,273.71,273.71,271.40999999999997,271.7,1217
2026-04-21T13:35:00+00:00,271.7,272.4,271.28,271.59,1317
2026-04-21T13:40:00+00:00,271.59,272.38,271.41999999999996,272.19,1299
2026-04-21T13:45:00+00:00,272.19,272.24,271.46999999999997,272.03,1397
2026-04-21T13:50:00+00:00,272.03,272.44,271.93,272.15999999999997,1092
2026-04-21T13:55:00+00:00,272.15999999999997,272.66999999999996,272.15999999999997,272.56,845
2026-04-21T14:00:00+00:00,272.56,272.82,272.12,272.53999999999996,872
2026-04-21T14:05:00+00:00,272.53999999999996,272.59,271.53,271.57,696
2026-04-21T14:10:00+00:00,271.57,271.64,271.09999999999997,271.12,663
2026-04-21T14:15:00+00:00,271.12,271.31,270.90999999999997,270.93,610
2026-04-21T14:20:00+00:00,270.93,270.93,270.41999999999996,270.53,832
2026-04-21T14:25:00+00:00,270.53,270.57,270.13,270.37,565
2026-04-21T14:30:00+00:00,270.37,270.62,270.08,270.11,766
2026-04-21T14:35:00+00:00,270.11,270.28,269.96999999999997,270.03999999999996,629
2026-04-21T14:40:00+00:00,270.03999999999996,270.3,269.86,270.07,836
2026-04-21T14:45:00+00:00,270.07,270.22999999999996,269.88,270.09999999999997,764
2026-04-21T14:50:00+00:00,270.09999999999997,270.34,269.99,270.21999999999997,638
2026-04-21T14:55:00+00:00,270.21999999999997,270.27,269.5,269.56,800
2026-04-21T15:00:00+00:00,269.56,269.74,269.2,269.26,1118
2026-04-21T15:05:00+00:00,269.26,269.62,269.09,269.57,854
2026-04-21T15:10:00+00:00,269.57,269.81,269.38,269.66999999999996,755
2026-04-21T15:15:00+00:00,269.66999999999996,269.7,269.12,269.21,892
2026-04-21T15:20:00+00:00,269.21,269.21,268.71999999999997,268.76,806
2026-04-21T15:25:00+00:00,268.76,268.84999999999997,268.52,268.65999999999997,791
2026-04-21T15:30:00+00:00,268.65999999999997,268.78999999999996,268.43,268.58,811
2026-04-21T15:35:00+00:00,268.58,268.66999999999996,268.2,268.31,852
2026-04-21T15:40:00+00:00,268.31,268.44,268.02,268.02,771
2026-04-21T15:45:00+00:00,268.02,268.28,267.78,267.99,763
2026-04-21T15:50:00+00:00,267.99,268.03,267.38,267.47999999999996,759
2026-04-21T15:55:00+00:00,267.47999999999996,267.72999999999996,267.33,267.47999999999996,680
2026-04-21T16:00:00+00:00,267.47999999999996,267.97999999999996,267.46999999999997,267.46999999999997,906
2026-04-21T16:05:00+00:00,267.46999999999997,267.46999999999997,266.57,267.12,1065
2026-04-21T16:10:00+00:00,267.12,267.4,266.78999999999996,266.90999999999997,825
2026-04-21T16:15:00+00:00,266.90999999999997,267.32,266.8,267.15999999999997,641
2026-04-21T16:20:00+00:00,267.15999999999997,267.27,267.01,267.15999999999997,566
2026-04-21T16:25:00+00:00,267.15999999999997,267.34999999999997,266.62,266.64,623
2026-04-21T16:30:00+00:00,266.64,266.86,266.22999999999996,266.52,843
2026-04-21T16:35:00+00:00,266.52,266.71,266.15,266.47999999999996,726
2026-04-21T16:40:00+00:00,266.47999999999996,266.66999999999996,266.18,266.2,607
2026-04-21T16:45:00+00:00,266.2,266.63,266.2,266.57,541
2026-04-21T16:50:00+00:00,266.57,266.96999999999997,266.46999999999997,266.96999999999997,702
2026-04-21T16:55:00+00:00,266.96999999999997,267.12,266.89,267.11,522
2026-04-21T17:00:00+00:00,267.11,267.62,267.08,267.19,716
2026-04-21T17:05:00+00:00,267.19,267.21,266.64,267.15,925
2026-04-21T17:10:00+00:00,267.15,267.40999999999997,266.89,267.24,903
2026-04-21T17:15:00+00:00,267.24,267.40999999999997,266.59999999999997,266.66999999999996,755
2026-04-21T17:20:00+00:00,266.66999999999996,266.99,266.53999999999996,266.71999999999997,721
2026-04-21T17:25:00+00:00,266.71999999999997,267.03,266.69,266.88,586
2026-04-21T17:30:00+00:00,266.88,267.16999999999996,266.8,267.08,675
2026-04-21T17:35:00+00:00,267.08,267.63,266.95,267.33,880
2026-04-21T17:40:00+00:00,267.33,267.78,267.21,267.39,1085
2026-04-21T17:45:00+00:00,267.39,267.41999999999996,266.84,267.09999999999997,561
2026-04-21T17:50:00+00:00,267.09999999999997,267.40999999999997,267,267.21,522
2026-04-21T17:55:00+00:00,267.21,267.24,267.01,267.13,464
2026-04-21T18:00:00+00:00,267.13,267.34,267.08,267.09999999999997,500
2026-04-21T18:05:00+00:00,267.09999999999997,267.5,267.08,267.49,420
2026-04-21T18:10:00+00:00,267.49,267.63,267.34999999999997,267.63,378
2026-04-21T18:15:00+00:00,267.63,267.64,266.96999999999997,267.15999999999997,655
2026-04-21T18:20:00+00:00,267.15999999999997,267.33,267.09999999999997,267.09999999999997,328
2026-04-21T18:25:00+00:00,267.09999999999997,267.28,267.09,267.15999999999997,322
2026-04-21T18:30:00+00:00,267.15999999999997,267.46,267.14,267.46,325
2026-04-21T18:35:00+00:00,267.46,268.22999999999996,267.4,267.96999999999997,797
2026-04-21T18:40:00+00:00,267.96999999999997,268.21,267.90999999999997,268,483
2026-04-21T18:45:00+00:00,268,268.05,267.72999999999996,267.74,467
2026-04-21T18:50:00+00:00,267.74,268.59,267.72999999999996,268.51,696
2026-04-21T18:55:00+00:00,268.51,268.64,268.16999999999996,268.62,1012
2026-04-21T19:00:00+00:00,268.62,268.78999999999996,268.57,268.66999999999996,445
2026-04-21T19:05:00+00:00,268.66999999999996,268.94,268.59,268.87,368
2026-04-21T19:10:00+00:00,268.87,268.95,268.43,268.43,574
2026-04-21T19:15:00+00:00,268.43,268.72999999999996,268.37,268.59,548
2026-04-21T19:20:00+00:00,268.59,268.84999999999997,268.55,268.72999999999996,431
2026-04-21T19:25:00+00:00,268.72999999999996,268.88,268.66999999999996,268.75,325
2026-04-21T19:30:00+00:00,268.75,268.75,268.46,268.59,475
2026-04-21T19:35:00+00:00,268.59,268.59999999999997,267.96999999999997,268.07,532
2026-04-21T19:40:00+00:00,268.07,268.11,266.82,267.06,1332
2026-04-21T19:45:00+00:00,267.06,267.61,267,267.31,897
2026-04-21T19:50:00+00:00,267.31,267.8,267.28999999999996,267.64,863
2026-04-21T19:55:00+00:00,267.64,267.64,266.58,266.9,1650
2026-04-22T13:30:00+00:00,266.9,268.77,266.9,268.08,1189
2026-04-22T13:35:00+00:00,268.08,268.61,267.64,268.49,1039
2026-04-22T13:40:00+00:00,268.49,269.36,268.41999999999996,269,1188
2026-04-22T13:45:00+00:00,269,269.86,268.99,269.28,1435
2026-04-22T13:50:00+00:00,269.28,269.71,269.08,269.32,1015
2026-04-22T13:55:00+00:00,269.32,269.56,268.94,269.22999999999996,901
2026-04-22T14:00:00+00:00,269.22999999999996,269.87,269.14,269.86,1057
2026-04-22T14:05:00+00:00,269.86,270.57,269.66999999999996,270.44,1069
2026-04-22T14:10:00+00:00,270.44,271.51,270.4,271.43,1226
2026-04-22T14:15:00+00:00,271.43,272.27,271.08,272.11,1212
2026-04-22T14:20:00+00:00,272.11,272.53999999999996,271.94,272.32,1128
2026-04-22T14:25:00+00:00,272.32,272.71999999999997,272.07,272.7,1090
2026-04-22T14:30:00+00:00,272.7,273.33,272.59999999999997,273.03999999999996,1438
2026-04-22T14:35:00+00:00,273.03999999999996,273.13,272.55,272.63,1093
2026-04-22T14:40:00+00:00,272.63,272.84999999999997,272.33,272.38,1083
2026-04-22T14:45:00+00:00,272.38,272.62,271.71999999999997,271.76,1164
2026-04-22T14:50:00+00:00,271.76,272.41999999999996,271.75,272.4,927
2026-04-22T14:55:00+00:00,272.4,272.53999999999996,271.8,272.03,1043.5936626281455
2026-04-22T15:00:00+00:00,272.03,272.58,272.02,272.38,1098
2026-04-22T15:05:00+00:00,272.38,272.73,272.21999999999997,272.57,962
2026-04-22T15:10:00+00:00,272.57,273.08,272.52,273,880
2026-04-22T15:15:00+00:00,273,273.14,272.71,272.99,777
2026-04-22T15:20:00+00:00,272.99,273.16,272.91,273.02,758
2026-04-22T15:25:00+00:00,273.02,273.55,272.99,273.19,816
2026-04-22T15:30:00+00:00,273.19,273.71999999999997,273.08,273.52,814
2026-04-22T15:35:00+00:00,273.52,273.66,273.25,273.27,864
2026-04-22T15:40:00+00:00,273.27,274.06,273.27,273.66,1020
2026-04-22T15:45:00+00:00,273.66,273.81,273.46999999999997,273.65,862
2026-04-22T15:50:00+00:00,273.65,273.89,273.56,273.85,680
2026-04-22T15:55:00+00:00,273.85,273.96,273.67,273.82,648
2026-04-22T16:00:00+00:00,273.82,274.01,273.62,273.88,695
2026-04-22T16:05:00+00:00,273.88,274.3,273.82,274.11,739
2026-04-22T16:10:00+00:00,274.11,274.12,273.68,274,735
2026-04-22T16:15:00+00:00,274,274.19,273.63,273.64,740
2026-04-22T16:20:00+00:00,273.64,273.81,273.52,273.54,622
2026-04-22T16:25:00+00:00,273.54,273.71999999999997,273.37,273.46,531
2026-04-22T16:30:00+00:00,273.46,273.73,273.43,273.68,662
2026-04-22T16:35:00+00:00,273.68,273.73,273.21999999999997,273.54,677
2026-04-22T16:40:00+00:00,273.54,273.62,273.3,273.59,815
2026-04-22T16:45:00+00:00,273.59,273.59,273.25,273.59,640
2026-04-22T16:50:00+00:00,273.59,273.6,273.17,273.34,719
2026-04-22T16:55:00+00:00,273.34,273.43,273.23,273.31,625
2026-04-22T17:00:00+00:00,273.31,273.53,273.26,273.35,891
2026-04-22T17:05:00+00:00,273.35,274.07,273.27,274.02,656
2026-04-22T17:10:00+00:00,274.02,274.21999999999997,273.79,273.93,765
2026-04-22T17:15:00+00:00,273.93,274.2,273.33,273.75,684
2026-04-22T17:20:00+00:00,273.75,274.17,273.62,274.04,529
2026-04-22T17:25:00+00:00,274.04,274.12,273.84,274.06,482
2026-04-22T17:30:00+00:00,274.06,274.3,273.99,274.19,343
2026-04-22T17:35:00+00:00,274.19,274.46,274.16,274.37,507
2026-04-22T17:40:00+00:00,274.37,274.44,274.26,274.37,384
2026-04-22T17:45:00+00:00,274.37,274.5,274.29,274.41,736
2026-04-22T17:50:00+00:00,274.41,274.42,273.95,274.25,457
2026-04-22T17:55:00+00:00,274.25,274.44,274.17,274.3,375
2026-04-22T18:00:00+00:00,274.3,274.56,274.2,274.26,542
2026-04-22T18:05:00+00:00,274.26,274.36,274.1,274.13,542
2026-04-22T18:10:00+00:00,274.13,274.29,274.02,274.07,485
2026-04-22T18:15:00+00:00,274.07,274.09,273.76,273.88,509
2026-04-22T18:20:00+00:00,273.88,273.95,273.57,273.57,642
2026-04-22T18:25:00+00:00,273.57,273.66,273.4,273.51,564
2026-04-22T18:30:00+00:00,273.51,273.6,273.38,273.4,519
2026-04-22T18:35:00+00:00,273.4,273.6,273.34,273.42,504
2026-04-22T18:40:00+00:00,273.42,273.44,273.08,273.23,597
2026-04-22T18:45:00+00:00,273.23,273.34,273.14,273.24,507
2026-04-22T18:50:00+00:00,273.24,273.26,273.08,273.12,556
2026-04-22T18:55:00+00:00,273.12,273.26,272.92,273.2,537
2026-04-22T19:00:00+00:00,273.2,273.48,273.07,273.39,956
2026-04-22T19:05:00+00:00,273.39,273.48,273.07,273.27,678
2026-04-22T19:10:00+00:00,273.27,273.31,273.07,273.17,595
2026-04-22T19:15:00+00:00,273.17,273.33,273.07,273.28,540
2026-04-22T19:20:00+00:00,273.28,273.59,273.18,273.59,502
2026-04-22T19:25:00+00:00,273.59,273.64,273.36,273.52,681
2026-04-22T19:30:00+00:00,273.52,273.71999999999997,273.35,273.67,571
2026-04-22T19:35:00+00:00,273.67,273.82,273.58,273.65,454
2026-04-22T19:40:00+00:00,273.65,273.81,273.62,273.63,611
2026-04-22T19:45:00+00:00,273.63,273.79,273.59,273.68,669
2026-04-22T19:50:00+00:00,273.68,273.88,273.33,273.5,834
2026-04-22T19:55:00+00:00,273.5,274.06,273.48,273.99,1106
2026-04-23T13:30:00+00:00,273.99,276.25,273.99,275.85,1001
2026-04-23T13:35:00+00:00,275.85,276.56,275.06,275.23,1162
2026-04-23T13:40:00+00:00,275.23,275.45,273.93,274.32,1100
2026-04-23T13:45:00+00:00,274.32,274.85,273.93,274.32,1191
2026-04-23T13:50:00+00:00,274.32,274.65,274.15,274.53,1163
2026-04-23T13:55:00+00:00,274.53,274.95,274.42,274.5,1136
2026-04-23T14:00:00+00:00,274.5,275.06,274.21,274.81,1380
2026-04-23T14:05:00+00:00,274.81,275.39,274.7,275.3,1195
2026-04-23T14:10:00+00:00,275.3,275.37,274.67,274.71999999999997,1251
2026-04-23T14:15:00+00:00,274.71999999999997,275.35,274.66,275.05,1228
2026-04-23T14:20:00+00:00,275.05,275.2,274.71999999999997,275.04,953
2026-04-23T14:25:00+00:00,275.04,275.08,274.44,274.75,823
2026-04-23T14:30:00+00:00,274.75,275.02,274.66,274.87,903
2026-04-23T14:35:00+00:00,274.87,274.99,274.43,274.54,812
2026-04-23T14:40:00+00:00,274.54,274.58,274.15,274.42,876
2026-04-23T14:45:00+00:00,274.42,274.81,274.34,274.74,695
2026-04-23T14:50:00+00:00,274.74,275.11,274.71,275,617
2026-04-23T14:55:00+00:00,275,275.13,274.71999999999997,274.71999999999997,751
2026-04-23T15:00:00+00:00,274.71999999999997,274.94,274.49,274.56,776
2026-04-23T15:05:00+00:00,274.56,274.6,274.21999999999997,274.46999999999997,679
2026-04-23T15:10:00+00:00,274.46999999999997,274.51,274.08,274.19,650
2026-04-23T15:15:00+00:00,274.19,274.43,274.11,274.29,696
2026-04-23T15:20:00+00:00,274.29,274.6,274.24,274.46,624
2026-04-23T15:25:00+00:00,274.46,274.64,274.39,274.45,626
2026-04-23T15:30:00+00:00,274.45,275.21999999999997,274.38,274.86,819
2026-04-23T15:35:00+00:00,274.86,274.88,274.48,274.64,575
2026-04-23T15:40:00+00:00,274.64,274.64,274.07,274.12,575
2026-04-23T15:45:00+00:00,274.12,274.29,273.83,274.2,924
2026-04-23T15:50:00+00:00,274.2,274.36,274.02,274.04,740
2026-04-23T15:55:00+00:00,274.04,274.37,273.99,274.16,760
2026-04-23T16:00:00+00:00,274.16,274.25,273.88,274.03,724
2026-04-23T16:05:00+00:00,274.03,274.16,273.95,274.11,635
2026-04-23T16:10:00+00:00,274.11,274.27,274.02,274.14,553
2026-04-23T16:15:00+00:00,274.14,274.42,274.12,274.29,506
2026-04-23T16:20:00+00:00,274.29,274.41,274.08,274.3,556
2026-04-23T16:25:00+00:00,274.3,274.49,274.3,274.4,342
2026-04-23T16:30:00+00:00,274.4,274.45,274.24,274.32,402
2026-04-23T16:35:00+00:00,274.32,274.46,274.14,274.16,425
2026-04-23T16:40:00+00:00,274.16,274.21999999999997,273.76,273.87,418
2026-04-23T16:45:00+00:00,273.87,274.04,273.82,273.94,407
2026-04-23T16:50:00+00:00,273.94,274.02,273.8,273.96999999999997,386
2026-04-23T16:55:00+00:00,273.96999999999997,274.06,273.81,273.84,468
2026-04-23T17:00:00+00:00,273.84,273.86,273.33,273.46999999999997,1598
2026-04-23T17:05:00+00:00,273.46999999999997,273.59,273.23,273.3,1117
2026-04-23T17:10:00+00:00,273.3,273.49,273.11,273.24,1458
2026-04-23T17:15:00+00:00,273.24,273.32,272.92,273.16,1240
2026-04-23T17:20:00+00:00,273.16,273.4,272.9,273.18,1206
2026-04-23T17:25:00+00:00,273.18,273.79,272.96999999999997,273.01,1481
2026-04-23T17:30:00+00:00,273.01,273.53,272.96,273.48,1319
2026-04-23T17:35:00+00:00,273.48,273.67,272.95,273.08,1419
2026-04-23T17:40:00+00:00,273.08,273.15,272.59,272.95,1524
2026-04-23T17:45:00+00:00,272.95,273.07,272.43,272.73,2115
2026-04-23T17:50:00+00:00,272.73,273.87,272.53,273.2,2130
2026-04-23T17:55:00+00:00,273.2,273.8,273.07,273.74,1604
2026-04-23T18:00:00+00:00,273.74,274.4,273.67,274.05,1755
2026-04-23T18:05:00+00:00,274.05,274.25,273.92,273.94,993
2026-04-23T18:10:00+00:00,273.94,274.38,273.92,274.07,1129
2026-04-23T18:15:00+00:00,274.07,274.41,274,274.35,897
2026-04-23T18:20:00+00:00,274.35,274.58,274.14,274.3,997
2026-04-23T18:25:00+00:00,274.3,274.51,274.26,274.49,564
2026-04-23T18:30:00+00:00,274.49,274.7,274.44,274.62,638
2026-04-23T18:35:00+00:00,274.62,274.95,274.6,274.76,552
2026-04-23T18:40:00+00:00,274.76,274.88,274.3,274.63,800
2026-04-23T18:45:00+00:00,274.63,274.92,274.53,274.75,740
2026-04-23T18:50:00+00:00,274.75,274.96999999999997,274.74,274.86,731
2026-04-23T18:55:00+00:00,274.86,275.04,274.33,274.69,882
2026-04-23T19:00:00+00:00,274.69,274.9,274.61,274.77,1046
2026-04-23T19:05:00+00:00,274.77,275.21999999999997,274.71999999999997,275.08,770
2026-04-23T19:10:00+00:00,275.08,275.37,275.05,275.26,599
2026-04-23T19:15:00+00:00,275.26,275.33,275.01,275.2,712
2026-04-23T19:20:00+00:00,275.2,275.27,274.93,274.95,600
2026-04-23T19:25:00+00:00,274.95,275.11,274.92,274.96,561
2026-04-23T19:30:00+00:00,274.96,275.07,274.61,274.61,687
2026-04-23T19:35:00+00:00,274.61,274.66,274.25,274.38,951
2026-04-23T19:40:00+00:00,274.38,274.71,274.36,274.45,897
2026-04-23T19:45:00+00:00,274.45,274.68,274.42,274.59,717
2026-04-23T19:50:00+00:00,274.59,274.62,273.85,274.29,1258
2026-04-23T19:55:00+00:00,274.29,274.48,274,274.24,1071
2026-04-24T13:30:00+00:00,274.24,274.24,270.87,271.17,1013
2026-04-24T13:35:00+00:00,271.17,272.36,271.16,272.01,1059
2026-04-24T13:40:00+00:00,272.01,272.59,271.57,272.03,959
2026-04-24T13:45:00+00:00,272.03,272.55,271.87,272.5,906
2026-04-24T13:50:00+00:00,272.5,272.9,272.33,272.78,1020
2026-04-24T13:55:00+00:00,272.78,272.79,272.12,272.46999999999997,1055
2026-04-24T14:00:00+00:00,272.46999999999997,272.53,271.93,272.17,1156
2026-04-24T14:05:00+00:00,272.17,272.62,271.69,271.98,971
2026-04-24T14:10:00+00:00,271.98,272.46,271.82,272.35,880
2026-04-24T14:15:00+00:00,272.35,273.07,272.28,273.07,865
2026-04-24T14:20:00+00:00,273.07,273.21,272.75,273.07,860
2026-04-24T14:25:00+00:00,273.07,273.21999999999997,272.8,272.88,992
2026-04-24T14:30:00+00:00,272.88,273.2,272.85,273.04,1235
2026-04-24T14:35:00+00:00,273.04,273.37,272.82,273.04,1069
2026-04-24T14:40:00+00:00,273.04,273.13,272.66,272.67,978
2026-04-24T14:45:00+00:00,272.67,272.93,272.39,272.79,1068
2026-04-24T14:50:00+00:00,272.79,272.96,272.52,272.63,838
2026-04-24T14:55:00+00:00,272.63,272.73,272.11,272.28000000000003,882.1633144475921
2026-04-24T15:00:00+00:00,272.28000000000003,272.44000000000005,271.95000000000005,271.96000000000004,895
2026-04-24T15:05:00+00:00,271.96000000000004,272.07000000000005,271.54,271.55,799
2026-04-24T15:10:00+00:00,271.55,271.99,271.52000000000004,271.85,912
2026-04-24T15:15:00+00:00,271.85,272.01000000000005,271.76000000000005,271.81000000000006,749
2026-04-24T15:20:00+00:00,271.81000000000006,272.07000000000005,271.77000000000004,271.77000000000004,645
2026-04-24T15:25:00+00:00,271.77000000000004,271.83000000000004,271.40000000000003,271.51000000000005,719
2026-04-24T15:30:00+00:00,271.51000000000005,271.54,271.23,271.28000000000003,844
2026-04-24T15:35:00+00:00,271.28000000000003,271.29,270.76000000000005,270.77000000000004,771
2026-04-24T15:40:00+00:00,270.77000000000004,271.42,270.64000000000004,271.17,1090
2026-04-24T15:45:00+00:00,271.17,271.52000000000004,270.75000000000006,271.28000000000003,1877
2026-04-24T15:50:00+00:00,271.28000000000003,271.95000000000005,271.24,271.79,1389
2026-04-24T15:55:00+00:00,271.79,272.01000000000005,271.47,271.84000000000003,923
2026-04-24T16:00:00+00:00,271.84000000000003,271.98,271.54,271.73,749
2026-04-24T16:05:00+00:00,271.73,271.98,271.68000000000006,271.90000000000003,682
2026-04-24T16:10:00+00:00,271.90000000000003,272.52000000000004,271.90000000000003,272.40000000000003,536
2026-04-24T16:15:00+00:00,272.40000000000003,272.45000000000005,271.95000000000005,272.04,605
2026-04-24T16:20:00+00:00,272.04,272.1,271.84000000000003,271.87000000000006,625
2026-04-24T16:25:00+00:00,271.87000000000006,271.98,271.79,271.85,573
2026-04-24T16:30:00+00:00,271.85,272.00000000000006,271.70000000000005,271.71000000000004,567
2026-04-24T16:35:00+00:00,271.71000000000004,271.76000000000005,271.32000000000005,271.39000000000004,520
2026-04-24T16:40:00+00:00,271.39000000000004,271.40000000000003,271.18000000000006,271.25000000000006,528
2026-04-24T16:45:00+00:00,271.25000000000006,271.28000000000003,270.90000000000003,271.13000000000005,520
2026-04-24T16:50:00+00:00,271.13000000000005,271.41,271.04,271.36,522
2026-04-24T16:55:00+00:00,271.36,271.42,271.24,271.29,438
2026-04-24T17:00:00+00:00,271.29,271.45000000000005,271.05,271.07000000000005,437
2026-04-24T17:05:00+00:00,271.07000000000005,271.11,270.6,270.62000000000006,635
2026-04-24T17:10:00+00:00,270.62000000000006,270.83000000000004,270.61,270.8,533
2026-04-24T17:15:00+00:00,270.8,270.93000000000006,270.56000000000006,270.6,587
2026-04-24T17:20:00+00:00,270.6,270.90000000000003,270.49,270.81000000000006,577
2026-04-24T17:25:00+00:00,270.81000000000006,271.09000000000003,270.66,270.91,617
2026-04-24T17:30:00+00:00,270.91,270.99,270.70000000000005,270.91,640
2026-04-24T17:35:00+00:00,270.91,271.01000000000005,270.69000000000005,270.99,639
2026-04-24T17:40:00+00:00,270.99,271.01000000000005,270.78000000000003,270.83000000000004,514
2026-04-24T17:45:00+00:00,270.83000000000004,270.95000000000005,270.8,270.81000000000006,372
2026-04-24T17:50:00+00:00,270.81000000000006,271.08000000000004,270.75000000000006,270.78000000000003,540
2026-04-24T17:55:00+00:00,270.78000000000003,270.8,270.59000000000003,270.62000000000006,643
2026-04-24T18:00:00+00:00,270.62000000000006,270.83000000000004,270.54,270.77000000000004,591
2026-04-24T18:05:00+00:00,270.77000000000004,270.91,270.64000000000004,270.74,747
2026-04-24T18:10:00+00:00,270.74,271.02000000000004,270.71000000000004,271.01000000000005,487
2026-04-24T18:15:00+00:00,271.01000000000005,271.05,270.85,270.87000000000006,498
2026-04-24T18:20:00+00:00,270.87000000000006,270.96000000000004,270.81000000000006,270.86,431
2026-04-24T18:25:00+00:00,270.86,270.89000000000004,270.72,270.8,426
2026-04-24T18:30:00+00:00,270.8,270.90000000000003,270.69000000000005,270.77000000000004,390
2026-04-24T18:35:00+00:00,270.77000000000004,271.08000000000004,270.74,271.04,365
2026-04-24T18:40:00+00:00,271.04,271.22,271.02000000000004,271.17,377
2026-04-24T18:45:00+00:00,271.17,271.17,270.81000000000006,270.81000000000006,454
2026-04-24T18:50:00+00:00,270.81000000000006,270.96000000000004,270.79,270.83000000000004,386
2026-04-24T18:55:00+00:00,270.83000000000004,271.06000000000006,270.82000000000005,270.91,307
2026-04-24T19:00:00+00:00,270.91,271.05,270.74,270.93000000000006,484
2026-04-24T19:05:00+00:00,270.93000000000006,271.22,270.86,271.09000000000003,514
2026-04-24T19:10:00+00:00,271.09000000000003,271.16,271.01000000000005,271.02000000000004,553
2026-04-24T19:15:00+00:00,271.02000000000004,271.15000000000003,270.99,271.06000000000006,535
2026-04-24T19:20:00+00:00,271.06000000000006,271.07000000000005,270.82000000000005,270.87000000000006,470
2026-04-24T19:25:00+00:00,270.87000000000006,270.99,270.75000000000006,270.92,569
2026-04-24T19:30:00+00:00,270.92,271.03000000000003,270.84000000000003,270.95000000000005,595
2026-04-24T19:35:00+00:00,270.95000000000005,271.21000000000004,270.84000000000003,271.03000000000003,523
2026-04-24T19:40:00+00:00,271.03000000000003,271.38000000000005,270.95000000000005,271.34000000000003,578
2026-04-24T19:45:00+00:00,271.34000000000003,271.63000000000005,271.3,271.62000000000006,745
2026-04-24T19:50:00+00:00,271.62000000000006,272.03000000000003,271.62000000000006,272.00000000000006,1090
2026-04-24T19:55:00+00:00,272.00000000000006,272.18000000000006,271.68000000000006,271.85,1251
2026-04-27T13:30:00+00:00,271.85,271.85,265.91,266.97,1480
2026-04-27T13:35:00+00:00,266.97,268.07000000000005,266.90000000000003,268.01000000000005,1705
2026-04-27T13:40:00+00:00,268.01000000000005,268.57000000000005,267.84000000000003,268.27000000000004,1847
2026-04-27T13:45:00+00:00,268.27000000000004,268.94000000000005,268.14000000000004,268.74,2143
2026-04-27T13:50:00+00:00,268.74,269.07000000000005,268.23,268.70000000000005,2345
2026-04-27T13:55:00+00:00,268.70000000000005,269.20000000000005,268.41,268.94000000000005,1758
2026-04-27T14:00:00+00:00,268.94000000000005,269.04,268.08000000000004,268.08000000000004,1616
2026-04-27T14:05:00+00:00,268.08000000000004,268.37000000000006,267.95000000000005,268.27000000000004,1344
2026-04-27T14:10:00+00:00,268.27000000000004,268.82000000000005,267.94000000000005,268.20000000000005,1390
2026-04-27T14:15:00+00:00,268.20000000000005,268.56000000000006,268.11,268.47,1234
2026-04-27T14:20:00+00:00,268.47,268.49,268.12000000000006,268.22,948
2026-04-27T14:25:00+00:00,268.22,268.3,268.01000000000005,268.14000000000004,863
2026-04-27T14:30:00+00:00,268.14000000000004,268.62000000000006,268.14000000000004,268.37000000000006,1247
2026-04-27T14:35:00+00:00,268.37000000000006,268.46000000000004,267.98,268.20000000000005,1380
2026-04-27T14:40:00+00:00,268.20000000000005,268.28000000000003,267.88000000000005,268.03000000000003,1007
2026-04-27T14:45:00+00:00,268.03000000000003,268.15000000000003,267.84000000000003,267.92,772
2026-04-27T14:50:00+00:00,267.92,267.99,267.51000000000005,267.65000000000003,955
2026-04-27T14:55:00+00:00,267.65000000000003,268.02000000000004,267.61,267.99,810
2026-04-27T15:00:00+00:00,267.99,268.19000000000005,267.84000000000003,268.06000000000006,982
2026-04-27T15:05:00+00:00,268.06000000000006,268.39000000000004,267.85,267.92,895
2026-04-27T15:10:00+00:00,267.92,267.94000000000005,267.56000000000006,267.68000000000006,886
2026-04-27T15:15:00+00:00,267.68000000000006,267.88000000000005,267.45000000000005,267.59000000000003,777
2026-04-27T15:20:00+00:00,267.59000000000003,267.84000000000003,267.56000000000006,267.84000000000003,988
2026-04-27T15:25:00+00:00,267.84000000000003,268.02000000000004,267.72,267.95000000000005,892
2026-04-27T15:30:00+00:00,267.95000000000005,268.06000000000006,267.69000000000005,267.82000000000005,855
2026-04-27T15:35:00+00:00,267.82000000000005,268.18000000000006,267.81000000000006,268.09000000000003,688
2026-04-27T15:40:00+00:00,268.09000000000003,268.47,268.04,268.45000000000005,713
2026-04-27T15:45:00+00:00,268.45000000000005,268.47,267.84000000000003,267.87000000000006,720
2026-04-27T15:50:00+00:00,267.87000000000006,267.90000000000003,267.72,267.85,664
2026-04-27T15:55:00+00:00,267.85,267.90000000000003,267.51000000000005,267.62000000000006,699
2026-04-27T16:00:00+00:00,267.62000000000006,267.78000000000003,267.45000000000005,267.70000000000005,680
2026-04-27T16:05:00+00:00,267.70000000000005,267.72,267.50000000000006,267.63000000000005,597
2026-04-27T16:10:00+00:00,267.63000000000005,267.85,267.63000000000005,267.67,524
2026-04-27T16:15:00+00:00,267.67,267.69000000000005,267.46000000000004,267.52000000000004,580
2026-04-27T16:20:00+00:00,267.52000000000004,267.54,267.19000000000005,267.24,450
2026-04-27T16:25:00+00:00,267.24,267.31000000000006,267.09000000000003,267.15000000000003,409
2026-04-27T16:30:00+00:00,267.15000000000003,267.36,267.11,267.29,689
2026-04-27T16:35:00+00:00,267.29,267.34000000000003,267.14000000000004,267.24,544
2026-04-27T16:40:00+00:00,267.24,267.49,267.19000000000005,267.41,424
2026-04-27T16:45:00+00:00,267.41,267.51000000000005,267.3,267.36,484
2026-04-27T16:50:00+00:00,267.36,267.40000000000003,267.24,267.31000000000006,469
2026-04-27T16:55:00+00:00,267.31000000000006,267.40000000000003,267.16,267.27000000000004,567
2026-04-27T17:00:00+00:00,267.27000000000004,267.48,267.20000000000005,267.41,551
2026-04-27T17:05:00+00:00,267.41,267.52000000000004,267.29,267.43000000000006,544
2026-04-27T17:10:00+00:00,267.43000000000006,267.44000000000005,267.21000000000004,267.27000000000004,438
2026-04-27T17:15:00+00:00,267.27000000000004,267.64000000000004,267.24,267.56000000000006,566
2026-04-27T17:20:00+00:00,267.56000000000006,267.86,267.54,267.63000000000005,694
2026-04-27T17:25:00+00:00,267.63000000000005,267.74,267.52000000000004,267.67,554
2026-04-27T17:30:00+00:00,267.67,267.90000000000003,267.64000000000004,267.79,672
2026-04-27T17:35:00+00:00,267.79,267.82000000000005,267.59000000000003,267.71000000000004,578
2026-04-27T17:40:00+00:00,267.71000000000004,267.8,267.6,267.68000000000006,450
2026-04-27T17:45:00+00:00,267.68000000000006,267.72,267.24,267.35,656
2026-04-27T17:50:00+00:00,267.35,267.39000000000004,267.18000000000006,267.23,457
2026-04-27T17:55:00+00:00,267.23,267.35,267.22,267.31000000000006,414
2026-04-27T18:00:00+00:00,267.31000000000006,267.35,267.03000000000003,267.09000000000003,434
2026-04-27T18:05:00+00:00,267.09000000000003,267.28000000000003,267.02000000000004,267.26000000000005,518
2026-04-27T18:10:00+00:00,267.26000000000005,267.48,267.17,267.37000000000006,476
2026-04-27T18:15:00+00:00,267.37000000000006,267.42,267.09000000000003,267.13000000000005,475
2026-04-27T18:20:00+00:00,267.13000000000005,267.15000000000003,266.95000000000005,266.96000000000004,396
2026-04-27T18:25:00+00:00,266.96000000000004,267.26000000000005,266.93000000000006,267.19000000000005,568
2026-04-27T18:30:00+00:00,267.19000000000005,267.20000000000005,266.96000000000004,267.12000000000006,434
2026-04-27T18:35:00+00:00,267.12000000000006,267.24,266.99,267.19000000000005,497
2026-04-27T18:40:00+00:00,267.19000000000005,267.29,266.99,267.02000000000004,435
2026-04-27T18:45:00+00:00,267.02000000000004,267.18000000000006,266.99,267.00000000000006,469
2026-04-27T18:50:00+00:00,267.00000000000006,267.32000000000005,266.99,267.31000000000006,310
2026-04-27T18:55:00+00:00,267.31000000000006,267.35,267.17,267.24,402
2026-04-27T19:00:00+00:00,267.24,267.44000000000005,267.19000000000005,267.19000000000005,681
2026-04-27T19:05:00+00:00,267.19000000000005,267.32000000000005,267.14000000000004,267.3,440
2026-04-27T19:10:00+00:00,267.3,267.57000000000005,267.27000000000004,267.46000000000004,357
2026-04-27T19:15:00+00:00,267.46000000000004,267.73,267.46000000000004,267.51000000000005,494
2026-04-27T19:20:00+00:00,267.51000000000005,267.66,267.47,267.57000000000005,526
2026-04-27T19:25:00+00:00,267.57000000000005,268.05,267.57000000000005,268.00000000000006,599
2026-04-27T19:30:00+00:00,268.00000000000006,268.44000000000005,267.89000000000004,268.27000000000004,857
2026-04-27T19:35:00+00:00,268.27000000000004,268.33000000000004,268.17,268.24,645
2026-04-27T19:40:00+00:00,268.24,268.57000000000005,268.19000000000005,268.56000000000006,915
2026-04-27T19:45:00+00:00,268.56000000000006,268.65000000000003,268.36,268.42,907
2026-04-27T19:50:00+00:00,268.42,268.79,268.36,268.39000000000004,1001
2026-04-27T19:55:00+00:00,268.39000000000004,268.74,268.25000000000006,268.47,1442
2026-04-28T13:30:00+00:00,268.47,273.82000000000005,268.47,269.95000000000005,1736
2026-04-28T13:35:00+00:00,269.95000000000005,270.86,269.48,270.63000000000005,2136
2026-04-28T13:40:00+00:00,270.63000000000005,270.75000000000006,270.22,270.54,1953
2026-04-28T13:45:00+00:00,270.54,271.27000000000004,270.34000000000003,271.24,1909
2026-04-28T13:50:00+00:00,271.24,271.41,270.87000000000006,270.90000000000003,1737
2026-04-28T13:55:00+00:00,270.90000000000003,270.92,270.44000000000005,270.69000000000005,1376
2026-04-28T14:00:00+00:00,270.69000000000005,271.09000000000003,270.47,270.61,1364
2026-04-28T14:05:00+00:00,270.61,271.13000000000005,270.53000000000003,271.06000000000006,1227
2026-04-28T14:10:00+00:00,271.06000000000006,271.28000000000003,270.79,271.1,1067
2026-04-28T14:15:00+00:00,271.1,271.6,271.05,271.55,1090
2026-04-28T14:20:00+00:00,271.55,271.73,271.23,271.59000000000003,1076
2026-04-28T14:25:00+00:00,271.59000000000003,272.24,271.46000000000004,272.09000000000003,1090
2026-04-28T14:30:00+00:00,272.09000000000003,272.50000000000006,272.02000000000004,272.26000000000005,1373
2026-04-28T14:35:00+00:00,272.26000000000005,272.36,271.48,271.87000000000006,1967
2026-04-28T14:40:00+00:00,271.87000000000006,272.15000000000003,271.64000000000004,272.08000000000004,1837
2026-04-28T14:45:00+00:00,272.08000000000004,272.56000000000006,272.06000000000006,272.22,1656
2026-04-28T14:50:00+00:00,272.22,272.39000000000004,271.91,272.3,1762
2026-04-28T14:55:00+00:00,272.3,272.31000000000006,271.73,271.94000000000005,2140
2026-04-28T15:00:00+00:00,271.94000000000005,272.50000000000006,271.90000000000003,272.36,1653
2026-04-28T15:05:00+00:00,272.36,272.67,272.18000000000006,272.50000000000006,1296
2026-04-28T15:10:00+00:00,272.50000000000006,272.59000000000003,272.02000000000004,272.38000000000005,1463
2026-04-28T15:15:00+00:00,272.38000000000005,272.43000000000006,271.75000000000006,271.8,1131
2026-04-28T15:20:00+00:00,271.8,272.08000000000004,271.6,272.02000000000004,1276
2026-04-28T15:25:00+00:00,272.02000000000004,272.05,271.14000000000004,271.14000000000004,1338
2026-04-28T15:30:00+00:00,271.14000000000004,271.39000000000004,271.01000000000005,271.04,1269
2026-04-28T15:35:00+00:00,271.04,271.16,270.8,271.02000000000004,1147
2026-04-28T15:40:00+00:00,271.02000000000004,271.22,270.72,270.77000000000004,941
2026-04-28T15:45:00+00:00,270.77000000000004,270.97,270.59000000000003,270.64000000000004,1012
2026-04-28T15:50:00+00:00,270.64000000000004,270.72,270.31000000000006,270.47,1004
2026-04-28T15:55:00+00:00,270.47,270.57000000000005,270.36,270.51000000000005,740
2026-04-28T16:00:00+00:00,270.51000000000005,270.88000000000005,270.45000000000005,270.84000000000003,846
2026-04-28T16:05:00+00:00,270.84000000000003,271.01000000000005,270.66,270.79,700
2026-04-28T16:10:00+00:00,270.79,270.81000000000006,270.61,270.72,578
2026-04-28T16:15:00+00:00,270.72,270.72,270.44000000000005,270.50000000000006,650
2026-04-28T16:20:00+00:00,270.50000000000006,270.53000000000003,270.19000000000005,270.23,574
2026-04-28T16:25:00+00:00,270.23,270.44000000000005,270.17,270.32000000000005,646
2026-04-28T16:30:00+00:00,270.32000000000005,270.54,270.31000000000006,270.40000000000003,644
2026-04-28T16:35:00+00:00,270.40000000000003,270.66,270.3,270.62000000000006,738
2026-04-28T16:40:00+00:00,270.62000000000006,270.71000000000004,270.27000000000004,270.49,681
2026-04-28T16:45:00+00:00,270.49,270.68000000000006,270.34000000000003,270.65000000000003,648
2026-04-28T16:50:00+00:00,270.65000000000003,270.95000000000005,270.56000000000006,270.75000000000006,925
2026-04-28T16:55:00+00:00,270.75000000000006,270.91,270.69000000000005,270.78000000000003,656
2026-04-28T17:00:00+00:00,270.78000000000003,270.98,270.73,270.77000000000004,873
2026-04-28T17:05:00+00:00,270.77000000000004,270.84000000000003,270.55,270.66,581
2026-04-28T17:10:00+00:00,270.66,270.72,270.46000000000004,270.54,632
2026-04-28T17:15:00+00:00,270.54,270.59000000000003,270.34000000000003,270.44000000000005,619
2026-04-28T17:20:00+00:00,270.44000000000005,270.63000000000005,270.42,270.53000000000003,572
2026-04-28T17:25:00+00:00,270.53000000000003,270.79,270.47,270.68000000000006,650
2026-04-28T17:30:00+00:00,270.68000000000006,270.82000000000005,270.6,270.77000000000004,625
2026-04-28T17:35:00+00:00,270.77000000000004,270.94000000000005,270.70000000000005,270.84000000000003,660
2026-04-28T17:40:00+00:00,270.84000000000003,270.96000000000004,270.82000000000005,270.90000000000003,511
2026-04-28T17:45:00+00:00,270.90000000000003,271.28000000000003,270.88000000000005,271.18000000000006,569
2026-04-28T17:50:00+00:00,271.18000000000006,271.40000000000003,271.05,271.36,529
2026-04-28T17:55:00+00:00,271.36,271.49,271.31000000000006,271.31000000000006,526
2026-04-28T18:00:00+00:00,271.31000000000006,271.41,271.12000000000006,271.23,649
2026-04-28T18:05:00+00:00,271.23,271.67,270.93000000000006,271.18000000000006,683
2026-04-28T18:10:00+00:00,271.18000000000006,271.41,271.1,271.36,648
2026-04-28T18:15:00+00:00,271.36,271.52000000000004,271.26000000000005,271.47,543
2026-04-28T18:20:00+00:00,271.47,271.52000000000004,271.29,271.45000000000005,869
2026-04-28T18:25:00+00:00,271.45000000000005,271.52000000000004,271.3,271.32000000000005,601
2026-04-28T18:30:00+00:00,271.32000000000005,271.38000000000005,271.00000000000006,271.31000000000006,662
2026-04-28T18:35:00+00:00,271.31000000000006,271.34000000000003,271.13000000000005,271.19000000000005,449
2026-04-28T18:40:00+00:00,271.19000000000005,271.23,270.99,271.06000000000006,349
2026-04-28T18:45:00+00:00,271.06000000000006,271.13000000000005,271.00000000000006,271.05,418
2026-04-28T18:50:00+00:00,271.05,271.1,270.87000000000006,270.89000000000004,390
2026-04-28T18:55:00+00:00,270.89000000000004,271.00000000000006,270.73,270.91,541
2026-04-28T19:00:00+00:00,270.91,271.00000000000006,270.85,270.95000000000005,744
2026-04-28T19:05:00+00:00,270.95000000000005,271.21000000000004,270.92,271.04,632
2026-04-28T19:10:00+00:00,271.04,271.29,271.00000000000006,271.25000000000006,548
2026-04-28T19:15:00+00:00,271.25000000000006,271.42,271.21000000000004,271.29,828
2026-04-28T19:20:00+00:00,271.29,271.46000000000004,271.11,271.21000000000004,766
2026-04-28T19:25:00+00:00,271.21000000000004,271.23,270.93000000000006,271.01000000000005,571
2026-04-28T19:30:00+00:00,271.01000000000005,271.24,270.84000000000003,270.86,809
2026-04-28T19:35:00+00:00,270.86,271.28000000000003,270.85,271.22,700
2026-04-28T19:40:00+00:00,271.22,271.43000000000006,271.20000000000005,271.36,642
2026-04-28T19:45:00+00:00,271.36,271.59000000000003,271.35,271.42,746
2026-04-28T19:50:00+00:00,271.42,271.78000000000003,271.34000000000003,271.48,1123
2026-04-28T19:55:00+00:00,271.48,271.70000000000005,271.35,271.59000000000003,1373
2026-04-29T13:30:00+00:00,271.59000000000003,271.59000000000003,267.85,268.90000000000003,1367
2026-04-29T13:35:00+00:00,268.90000000000003,269.57000000000005,268.53000000000003,269.40000000000003,1379
2026-04-29T13:40:00+00:00,269.40000000000003,269.81000000000006,269.24,269.32000000000005,1069
2026-04-29T13:45:00+00:00,269.32000000000005,270.28000000000003,269.3,270.14000000000004,1388
2026-04-29T13:50:00+00:00,270.14000000000004,270.38000000000005,269.61,269.85,1102
2026-04-29T13:55:00+00:00,269.85,270.16,269.64000000000004,270.07000000000005,994
2026-04-29T14:00:00+00:00,270.07000000000005,270.78000000000003,270.03000000000003,270.65000000000003,1229
2026-04-29T14:05:00+00:00,270.65000000000003,271.13000000000005,270.51000000000005,270.55,1163
2026-04-29T14:10:00+00:00,270.55,270.58000000000004,270.04,270.32000000000005,987
2026-04-29T14:15:00+00:00,270.32000000000005,270.50000000000006,269.89000000000004,270.43000000000006,823
2026-04-29T14:20:00+00:00,270.43000000000006,270.45000000000005,269.85,269.97,597
2026-04-29T14:25:00+00:00,269.97,270.25000000000006,269.87000000000006,270.21000000000004,762
2026-04-29T14:30:00+00:00,270.21000000000004,270.23,269.86,270.02000000000004,827
2026-04-29T14:35:00+00:00,270.02000000000004,270.21000000000004,269.93000000000006,270.08000000000004,892
2026-04-29T14:40:00+00:00,270.08000000000004,270.31000000000006,270.05,270.22,693
2026-04-29T14:45:00+00:00,270.22,270.54,270.21000000000004,270.49,651
2026-04-29T14:50:00+00:00,270.49,270.76000000000005,270.43000000000006,270.76000000000005,529
2026-04-29T14:55:00+00:00,270.76000000000005,270.76000000000005,270.12000000000006,270.14000000000004,643.2518828451882
2026-04-29T15:00:00+00:00,270.14000000000004,270.26,269.68,269.85,767
2026-04-29T15:05:00+00:00,269.85,270.14000000000004,269.72,270.01,631
2026-04-29T15:10:00+00:00,270.01,270.16,269.76,269.77000000000004,817
2026-04-29T15:15:00+00:00,269.77000000000004,269.99,269.68,269.68,577
2026-04-29T15:20:00+00:00,269.68,269.91,269.56,269.81,569
2026-04-29T15:25:00+00:00,269.81,269.90000000000003,269.66,269.68,617
2026-04-29T15:30:00+00:00,269.68,269.77000000000004,269.46000000000004,269.61,758
2026-04-29T15:35:00+00:00,269.61,269.99,269.6,269.91,585
2026-04-29T15:40:00+00:00,269.91,270.13,269.86,269.91,581
2026-04-29T15:45:00+00:00,269.91,270.12,269.62,269.62,703
2026-04-29T15:50:00+00:00,269.62,269.69,268.98,269.3,1628
2026-04-29T15:55:00+00:00,269.3,269.57,269.22,269.48,1109
2026-04-29T16:00:00+00:00,269.48,269.93,269.47,269.88,689
2026-04-29T16:05:00+00:00,269.88,269.90000000000003,269.55,269.56,593
2026-04-29T16:10:00+00:00,269.56,269.96000000000004,269.55,269.87,540
2026-04-29T16:15:00+00:00,269.87,269.95000000000005,269.55,269.59000000000003,522
2026-04-29T16:20:00+00:00,269.59000000000003,270.92,269.57,270.59000000000003,582
2026-04-29T16:25:00+00:00,270.59000000000003,270.77000000000004,270.33000000000004,270.67,746
2026-04-29T16:30:00+00:00,270.67,271,270.58000000000004,270.8,907
2026-04-29T16:35:00+00:00,270.8,270.94,270.61,270.75,807
2026-04-29T16:40:00+00:00,270.75,271.1,270.70000000000005,271.03000000000003,501
2026-04-29T16:45:00+00:00,271.03000000000003,271.35,270.90000000000003,271.33000000000004,462
2026-04-29T16:50:00+00:00,271.33000000000004,271.69,271.21000000000004,271.61,490
2026-04-29T16:55:00+00:00,271.61,271.88,271.47,271.83000000000004,778
2026-04-29T17:00:00+00:00,271.83000000000004,271.84000000000003,271.14000000000004,271.17,764
2026-04-29T17:05:00+00:00,271.17,271.55,271.14000000000004,271.23,571
2026-04-29T17:10:00+00:00,271.23,271.25,270.95000000000005,270.99,510
2026-04-29T17:15:00+00:00,270.99,271,270.81,270.85,615
2026-04-29T17:20:00+00:00,270.85,271.1,270.77000000000004,270.89000000000004,836
2026-04-29T17:25:00+00:00,270.89000000000004,271.06,270.87,271.04,621
2026-04-29T17:30:00+00:00,271.04,271.32,270.96000000000004,271.19,578
2026-04-29T17:35:00+00:00,271.19,271.39000000000004,271.17,271.23,406
2026-04-29T17:40:00+00:00,271.23,271.32,271.13,271.19,481
2026-04-29T17:45:00+00:00,271.19,271.28000000000003,271.11,271.24,669
2026-04-29T17:50:00+00:00,271.24,271.43,271.12,271.19,650
2026-04-29T17:55:00+00:00,271.19,271.26,270.95000000000005,271.04,562
2026-04-29T18:00:00+00:00,271.04,271.09000000000003,270.62,270.66,1088
2026-04-29T18:05:00+00:00,270.66,270.8,270.47,270.62,924
2026-04-29T18:10:00+00:00,270.62,270.97,270.52000000000004,270.86,917
2026-04-29T18:15:00+00:00,270.86,271.11,270.74,270.89000000000004,960
2026-04-29T18:20:00+00:00,270.89000000000004,271.09000000000003,270.71000000000004,270.73,800
2026-04-29T18:25:00+00:00,270.73,270.75,270.56,270.58000000000004,545
2026-04-29T18:30:00+00:00,270.58000000000004,270.78000000000003,270.47,270.67,806
2026-04-29T18:35:00+00:00,270.67,271.03000000000003,270.47,270.57,1484
2026-04-29T18:40:00+00:00,270.57,270.64000000000004,270.33000000000004,270.35,866
2026-04-29T18:45:00+00:00,270.35,270.74,270.22,270.67,973
2026-04-29T18:50:00+00:00,270.67,270.83000000000004,270.56,270.69,753
2026-04-29T18:55:00+00:00,270.69,270.91,270.61,270.87,799
2026-04-29T19:00:00+00:00,270.87,271.18,270.87,271.07,858
2026-04-29T19:05:00+00:00,271.07,271.18,270.97,271.11,1083
2026-04-29T19:10:00+00:00,271.11,271.29,271.02000000000004,271.1,932
2026-04-29T19:15:00+00:00,271.1,271.24,271.03000000000003,271.11,951
2026-04-29T19:20:00+00:00,271.11,271.24,270.96000000000004,271.07,758
2026-04-29T19:25:00+00:00,271.07,271.17,270.99,271.12,705
2026-04-29T19:30:00+00:00,271.12,271.22,270.62,270.73,919
2026-04-29T19:35:00+00:00,270.73,270.96000000000004,270.66,270.8,756
2026-04-29T19:40:00+00:00,270.8,270.85,270.55,270.71000000000004,808
2026-04-29T19:45:00+00:00,270.71000000000004,270.78000000000003,270.57,270.66,750
2026-04-29T19:50:00+00:00,270.66,270.95000000000005,270.46000000000004,270.75,1091
2026-04-29T19:55:00+00:00,270.75,271.17,270.58000000000004,271.12,1309
2026-04-30T13:30:00+00:00,271.12,271.62,269.57,269.89000000000004,1301
2026-04-30T13:35:00+00:00,269.89000000000004,270.13,268.99,269.68,1747
2026-04-30T13:40:00+00:00,269.68,270.25,269.46000000000004,269.88,1586
2026-04-30T13:45:00+00:00,269.88,270.88,269.86,270.18,1455
2026-04-30T13:50:00+00:00,270.18,271.53000000000003,270.18,271.41,1349
2026-04-30T13:55:00+00:00,271.41,271.46000000000004,270.64000000000004,271.38,1577
2026-04-30T14:00:00+00:00,271.38,273.01,271.35,272.43,1708
2026-04-30T14:05:00+00:00,272.43,272.64000000000004,271.70000000000005,272.25,1749
2026-04-30T14:10:00+00:00,272.25,272.51,271.86,271.98,2142
2026-04-30T14:15:00+00:00,271.98,272.37,271.86,271.88,2031
2026-04-30T14:20:00+00:00,271.88,272.74,271.83000000000004,272.57,1437
2026-04-30T14:25:00+00:00,272.57,272.93,272.41,272.74,1457
2026-04-30T14:30:00+00:00,272.74,273.07,272.41,272.48,1610
2026-04-30T14:35:00+00:00,272.48,272.57,271.77000000000004,271.91,1833
2026-04-30T14:40:00+00:00,271.91,272.38,271.88,272.32,1717
2026-04-30T14:45:00+00:00,272.32,272.49,271.82,271.83000000000004,1445
2026-04-30T14:50:00+00:00,271.83000000000004,272.12,271.58000000000004,272.08000000000004,1321
2026-04-30T14:55:00+00:00,272.08000000000004,272.16,271.69,271.70000000000005,1262
2026-04-30T15:00:00+00:00,271.70000000000005,272.04,271.59000000000003,271.93,1265
2026-04-30T15:05:00+00:00,271.93,272.3,271.86,272.12,1363
2026-04-30T15:10:00+00:00,272.12,272.24,271.99,272.12,1146
2026-04-30T15:15:00+00:00,272.12,272.44,271.81,271.95000000000005,1125
2026-04-30T15:20:00+00:00,271.95000000000005,272.45000000000005,271.88,272.27000000000004,1237
2026-04-30T15:25:00+00:00,272.27000000000004,272.47,272.12,272.37,1146
2026-04-30T15:30:00+00:00,272.37,272.49,272.07,272.13,1147
2026-04-30T15:35:00+00:00,272.13,272.49,272.07,272.49,1099
2026-04-30T15:40:00+00:00,272.49,272.8,272.36,272.49,879
2026-04-30T15:45:00+00:00,272.49,272.52000000000004,272.03000000000003,272.31,735
2026-04-30T15:50:00+00:00,272.31,272.48,272.22,272.44,925
2026-04-30T15:55:00+00:00,272.44,272.83000000000004,272.40000000000003,272.79,773
2026-04-30T16:00:00+00:00,272.79,272.85,272.6,272.71000000000004,873
2026-04-30T16:05:00+00:00,272.71000000000004,273.21000000000004,272.71000000000004,272.97,539
2026-04-30T16:10:00+00:00,272.97,273.47,272.95000000000005,273.38,693
2026-04-30T16:15:00+00:00,273.38,273.64000000000004,273.16,273.16,711
2026-04-30T16:20:00+00:00,273.16,273.47,273.15000000000003,273.35,702
2026-04-30T16:25:00+00:00,273.35,273.95000000000005,273.34000000000003,273.87,756
2026-04-30T16:30:00+00:00,273.87,274.6,273.87,274.24,1081
2026-04-30T16:35:00+00:00,274.24,274.39000000000004,273.82,273.99,986
2026-04-30T16:40:00+00:00,273.99,274.1,273.77000000000004,273.83000000000004,813
2026-04-30T16:45:00+00:00,273.83000000000004,273.85,273.63,273.75,752
2026-04-30T16:50:00+00:00,273.75,273.75,272.89000000000004,272.95000000000005,820
2026-04-30T16:55:00+00:00,272.95000000000005,272.95000000000005,272.54,272.83000000000004,780
2026-04-30T17:00:00+00:00,272.83000000000004,272.99,272.53000000000003,272.59000000000003,869
2026-04-30T17:05:00+00:00,272.59000000000003,273.06,272.52000000000004,273.02000000000004,733
2026-04-30T17:10:00+00:00,273.02000000000004,273.44,272.90000000000003,273.16,659
2026-04-30T17:15:00+00:00,273.16,273.28000000000003,273,273.05,716
2026-04-30T17:20:00+00:00,273.05,273.37,272.87,273.32,867
2026-04-30T17:25:00+00:00,273.32,273.66,273.24,273.61,646
2026-04-30T17:30:00+00:00,273.61,274.29,273.59000000000003,274.25,1041
2026-04-30T17:35:00+00:00,274.25,274.52000000000004,274.06,274.27000000000004,650
2026-04-30T17:40:00+00:00,274.27000000000004,274.62,274.16,274.54,805
2026-04-30T17:45:00+00:00,274.54,274.72,274.36,274.56,724
2026-04-30T17:50:00+00:00,274.56,274.64000000000004,274.43,274.59000000000003,616
2026-04-30T17:55:00+00:00,274.59000000000003,274.63,274.40000000000003,274.47,489
2026-04-30T18:00:00+00:00,274.47,275.06,274.41,274.96000000000004,656
2026-04-30T18:05:00+00:00,274.96000000000004,275.05,274.86,274.97,537
2026-04-30T18:10:00+00:00,274.97,275.03000000000003,274.79,274.84000000000003,638
2026-04-30T18:15:00+00:00,274.84000000000003,274.87,274.65000000000003,274.79,776
2026-04-30T18:20:00+00:00,274.79,274.92,274.47,274.47,515
2026-04-30T18:25:00+00:00,274.47,274.55,274.3,274.44,732
2026-04-30T18:30:00+00:00,274.44,274.53000000000003,274.36,274.47,837
2026-04-30T18:35:00+00:00,274.47,274.78000000000003,274.47,274.72,423
2026-04-30T18:40:00+00:00,274.72,274.79,274.43,274.48,575
2026-04-30T18:45:00+00:00,274.48,274.58000000000004,274.36,274.55,727
2026-04-30T18:50:00+00:00,274.55,274.74,274.31,274.33000000000004,558
2026-04-30T18:55:00+00:00,274.33000000000004,274.33000000000004,273.90000000000003,273.94,983
2026-04-30T19:00:00+00:00,273.94,274.62,273.68,274.61,1187
2026-04-30T19:05:00+00:00,274.61,275.03000000000003,274.54,274.79,1406
2026-04-30T19:10:00+00:00,274.79,275.11,274.75,275.07,1053
2026-04-30T19:15:00+00:00,275.07,275.22,274.94,274.99,1120
2026-04-30T19:20:00+00:00,274.99,275.16,274.84000000000003,275.14000000000004,1002
2026-04-30T19:25:00+00:00,275.14000000000004,275.35,275.11,275.34000000000003,930
2026-04-30T19:30:00+00:00,275.34000000000003,275.37,274.76,274.78000000000003,1364
2026-04-30T19:35:00+00:00,274.78000000000003,275.13,274.76,275.01,1047
2026-04-30T19:40:00+00:00,275.01,275.33000000000004,274.92,275.31,993
2026-04-30T19:45:00+00:00,275.31,275.42,275.03000000000003,275.12,1141
2026-04-30T19:50:00+00:00,275.12,276.78000000000003,273.06,273.24,2382
2026-04-30T19:55:00+00:00,273.24,273.26,271.16,272.39000000000004,2838
2026-05-01T13:30:00+00:00,272.39000000000004,284.54,272.39000000000004,281.39000000000004,2591
2026-05-01T13:35:00+00:00,281.39000000000004,282.5,279.47,281.8,2001
2026-05-01T13:40:00+00:00,281.8,283.43,281.57,282.86,1733
2026-05-01T13:45:00+00:00,282.86,284.58000000000004,282.24,284.31,1674
2026-05-01T13:50:00+00:00,284.31,285.59000000000003,284.06,284.36,1733
2026-05-01T13:55:00+00:00,284.36,285.11,283.71000000000004,284.77000000000004,1735
2026-05-01T14:00:00+00:00,284.77000000000004,286.17,284.67,285.95000000000005,1970
2026-05-01T14:05:00+00:00,285.95000000000005,286.92,285.17,286.61,1686
2026-05-01T14:10:00+00:00,286.61,288.03000000000003,286.48,286.98,1781
2026-05-01T14:15:00+00:00,286.98,287.27000000000004,286.22,286.32,1661
2026-05-01T14:20:00+00:00,286.32,286.79,285.99,286.01,1463
2026-05-01T14:25:00+00:00,286.01,286.59000000000003,285.90000000000003,286.19,1213
2026-05-01T14:30:00+00:00,286.19,286.40000000000003,284.81,285.11,1499
2026-05-01T14:35:00+00:00,285.11,285.21000000000004,283.86,283.94,1595
2026-05-01T14:40:00+00:00,283.94,284.07,283.16,283.25,1362
2026-05-01T14:45:00+00:00,283.25,284.05,282.87,284.01,1151
2026-05-01T14:50:00+00:00,284.01,284.54,283.76,284.3,1193
2026-05-01T14:55:00+00:00,284.3,284.56,283.4,283.4,979.0708945925742
2026-05-01T15:00:00+00:00,283.4,283.67999999999995,282.21999999999997,282.61999999999995,1361
2026-05-01T15:05:00+00:00,282.61999999999995,283.16999999999996,282.51,282.88,992
2026-05-01T15:10:00+00:00,282.88,284.28999999999996,282.74999999999994,284.28,1110
2026-05-01T15:15:00+00:00,284.28,284.78,284.03999999999996,284.73999999999995,952
2026-05-01T15:20:00+00:00,284.73999999999995,285.03,284.46,284.71999999999997,901
2026-05-01T15:25:00+00:00,284.71999999999997,284.80999999999995,284.28999999999996,284.68999999999994,792
2026-05-01T15:30:00+00:00,284.68999999999994,284.74999999999994,283.98999999999995,284.4,709
2026-05-01T15:35:00+00:00,284.4,285.32,284.34999999999997,285.27,732
2026-05-01T15:40:00+00:00,285.27,285.71999999999997,285.02,285.58,845
2026-05-01T15:45:00+00:00,285.58,286.24999999999994,285.2,286.03,952
2026-05-01T15:50:00+00:00,286.03,286.2,285.42999999999995,285.78,1237
2026-05-01T15:55:00+00:00,285.78,285.96,285.4,285.48999999999995,824
2026-05-01T16:00:00+00:00,285.48999999999995,285.71,285.28999999999996,285.65,685
2026-05-01T16:05:00+00:00,285.65,285.77,284.65,284.79999999999995,772
2026-05-01T16:10:00+00:00,284.79999999999995,284.88,284.59,284.73999999999995,631
2026-05-01T16:15:00+00:00,284.73999999999995,285.55999999999995,284.72999999999996,285.13,761
2026-05-01T16:20:00+00:00,285.13,285.21,284.34,284.48999999999995,807
2026-05-01T16:25:00+00:00,284.48999999999995,284.78,284.09999999999997,284.73999999999995,822
2026-05-01T16:30:00+00:00,284.73999999999995,284.9,284.34999999999997,284.59,735
2026-05-01T16:35:00+00:00,284.59,284.77,284.09,284.15,713
2026-05-01T16:40:00+00:00,284.15,284.4,283.73999999999995,283.73999999999995,674
2026-05-01T16:45:00+00:00,283.73999999999995,283.79999999999995,283.24999999999994,283.35999999999996,662
2026-05-01T16:50:00+00:00,283.35999999999996,283.98999999999995,283.15999999999997,283.92999999999995,641
2026-05-01T16:55:00+00:00,283.92999999999995,284.39,283.84,283.9,619
2026-05-01T17:00:00+00:00,283.9,284.28999999999996,283.60999999999996,283.63,596
2026-05-01T17:05:00+00:00,283.63,283.71,283.24999999999994,283.40999999999997,489
2026-05-01T17:10:00+00:00,283.40999999999997,283.73999999999995,283.27,283.41999999999996,600
2026-05-01T17:15:00+00:00,283.41999999999996,283.53999999999996,283.18999999999994,283.42999999999995,447
2026-05-01T17:20:00+00:00,283.42999999999995,283.68999999999994,283.39,283.66999999999996,461
2026-05-01T17:25:00+00:00,283.66999999999996,283.88,283.4,283.58,639
2026-05-01T17:30:00+00:00,283.58,283.60999999999996,282.96999999999997,282.99999999999994,443
2026-05-01T17:35:00+00:00,282.99999999999994,283.22999999999996,282.82,283.15,677
2026-05-01T17:40:00+00:00,283.15,283.24999999999994,282.84999999999997,282.89,446
2026-05-01T17:45:00+00:00,282.89,283.15,282.82,282.84999999999997,427
2026-05-01T17:50:00+00:00,282.84999999999997,282.88,282.33,282.45,594
2026-05-01T17:55:00+00:00,282.45,282.78999999999996,282.18999999999994,282.26,640
2026-05-01T18:00:00+00:00,282.26,282.34,281.68999999999994,281.71,702
2026-05-01T18:05:00+00:00,281.71,282.08,281.41999999999996,282.04999999999995,666
2026-05-01T18:10:00+00:00,282.04999999999995,282.08,281.43999999999994,281.46999999999997,561
2026-05-01T18:15:00+00:00,281.46999999999997,282.15999999999997,281.46999999999997,281.96999999999997,699
2026-05-01T18:20:00+00:00,281.96999999999997,282.07,281.78999999999996,281.90999999999997,643
2026-05-01T18:25:00+00:00,281.90999999999997,282.04999999999995,281.59,281.97999999999996,606
2026-05-01T18:30:00+00:00,281.97999999999996,282.02,281.15999999999997,281.17999999999995,690
2026-05-01T18:35:00+00:00,281.17999999999995,281.66999999999996,280.93999999999994,281.54999999999995,644
2026-05-01T18:40:00+00:00,281.54999999999995,281.79999999999995,281.40999999999997,281.54999999999995,525
2026-05-01T18:45:00+00:00,281.54999999999995,281.76,281.18999999999994,281.21,519
2026-05-01T18:50:00+00:00,281.21,281.45,281.18999999999994,281.29999999999995,416
2026-05-01T18:55:00+00:00,281.29999999999995,281.29999999999995,280.97999999999996,281.21999999999997,430
2026-05-01T19:00:00+00:00,281.21999999999997,281.59999999999997,281.05999999999995,281.39,682
2026-05-01T19:05:00+00:00,281.39,281.65,281.34,281.43999999999994,530
2026-05-01T19:10:00+00:00,281.43999999999994,281.67999999999995,281.33,281.54999999999995,550
2026-05-01T19:15:00+00:00,281.54999999999995,281.63,280.68999999999994,280.80999999999995,645
2026-05-01T19:20:00+00:00,280.80999999999995,281.05999999999995,280.52,281.02,762
2026-05-01T19:25:00+00:00,281.02,281.26,280.95,281.11999999999995,612
2026-05-01T19:30:00+00:00,281.11999999999995,281.4,280.97999999999996,281.03999999999996,764
2026-05-01T19:35:00+00:00,281.03999999999996,281.09999999999997,280.63,281.08,695
2026-05-01T19:40:00+00:00,281.08,281.42999999999995,280.92999999999995,281.02,729
2026-05-01T19:45:00+00:00,281.02,281.35999999999996,280.95,281.35999999999996,764
2026-05-01T19:50:00+00:00,281.35999999999996,281.47999999999996,280.46999999999997,280.63,1504
2026-05-01T19:55:00+00:00,280.63,281.08,280.40999999999997,280.85999999999996,1421
2026-05-04T13:30:00+00:00,280.85999999999996,281.27,277.47999999999996,277.84,1578
2026-05-04T13:35:00+00:00,277.84,278.15,276.92999999999995,277.84,1384
2026-05-04T13:40:00+00:00,277.84,277.9,276.92999999999995,277.58,1329
2026-05-04T13:45:00+00:00,277.58,278.36999999999995,277.28999999999996,278.32,1487
2026-05-04T13:50:00+00:00,278.32,278.45,276.83,276.96999999999997,1218
2026-05-04T13:55:00+00:00,276.96999999999997,277.2,276.2,276.21999999999997,1315
2026-05-04T14:00:00+00:00,276.21999999999997,276.52,275.7,275.84,1220
2026-05-04T14:05:00+00:00,275.84,276.68999999999994,275.65,276.64,1210
2026-05-04T14:10:00+00:00,276.64,276.91999999999996,276.36999999999995,276.9,935
2026-05-04T14:15:00+00:00,276.9,277.23999999999995,276.48999999999995,277.17999999999995,991
2026-05-04T14:20:00+00:00,277.17999999999995,277.23999999999995,276.7,276.84999999999997,756
2026-05-04T14:25:00+00:00,276.84999999999997,277.07,276.68999999999994,277.04999999999995,810
2026-05-04T14:30:00+00:00,277.04999999999995,277.49999999999994,276.85999999999996,277.38,979
2026-05-04T14:35:00+00:00,277.38,278.61999999999995,277.35999999999996,278.28999999999996,1060
2026-05-04T14:40:00+00:00,278.28999999999996,278.60999999999996,278.15999999999997,278.49999999999994,822
2026-05-04T14:45:00+00:00,278.49999999999994,278.71999999999997,277.89,278.09,732
2026-05-04T14:50:00+00:00,278.09,278.77,277.97999999999996,278.59999999999997,706
2026-05-04T14:55:00+00:00,278.59999999999997,278.71999999999997,277.96,278.08,919
2026-05-04T15:00:00+00:00,278.08,278.18999999999994,277.78999999999996,277.85999999999996,1034
2026-05-04T15:05:00+00:00,277.85999999999996,278.48999999999995,277.78999999999996,278.46999999999997,849
2026-05-04T15:10:00+00:00,278.46999999999997,278.64,278.01,278.29999999999995,691
2026-05-04T15:15:00+00:00,278.29999999999995,278.43999999999994,277.78,277.84,860
2026-05-04T15:20:00+00:00,277.84,278.01,277.46,277.71,1415
2026-05-04T15:25:00+00:00,277.71,277.96999999999997,277.53999999999996,277.57,955
2026-05-04T15:30:00+00:00,277.57,277.67999999999995,277.23999999999995,277.60999999999996,805
2026-05-04T15:35:00+00:00,277.60999999999996,277.91999999999996,277.33,277.89,774
2026-05-04T15:40:00+00:00,277.89,278.13,277.72999999999996,277.98999999999995,814
2026-05-04T15:45:00+00:00,277.98999999999995,278.03999999999996,277.66999999999996,277.68999999999994,696
2026-05-04T15:50:00+00:00,277.68999999999994,277.84999999999997,277.43999999999994,277.71,986
2026-05-04T15:55:00+00:00,277.71,277.84999999999997,277.51,277.64,733
2026-05-04T16:00:00+00:00,277.64,277.66999999999996,277.17999999999995,277.24999999999994,747
2026-05-04T16:05:00+00:00,277.24999999999994,277.33,276.2,276.80999999999995,1309
2026-05-04T16:10:00+00:00,276.80999999999995,277.02,276.64,276.71,701
2026-05-04T16:15:00+00:00,276.71,276.88,276.30999999999995,276.79999999999995,1037
2026-05-04T16:20:00+00:00,276.79999999999995,276.99999999999994,276.7,276.80999999999995,756
2026-05-04T16:25:00+00:00,276.80999999999995,277.03,276.76,276.88,566
2026-05-04T16:30:00+00:00,276.88,277.40999999999997,276.76,277.40999999999997,501
2026-05-04T16:35:00+00:00,277.40999999999997,277.63,277.30999999999995,277.53,649
2026-05-04T16:40:00+00:00,277.53,277.85999999999996,277.48999999999995,277.67999999999995,517
2026-05-04T16:45:00+00:00,277.67999999999995,277.78999999999996,277.34999999999997,277.46,491
2026-05-04T16:50:00+00:00,277.46,277.46999999999997,277.10999999999996,277.32,574
2026-05-04T16:55:00+00:00,277.32,277.74999999999994,277.30999999999995,277.59,552
2026-05-04T17:00:00+00:00,277.59,277.80999999999995,277.54999999999995,277.73999999999995,646
2026-05-04T17:05:00+00:00,277.73999999999995,277.89,277.59,277.73999999999995,440
2026-05-04T17:10:00+00:00,277.73999999999995,277.78999999999996,277.55999999999995,277.65999999999997,360
2026-05-04T17:15:00+00:00,277.65999999999997,278.02,277.55999999999995,277.90999999999997,714
2026-05-04T17:20:00+00:00,277.90999999999997,278.13,277.88,278.02,350
2026-05-04T17:25:00+00:00,278.02,278.05999999999995,277.7,277.83,396
2026-05-04T17:30:00+00:00,277.83,277.93999999999994,277.72999999999996,277.78999999999996,358
2026-05-04T17:35:00+00:00,277.78999999999996,277.9,277.58,277.86999999999995,497
2026-05-04T17:40:00+00:00,277.86999999999995,278.05999999999995,277.79999999999995,277.80999999999995,377
2026-05-04T17:45:00+00:00,277.80999999999995,277.89,277.55999999999995,277.63,414
2026-05-04T17:50:00+00:00,277.63,277.77,277.48999999999995,277.73999999999995,337
2026-05-04T17:55:00+00:00,277.73999999999995,278.08,277.72999999999996,277.84999999999997,335
2026-05-04T18:00:00+00:00,277.84999999999997,278.07,277.76,277.91999999999996,338
2026-05-04T18:05:00+00:00,277.91999999999996,278.2,277.86999999999995,277.93999999999994,349
2026-05-04T18:10:00+00:00,277.93999999999994,278.13,277.74999999999994,277.74999999999994,350
2026-05-04T18:15:00+00:00,277.74999999999994,277.80999999999995,277.58,277.65999999999997,309
2026-05-04T18:20:00+00:00,277.65999999999997,277.78999999999996,277.43999999999994,277.58,427
2026-05-04T18:25:00+00:00,277.58,277.67999999999995,277.40999999999997,277.53,484
2026-05-04T18:30:00+00:00,277.53,277.72999999999996,277.34999999999997,277.65999999999997,389
2026-05-04T18:35:00+00:00,277.65999999999997,277.68999999999994,277.28999999999996,277.48999999999995,370
2026-05-04T18:40:00+00:00,277.48999999999995,277.52,277.14,277.16999999999996,277
2026-05-04T18:45:00+00:00,277.16999999999996,277.35999999999996,277.03999999999996,277.32,364
2026-05-04T18:50:00+00:00,277.32,277.53,277.21,277.42999999999995,351
2026-05-04T18:55:00+00:00,277.42999999999995,277.54999999999995,277.28999999999996,277.45,341
2026-05-04T19:00:00+00:00,277.45,277.46999999999997,277.24999999999994,277.34999999999997,359
2026-05-04T19:05:00+00:00,277.34999999999997,277.80999999999995,277.32,277.66999999999996,714
2026-05-04T19:10:00+00:00,277.66999999999996,277.83,277.55999999999995,277.80999999999995,453
2026-05-04T19:15:00+00:00,277.80999999999995,278.45,277.78999999999996,278.34999999999997,608
2026-05-04T19:20:00+00:00,278.34999999999997,278.40999999999997,277.89,277.97999999999996,512
2026-05-04T19:25:00+00:00,277.97999999999996,278.05999999999995,277.68999999999994,277.88,543
2026-05-04T19:30:00+00:00,277.88,278.03,277.78999999999996,277.84,390
2026-05-04T19:35:00+00:00,277.84,278.09,277.83,278.03999999999996,385
2026-05-04T19:40:00+00:00,278.03999999999996,278.09999999999997,277.82,277.83,442
2026-05-04T19:45:00+00:00,277.83,277.93999999999994,277.60999999999996,277.7,469
2026-05-04T19:50:00+00:00,277.7,277.74999999999994,277.29999999999995,277.60999999999996,966
2026-05-04T19:55:00+00:00,277.60999999999996,277.95,277.26,277.68999999999994,1135
2026-05-05T13:30:00+00:00,277.68999999999994,279.93999999999994,277.30999999999995,279.92999999999995,1283
2026-05-05T13:35:00+00:00,279.92999999999995,280.48999999999995,279.71999999999997,279.90999999999997,1355
2026-05-05T13:40:00+00:00,279.90999999999997,280.72999999999996,279.32,279.41999999999996,1218
2026-05-05T13:45:00+00:00,279.41999999999996,279.95,279.30999999999995,279.67999999999995,1225
2026-05-05T13:50:00+00:00,279.67999999999995,280.51,279.57,279.96999999999997,1144
2026-05-05T13:55:00+00:00,279.96999999999997,280.40999999999997,279.32,280.27,977
2026-05-05T14:00:00+00:00,280.27,280.99999999999994,280.10999999999996,280.63,1093
2026-05-05T14:05:00+00:00,280.63,280.86999999999995,280.28,280.67999999999995,698
2026-05-05T14:10:00+00:00,280.67999999999995,280.76,280.28999999999996,280.35999999999996,1057
2026-05-05T14:15:00+00:00,280.35999999999996,280.46,279.60999999999996,280.05999999999995,1167
2026-05-05T14:20:00+00:00,280.05999999999995,281.88,279.85999999999996,281.86999999999995,1296
2026-05-05T14:25:00+00:00,281.86999999999995,282.13,281.16999999999996,281.96,1072
2026-05-05T14:30:00+00:00,281.96,282.66999999999996,281.95,282.35999999999996,1064
2026-05-05T14:35:00+00:00,282.35999999999996,283.98999999999995,282.34,283.71999999999997,1382
2026-05-05T14:40:00+00:00,283.71999999999997,283.86999999999995,282.7,282.86999999999995,1127
2026-05-05T14:45:00+00:00,282.86999999999995,282.95,281.95,282.01,1021
2026-05-05T14:50:00+00:00,282.01,282.03999999999996,280.68999999999994,281.34,1008
2026-05-05T14:55:00+00:00,281.34,281.65999999999997,280.79999999999995,281.17999999999995,877
2026-05-05T15:00:00+00:00,281.17999999999995,281.77,280.86999999999995,281.14,893
2026-05-05T15:05:00+00:00,281.14,281.42999999999995,280.9,281.33,784
2026-05-05T15:10:00+00:00,281.33,281.46,280.80999999999995,281.10999999999996,781
2026-05-05T15:15:00+00:00,281.10999999999996,281.34999999999997,280.93999999999994,281.17999999999995,697
2026-05-05T15:20:00+00:00,281.17999999999995,281.35999999999996,280.48999999999995,280.7,667
2026-05-05T15:25:00+00:00,280.7,281.03999999999996,280.54999999999995,281.01,534
2026-05-05T15:30:00+00:00,281.01,281.10999999999996,280.78999999999996,280.93999999999994,508
2026-05-05T15:35:00+00:00,280.93999999999994,281.07,280.76,280.92999999999995,359
2026-05-05T15:40:00+00:00,280.92999999999995,280.96,280.61999999999995,280.73999999999995,489
2026-05-05T15:45:00+00:00,280.73999999999995,280.86999999999995,280.61999999999995,280.71,383
2026-05-05T15:50:00+00:00,280.71,281.03,280.68999999999994,280.91999999999996,400
2026-05-05T15:55:00+00:00,280.91999999999996,281.03999999999996,280.78999999999996,280.96,352
2026-05-05T16:00:00+00:00,280.96,281.16999999999996,280.78999999999996,281.10999999999996,379
2026-05-05T16:05:00+00:00,281.10999999999996,281.63,281.09999999999997,281.53999999999996,516
2026-05-05T16:10:00+00:00,281.53999999999996,281.71999999999997,281.42999999999995,281.59999999999997,244
2026-05-05T16:15:00+00:00,281.59999999999997,282.34,281.59,281.76,538
2026-05-05T16:20:00+00:00,281.76,281.90999999999997,281.59999999999997,281.64,453
2026-05-05T16:25:00+00:00,281.64,282.27,281.59999999999997,282.16999999999996,554
2026-05-05T16:30:00+00:00,282.16999999999996,282.88,282.09,282.79999999999995,646
2026-05-05T16:35:00+00:00,282.79999999999995,283.2,282.64,283.11999999999995,512
2026-05-05T16:40:00+00:00,283.11999999999995,283.21999999999997,282.96999999999997,283.02,609
2026-05-05T16:45:00+00:00,283.02,283.35999999999996,282.85999999999996,283.29999999999995,484
2026-05-05T16:50:00+00:00,283.29999999999995,283.46,283.02,283.11999999999995,576
2026-05-05T16:55:00+00:00,283.11999999999995,283.36999999999995,282.98999999999995,283.28,423
2026-05-05T17:00:00+00:00,283.28,283.58,283.2,283.21999999999997,390
2026-05-05T17:05:00+00:00,283.21999999999997,283.27,282.78999999999996,282.93999999999994,465
2026-05-05T17:10:00+00:00,282.93999999999994,283.04999999999995,282.45,282.59999999999997,400
2026-05-05T17:15:00+00:00,282.59999999999997,284.73999999999995,282.48999999999995,284.71,724
2026-05-05T17:20:00+00:00,284.71,285.29999999999995,283.59999999999997,283.86999999999995,969
2026-05-05T17:25:00+00:00,283.86999999999995,283.93999999999994,283.46999999999997,283.59999999999997,529
2026-05-05T17:30:00+00:00,283.59999999999997,283.72999999999996,283.28999999999996,283.39,508
2026-05-05T17:35:00+00:00,283.39,283.59,283.28999999999996,283.30999999999995,351
2026-05-05T17:40:00+00:00,283.30999999999995,283.39,283.14,283.27,372
2026-05-05T17:45:00+00:00,283.27,283.77,283.23999999999995,283.59999999999997,480
2026-05-05T17:50:00+00:00,283.59999999999997,283.80999999999995,283.51,283.63,412
2026-05-05T17:55:00+00:00,283.63,284.13,283.48999999999995,284.09999999999997,458
2026-05-05T18:00:00+00:00,284.09999999999997,284.41999999999996,284.02,284.17999999999995,478
2026-05-05T18:05:00+00:00,284.17999999999995,284.60999999999996,284.08,284.49999999999994,409
2026-05-05T18:10:00+00:00,284.49999999999994,284.93999999999994,284.46,284.59,429
2026-05-05T18:15:00+00:00,284.59,284.78,284.35999999999996,284.60999999999996,429
2026-05-05T18:20:00+00:00,284.60999999999996,284.92999999999995,284.49999999999994,284.84,455
2026-05-05T18:25:00+00:00,284.84,285.04999999999995,284.73999999999995,285.03,332
2026-05-05T18:30:00+00:00,285.03,285.03999999999996,284.53,284.58,403
2026-05-05T18:35:00+00:00,284.58,284.79999999999995,284.35999999999996,284.41999999999996,370
2026-05-05T18:40:00+00:00,284.41999999999996,284.54999999999995,284.18999999999994,284.40999999999997,337
2026-05-05T18:45:00+00:00,284.40999999999997,284.77,284.35999999999996,284.7,259
2026-05-05T18:50:00+00:00,284.7,284.89,284.52,284.83,382
2026-05-05T18:55:00+00:00,284.83,284.84,284.29999999999995,284.46,460
2026-05-05T19:00:00+00:00,284.46,284.98999999999995,284.46,284.92999999999995,336
2026-05-05T19:05:00+00:00,284.92999999999995,284.99999999999994,284.76,284.95,316
2026-05-05T19:10:00+00:00,284.95,285.14,284.82,284.92999999999995,476
2026-05-05T19:15:00+00:00,284.92999999999995,285.18999999999994,284.89,285.08,448
2026-05-05T19:20:00+00:00,285.08,285.21,284.97999999999996,285.10999999999996,406
2026-05-05T19:25:00+00:00,285.10999999999996,285.23999999999995,284.68999999999994,284.97999999999996,388
2026-05-05T19:30:00+00:00,284.97999999999996,285.02,284.63,284.9,461
2026-05-05T19:35:00+00:00,284.9,285.07,284.65,285.07,475
2026-05-05T19:40:00+00:00,285.07,285.10999999999996,284.86999999999995,284.96,522
2026-05-05T19:45:00+00:00,284.96,285.09999999999997,284.65,284.73999999999995,580
2026-05-05T19:50:00+00:00,284.73999999999995,284.79999999999995,284.16999999999996,284.41999999999996,1095
2026-05-05T19:55:00+00:00,284.41999999999996,285.09,284.30999999999995,284.97999999999996,1496
2026-05-06T13:30:00+00:00,284.97999999999996,284.97999999999996,281.84999999999997,281.86999999999995,1340
2026-05-06T13:35:00+00:00,281.86999999999995,283.90999999999997,281.86999999999995,283.68999999999994,1512
2026-05-06T13:40:00+00:00,283.68999999999994,284.15,282.98999999999995,283.59999999999997,1371
2026-05-06T13:45:00+00:00,283.59999999999997,285.39,283.30999999999995,285.24999999999994,1611
2026-05-06T13:50:00+00:00,285.24999999999994,286.34999999999997,284.57,286.17999999999995,1678
2026-05-06T13:55:00+00:00,286.17999999999995,286.99999999999994,285.65999999999997,286.84999999999997,1447
2026-05-06T14:00:00+00:00,286.84999999999997,287.13,286.30999999999995,286.91999999999996,1474
2026-05-06T14:05:00+00:00,286.91999999999996,287.28999999999996,286.38,287.09,1301
2026-05-06T14:10:00+00:00,287.09,287.4,286.78999999999996,287.13,947
2026-05-06T14:15:00+00:00,287.13,287.48999999999995,286.99999999999994,287.03,1178
2026-05-06T14:20:00+00:00,287.03,287.46999999999997,286.40999999999997,286.59999999999997,973
2026-05-06T14:25:00+00:00,286.59999999999997,286.96,286.30999999999995,286.85999999999996,857
2026-05-06T14:30:00+00:00,286.85999999999996,287.11999999999995,286.21999999999997,286.27,1227
2026-05-06T14:35:00+00:00,286.27,286.64,285.93999999999994,285.97999999999996,1199
2026-05-06T14:40:00+00:00,285.97999999999996,286.28999999999996,285.79999999999995,285.82,1000
2026-05-06T14:45:00+00:00,285.82,285.95,285.51,285.61999999999995,1082
2026-05-06T14:50:00+00:00,285.61999999999995,285.91999999999996,285.46,285.59999999999997,1023
2026-05-06T14:55:00+00:00,285.59999999999997,285.7,285.36999999999995,285.66999999999996,785.0980799169694
2026-05-06T15:00:00+00:00,285.66999999999996,286.21999999999997,285.43,285.53,902
2026-05-06T15:05:00+00:00,285.53,285.77,285.2,285.39,843
2026-05-06T15:10:00+00:00,285.39,285.82,284.69,285.02,913
2026-05-06T15:15:00+00:00,285.02,285.54999999999995,284.89,285.37,877
2026-05-06T15:20:00+00:00,285.37,285.47999999999996,285.09999999999997,285.14,882
2026-05-06T15:25:00+00:00,285.14,285.60999999999996,285.02,285.46999999999997,724
2026-05-06T15:30:00+00:00,285.46999999999997,286.06,285.45,285.84,911
2026-05-06T15:35:00+00:00,285.84,286.52,285.73999999999995,286.37,769
2026-05-06T15:40:00+00:00,286.37,286.52,285.89,286.2,772
2026-05-06T15:45:00+00:00,286.2,286.4,285.78999999999996,286.12,657
2026-05-06T15:50:00+00:00,286.12,286.34999999999997,285.87,286.28,653
2026-05-06T15:55:00+00:00,286.28,286.84999999999997,286.28,286.38,700
2026-05-06T16:00:00+00:00,286.38,286.56,286.09999999999997,286.10999999999996,534
2026-05-06T16:05:00+00:00,286.10999999999996,286.37,286.06,286.16999999999996,435
2026-05-06T16:10:00+00:00,286.16999999999996,286.37,286.03999999999996,286.14,541
2026-05-06T16:15:00+00:00,286.14,286.34999999999997,286.06,286.25,472
2026-05-06T16:20:00+00:00,286.25,286.71,286.09999999999997,286.69,667
2026-05-06T16:25:00+00:00,286.69,287.2,286.69,287.03,632
2026-05-06T16:30:00+00:00,287.03,287.16999999999996,286.69,286.88,411
2026-05-06T16:35:00+00:00,286.88,286.98999999999995,286.73999999999995,286.85999999999996,336
2026-05-06T16:40:00+00:00,286.85999999999996,287.47999999999996,286.85999999999996,287.41999999999996,358
2026-05-06T16:45:00+00:00,287.41999999999996,287.95,287.27,287.31,683
2026-05-06T16:50:00+00:00,287.31,287.34,286.75,286.76,426
2026-05-06T16:55:00+00:00,286.76,287.09999999999997,286.53999999999996,287.02,593
2026-05-06T17:00:00+00:00,287.02,287.04999999999995,286.59,286.81,665
2026-05-06T17:05:00+00:00,286.81,287.18,286.71999999999997,286.94,500
2026-05-06T17:10:00+00:00,286.94,287.63,286.84999999999997,287.58,531
2026-05-06T17:15:00+00:00,287.58,287.81,287.48999999999995,287.81,372
2026-05-06T17:20:00+00:00,287.81,287.81,287.54999999999995,287.78,380
2026-05-06T17:25:00+00:00,287.78,287.84999999999997,287.53999999999996,287.57,366
2026-05-06T17:30:00+00:00,287.57,287.95,287.46,287.72999999999996,445
2026-05-06T17:35:00+00:00,287.72999999999996,287.82,287.56,287.63,314
2026-05-06T17:40:00+00:00,287.63,287.7,287.44,287.53999999999996,333
2026-05-06T17:45:00+00:00,287.53999999999996,288.12,287.43,287.84999999999997,467
2026-05-06T17:50:00+00:00,287.84999999999997,288.44,287.72999999999996,288.33,483
2026-05-06T17:55:00+00:00,288.33,288.59999999999997,288.29999999999995,288.5,371
2026-05-06T18:00:00+00:00,288.5,288.68,288.14,288.15,408
2026-05-06T18:05:00+00:00,288.15,288.25,287.84,287.85999999999996,373
2026-05-06T18:10:00+00:00,287.85999999999996,287.95,287.53999999999996,287.83,403
2026-05-06T18:15:00+00:00,287.83,287.88,287.60999999999996,287.73999999999995,284
2026-05-06T18:20:00+00:00,287.73999999999995,288.32,287.65,288.28,295
2026-05-06T18:25:00+00:00,288.28,288.43,287.93,288.02,382
2026-05-06T18:30:00+00:00,288.02,288.06,287.53,287.65999999999997,434
2026-05-06T18:35:00+00:00,287.65999999999997,287.95,287.64,287.84,408
2026-05-06T18:40:00+00:00,287.84,287.98999999999995,287.76,287.90999999999997,239
2026-05-06T18:45:00+00:00,287.90999999999997,288.03,287.48999999999995,287.54999999999995,369
2026-05-06T18:50:00+00:00,287.54999999999995,288.01,287.53,288.01,313
2026-05-06T18:55:00+00:00,288.01,288.2,287.84,288.12,350
2026-05-06T19:00:00+00:00,288.12,288.47999999999996,288.04999999999995,288.19,416
2026-05-06T19:05:00+00:00,288.19,288.37,288.01,288.27,421
2026-05-06T19:10:00+00:00,288.27,288.46,288.2,288.44,387
2026-05-06T19:15:00+00:00,288.44,288.72999999999996,288.34999999999997,288.47999999999996,401
2026-05-06T19:20:00+00:00,288.47999999999996,288.52,288.29999999999995,288.37,388
2026-05-06T19:25:00+00:00,288.37,288.62,288.27,288.59999999999997,359
2026-05-06T19:30:00+00:00,288.59999999999997,288.59999999999997,288.32,288.43,380
2026-05-06T19:35:00+00:00,288.43,288.46999999999997,288.19,288.25,313
2026-05-06T19:40:00+00:00,288.25,288.45,288.04999999999995,288.08,455
2026-05-06T19:45:00+00:00,288.08,288.15,287.85999999999996,288.01,509
2026-05-06T19:50:00+00:00,288.01,288.71999999999997,288.01,288.64,866
2026-05-06T19:55:00+00:00,288.64,288.71999999999997,288.18,288.37,1286
2026-05-07T13:30:00+00:00,288.37,290.85999999999996,288.37,289.56,1083
2026-05-07T13:35:00+00:00,289.56,291.10999999999996,289.21999999999997,290.07,1297
2026-05-07T13:40:00+00:00,290.07,290.69,289.63,290.26,938
2026-05-07T13:45:00+00:00,290.26,291.18,290.02,290.09,1023
2026-05-07T13:50:00+00:00,290.09,290.46999999999997,289.66999999999996,290.39,748
2026-05-07T13:55:00+00:00,290.39,291.87,290.15999999999997,291.81,979
2026-05-07T14:00:00+00:00,291.81,292.89,291.73999999999995,292.43,1480
2026-05-07T14:05:00+00:00,292.43,292.93,291.72999999999996,292.03,1294
2026-05-07T14:10:00+00:00,292.03,292.14,291.12,291.15999999999997,1022
2026-05-07T14:15:00+00:00,291.15999999999997,291.58,290.57,291.39,1014
2026-05-07T14:20:00+00:00,291.39,291.94,291.2,291.58,1057
2026-05-07T14:25:00+00:00,291.58,291.93,291.16999999999996,291.28999999999996,817
2026-05-07T14:30:00+00:00,291.28999999999996,291.53,291.07,291.34,777
2026-05-07T14:35:00+00:00,291.34,291.37,290.73999999999995,290.97999999999996,855
2026-05-07T14:40:00+00:00,290.97999999999996,291.65999999999997,290.78,291.52,693
2026-05-07T14:45:00+00:00,291.52,291.79999999999995,290.91999999999996,291.22999999999996,767
2026-05-07T14:50:00+00:00,291.22999999999996,291.64,291.12,291.64,586
2026-05-07T14:55:00+00:00,291.64,291.94,291.58,291.75,609
2026-05-07T15:00:00+00:00,291.75,292.03999999999996,291.52,291.72999999999996,606
2026-05-07T15:05:00+00:00,291.72999999999996,291.84,291.21999999999997,291.53,744
2026-05-07T15:10:00+00:00,291.53,291.96999999999997,291.45,291.84,667
2026-05-07T15:15:00+00:00,291.84,292.2,291.72999999999996,291.76,553
2026-05-07T15:20:00+00:00,291.76,292.12,291.60999999999996,291.65,637
2026-05-07T15:25:00+00:00,291.65,291.66999999999996,291,291,690
2026-05-07T15:30:00+00:00,291,291.56,290.87,291.46999999999997,813
2026-05-07T15:35:00+00:00,291.46999999999997,291.56,290.66999999999996,290.69,617
2026-05-07T15:40:00+00:00,290.69,290.79999999999995,290.45,290.69,547
2026-05-07T15:45:00+00:00,290.69,290.85999999999996,290.18,290.51,665
2026-05-07T15:50:00+00:00,290.51,290.51,290.02,290.15999999999997,713
2026-05-07T15:55:00+00:00,290.15999999999997,290.21999999999997,289.96,290.10999999999996,580
2026-05-07T16:00:00+00:00,290.10999999999996,290.27,289.62,289.83,923
2026-05-07T16:05:00+00:00,289.83,290.32,289.73999999999995,290.07,856
2026-05-07T16:10:00+00:00,290.07,290.45,290,290.33,662
2026-05-07T16:15:00+00:00,290.33,290.41999999999996,289.98999999999995,290.01,1091
2026-05-07T16:20:00+00:00,290.01,290.52,289.98999999999995,290.34999999999997,851
2026-05-07T16:25:00+00:00,290.34999999999997,290.46,290.04999999999995,290.25,527
2026-05-07T16:30:00+00:00,290.25,290.40999999999997,289.71999999999997,289.95,591
2026-05-07T16:35:00+00:00,289.95,290.46,289.91999999999996,290.38,588
2026-05-07T16:40:00+00:00,290.38,290.48999999999995,289.96999999999997,290.08,521
2026-05-07T16:45:00+00:00,290.08,290.15,289.81,289.87,530
2026-05-07T16:50:00+00:00,289.87,289.96,289.46,289.62,611
2026-05-07T16:55:00+00:00,289.62,289.71,289.07,289.46,635
2026-05-07T17:00:00+00:00,289.46,289.76,289.29999999999995,289.65,610
2026-05-07T17:05:00+00:00,289.65,289.95,289.39,289.9,612
2026-05-07T17:10:00+00:00,289.9,290.15,289.73999999999995,290.06,633
2026-05-07T17:15:00+00:00,290.06,290.06,289.53,289.95,620
2026-05-07T17:20:00+00:00,289.95,290.2,289.69,290.15999999999997,674
2026-05-07T17:25:00+00:00,290.15999999999997,290.34999999999997,289.31,289.54999999999995,1359
2026-05-07T17:30:00+00:00,289.54999999999995,289.78,289.46,289.63,888
2026-05-07T17:35:00+00:00,289.63,289.84999999999997,289.4,289.66999999999996,598
2026-05-07T17:40:00+00:00,289.66999999999996,289.76,289.35999999999996,289.59999999999997,534
2026-05-07T17:45:00+00:00,289.59999999999997,289.65999999999997,288.76,289.14,670
2026-05-07T17:50:00+00:00,289.14,289.21999999999997,288.84,289.18,508
2026-05-07T17:55:00+00:00,289.18,289.98999999999995,289.03999999999996,289.90999999999997,714
2026-05-07T18:00:00+00:00,289.90999999999997,290.04999999999995,289.57,289.78999999999996,461
2026-05-07T18:05:00+00:00,289.78999999999996,289.94,289.69,289.78,515
2026-05-07T18:10:00+00:00,289.78,290.08,289.53999999999996,289.66999999999996,562
2026-05-07T18:15:00+00:00,289.66999999999996,289.88,289.60999999999996,289.73999999999995,345
2026-05-07T18:20:00+00:00,289.73999999999995,290.54999999999995,289.4,289.48999999999995,614
2026-05-07T18:25:00+00:00,289.48999999999995,289.57,289.09,289.09,508
2026-05-07T18:30:00+00:00,289.09,289.15999999999997,288.84,289.09,568
2026-05-07T18:35:00+00:00,289.09,289.10999999999996,288.63,288.75,549
2026-05-07T18:40:00+00:00,288.75,288.77,288.19,288.29999999999995,620
2026-05-07T18:45:00+00:00,288.29999999999995,288.34999999999997,287.68,287.78,748
2026-05-07T18:50:00+00:00,287.78,288.09,287.73999999999995,287.76,786
2026-05-07T18:55:00+00:00,287.76,288.34,287.7,288.25,617
2026-05-07T19:00:00+00:00,288.25,288.26,287.22999999999996,287.34,883
2026-05-07T19:05:00+00:00,287.34,287.9,287.33,287.39,852
2026-05-07T19:10:00+00:00,287.39,287.47999999999996,286.62,287.18,886
2026-05-07T19:15:00+00:00,287.18,287.7,287.06,287.28999999999996,865
2026-05-07T19:20:00+00:00,287.28999999999996,287.43,287.04999999999995,287.16999999999996,722
2026-05-07T19:25:00+00:00,287.16999999999996,287.65,287,287.53,717
2026-05-07T19:30:00+00:00,287.53,287.95,287.34999999999997,287.77,615
2026-05-07T19:35:00+00:00,287.77,288.13,287.65999999999997,288.01,544
2026-05-07T19:40:00+00:00,288.01,288.02,287.64,287.71999999999997,599
2026-05-07T19:45:00+00:00,287.71999999999997,287.73999999999995,287.47999999999996,287.60999999999996,618
2026-05-07T19:50:00+00:00,287.60999999999996,288.04999999999995,287.28,287.57,1199
2026-05-07T19:55:00+00:00,287.57,288.40999999999997,287.12,288.34,1324
2026-05-08T13:30:00+00:00,288.34,294.19,288.34,293.72999999999996,1366
2026-05-08T13:35:00+00:00,293.72999999999996,294.47999999999996,293.38,293.64,1357
2026-05-08T13:40:00+00:00,293.64,294.28,293.34999999999997,294.16999999999996,1211
2026-05-08T13:45:00+00:00,294.16999999999996,295.34999999999997,294.04999999999995,294.38,1446
2026-05-08T13:50:00+00:00,294.38,294.69,294.01,294.19,1116
2026-05-08T13:55:00+00:00,294.19,294.81,294.02,294.76,841
2026-05-08T14:00:00+00:00,294.76,294.76,293.94,294.40999999999997,1081
2026-05-08T14:05:00+00:00,294.40999999999997,294.53999999999996,293.53,293.79999999999995,1025
2026-05-08T14:10:00+00:00,293.79999999999995,294.10999999999996,293.35999999999996,294.09999999999997,1124
2026-05-08T14:15:00+00:00,294.09999999999997,294.34,293.56,294.04999999999995,1034
2026-05-08T14:20:00+00:00,294.04999999999995,294.60999999999996,293.93,294.59,863
2026-05-08T14:25:00+00:00,294.59,294.78999999999996,294.16999999999996,294.62,885
2026-05-08T14:30:00+00:00,294.62,295.29999999999995,294.51,294.91999999999996,909
2026-05-08T14:35:00+00:00,294.91999999999996,295.18,294.56,295.04999999999995,898
2026-05-08T14:40:00+00:00,295.04999999999995,295.28999999999996,294.85999999999996,295.18,685
2026-05-08T14:45:00+00:00,295.18,295.44,294.85999999999996,295.21,883
2026-05-08T14:50:00+00:00,295.21,295.54999999999995,294.97999999999996,295.40999999999997,947
2026-05-08T14:55:00+00:00,295.40999999999997,295.59999999999997,294.21999999999997,294.41999999999996,1032.6328269203464
2026-05-08T15:00:00+00:00,294.41999999999996,294.99999999999994,294.24999999999994,294.80999999999995,756
2026-05-08T15:05:00+00:00,294.80999999999995,295.12999999999994,294.47999999999996,294.7799999999999,757
2026-05-08T15:10:00+00:00,294.7799999999999,294.85999999999996,293.87999999999994,293.93999999999994,597
2026-05-08T15:15:00+00:00,293.93999999999994,294.11999999999995,293.2799999999999,293.5799999999999,685
2026-05-08T15:20:00+00:00,293.5799999999999,294.2699999999999,293.5199999999999,294.04999999999995,699
2026-05-08T15:25:00+00:00,294.04999999999995,294.0899999999999,293.5799999999999,293.68999999999994,620
2026-05-08T15:30:00+00:00,293.68999999999994,293.74999999999994,293.28999999999996,293.49999999999994,691
2026-05-08T15:35:00+00:00,293.49999999999994,293.73999999999995,293.38999999999993,293.61999999999995,488
2026-05-08T15:40:00+00:00,293.61999999999995,293.88999999999993,293.3999999999999,293.53999999999996,527
2026-05-08T15:45:00+00:00,293.53999999999996,293.87999999999994,293.44999999999993,293.65999999999997,567
2026-05-08T15:50:00+00:00,293.65999999999997,293.65999999999997,293.13999999999993,293.36999999999995,512
2026-05-08T15:55:00+00:00,293.36999999999995,293.50999999999993,293.05999999999995,293.13999999999993,509
2026-05-08T16:00:00+00:00,293.13999999999993,293.42999999999995,293.11999999999995,293.37999999999994,352
2026-05-08T16:05:00+00:00,293.37999999999994,293.50999999999993,293.21999999999997,293.34999999999997,437
2026-05-08T16:10:00+00:00,293.34999999999997,293.73999999999995,293.30999999999995,293.73999999999995,403
2026-05-08T16:15:00+00:00,293.73999999999995,293.79999999999995,293.5299999999999,293.56999999999994,326
2026-05-08T16:20:00+00:00,293.56999999999994,293.66999999999996,293.36999999999995,293.48999999999995,351
2026-05-08T16:25:00+00:00,293.48999999999995,293.7799999999999,293.3299999999999,293.62999999999994,458
2026-05-08T16:30:00+00:00,293.62999999999994,293.65999999999997,293.30999999999995,293.48999999999995,515
2026-05-08T16:35:00+00:00,293.48999999999995,293.5899999999999,293.05999999999995,293.0899999999999,517
2026-05-08T16:40:00+00:00,293.0899999999999,293.15999999999997,292.80999999999995,292.8299999999999,458
2026-05-08T16:45:00+00:00,292.8299999999999,293.19999999999993,292.74999999999994,293.12999999999994,591
2026-05-08T16:50:00+00:00,293.12999999999994,293.18999999999994,292.90999999999997,293.12999999999994,541
2026-05-08T16:55:00+00:00,293.12999999999994,293.22999999999996,292.90999999999997,292.9599999999999,458
2026-05-08T17:00:00+00:00,292.9599999999999,293.28999999999996,292.68999999999994,292.8299999999999,553
2026-05-08T17:05:00+00:00,292.8299999999999,292.90999999999997,292.72999999999996,292.75999999999993,424
2026-05-08T17:10:00+00:00,292.75999999999993,293.4599999999999,292.74999999999994,293.3999999999999,545
2026-05-08T17:15:00+00:00,293.3999999999999,293.44999999999993,293.24999999999994,293.3399999999999,388
2026-05-08T17:20:00+00:00,293.3399999999999,293.38999999999993,292.62999999999994,292.75999999999993,436
2026-05-08T17:25:00+00:00,292.75999999999993,293.0299999999999,292.65999999999997,292.97999999999996,364
2026-05-08T17:30:00+00:00,292.97999999999996,293.44999999999993,292.92999999999995,293.36999999999995,414
2026-05-08T17:35:00+00:00,293.36999999999995,293.50999999999993,293.22999999999996,293.3999999999999,389
2026-05-08T17:40:00+00:00,293.3999999999999,293.42999999999995,293.05999999999995,293.1499999999999,339
2026-05-08T17:45:00+00:00,293.1499999999999,293.2699999999999,293.0199999999999,293.16999999999996,289
2026-05-08T17:50:00+00:00,293.16999999999996,293.35999999999996,293.09999999999997,293.35999999999996,398
2026-05-08T17:55:00+00:00,293.35999999999996,293.35999999999996,293.00999999999993,293.00999999999993,318
2026-05-08T18:00:00+00:00,293.00999999999993,293.3299999999999,292.8999999999999,293.11999999999995,630
2026-05-08T18:05:00+00:00,293.11999999999995,293.19999999999993,293.0299999999999,293.03999999999996,326
2026-05-08T18:10:00+00:00,293.03999999999996,293.61999999999995,293.03999999999996,293.48999999999995,400
2026-05-08T18:15:00+00:00,293.48999999999995,293.62999999999994,293.42999999999995,293.43999999999994,298
2026-05-08T18:20:00+00:00,293.43999999999994,293.56999999999994,293.30999999999995,293.47999999999996,326
2026-05-08T18:25:00+00:00,293.47999999999996,293.74999999999994,293.3999999999999,293.5799999999999,350
2026-05-08T18:30:00+00:00,293.5799999999999,293.8299999999999,293.5299999999999,293.72999999999996,375
2026-05-08T18:35:00+00:00,293.72999999999996,293.7699999999999,293.46999999999997,293.5899999999999,271
2026-05-08T18:40:00+00:00,293.5899999999999,293.65999999999997,293.47999999999996,293.49999999999994,272
2026-05-08T18:45:00+00:00,293.49999999999994,293.66999999999996,293.2699999999999,293.63999999999993,502
2026-05-08T18:50:00+00:00,293.63999999999993,293.72999999999996,293.48999999999995,293.61999999999995,375
2026-05-08T18:55:00+00:00,293.61999999999995,293.80999999999995,293.48999999999995,293.7699999999999,510
2026-05-08T19:00:00+00:00,293.7699999999999,293.93999999999994,293.42999999999995,293.60999999999996,526
2026-05-08T19:05:00+00:00,293.60999999999996,293.8399999999999,293.46999999999997,293.67999999999995,429
2026-05-08T19:10:00+00:00,293.67999999999995,293.91999999999996,293.48999999999995,293.84999999999997,549
2026-05-08T19:15:00+00:00,293.84999999999997,294.47999999999996,293.74999999999994,294.3999999999999,504
2026-05-08T19:20:00+00:00,294.3999999999999,294.42999999999995,293.88999999999993,293.92999999999995,563
2026-05-08T19:25:00+00:00,293.92999999999995,294.31999999999994,293.85999999999996,294.28999999999996,465
2026-05-08T19:30:00+00:00,294.28999999999996,294.47999999999996,294.13999999999993,294.47999999999996,467
2026-05-08T19:35:00+00:00,294.47999999999996,294.59999999999997,294.37999999999994,294.49999999999994,455
2026-05-08T19:40:00+00:00,294.49999999999994,294.74999999999994,294.3999999999999,294.5899999999999,507
2026-05-08T19:45:00+00:00,294.5899999999999,294.87999999999994,294.5199999999999,294.72999999999996,461
2026-05-08T19:50:00+00:00,294.72999999999996,295.12999999999994,294.62999999999994,294.94999999999993,904
2026-05-08T19:55:00+00:00,294.94999999999993,294.94999999999993,293.88999999999993,294.0199999999999,1480
2026-05-11T13:30:00+00:00,294.0199999999999,294.0199999999999,291.35999999999996,292.10999999999996,1229
2026-05-11T13:35:00+00:00,292.10999999999996,292.29999999999995,291.28999999999996,291.88999999999993,1348
2026-05-11T13:40:00+00:00,291.88999999999993,292.04999999999995,291.16999999999996,291.19999999999993,1092
2026-05-11T13:45:00+00:00,291.19999999999993,291.87999999999994,291.10999999999996,291.10999999999996,1102
2026-05-11T13:50:00+00:00,291.10999999999996,291.80999999999995,291.09999999999997,291.66999999999996,1202
2026-05-11T13:55:00+00:00,291.66999999999996,292.61999999999995,291.5199999999999,292.44999999999993,1040
2026-05-11T14:00:00+00:00,292.44999999999993,293.12999999999994,292.1499999999999,293.04999999999995,1064
2026-05-11T14:05:00+00:00,293.04999999999995,293.2799999999999,292.53999999999996,292.73999999999995,954
2026-05-11T14:10:00+00:00,292.73999999999995,293.16999999999996,292.60999999999996,293.13999999999993,840
2026-05-11T14:15:00+00:00,293.13999999999993,293.5899999999999,292.99999999999994,293.38999999999993,677
2026-05-11T14:20:00+00:00,293.38999999999993,293.97999999999996,293.36999999999995,293.87999999999994,800
2026-05-11T14:25:00+00:00,293.87999999999994,294.0299999999999,292.79999999999995,292.87999999999994,883
2026-05-11T14:30:00+00:00,292.87999999999994,293.24999999999994,292.63999999999993,293.17999999999995,1001
2026-05-11T14:35:00+00:00,293.17999999999995,293.50999999999993,293.0299999999999,293.3999999999999,812
2026-05-11T14:40:00+00:00,293.3999999999999,293.54999999999995,293.13999999999993,293.3999999999999,651
2026-05-11T14:45:00+00:00,293.3999999999999,293.94999999999993,293.24999999999994,293.69999999999993,596
2026-05-11T14:50:00+00:00,293.69999999999993,293.91999999999996,293.38999999999993,293.44999999999993,749
2026-05-11T14:55:00+00:00,293.44999999999993,293.8299999999999,293.30999999999995,293.36999999999995,699
2026-05-11T15:00:00+00:00,293.36999999999995,293.48999999999995,293.12999999999994,293.46999999999997,653
2026-05-11T15:05:00+00:00,293.46999999999997,294.09999999999997,293.36999999999995,294.0799999999999,687
2026-05-11T15:10:00+00:00,294.0799999999999,294.23999999999995,293.7699999999999,293.92999999999995,620
2026-05-11T15:15:00+00:00,293.92999999999995,294.44999999999993,293.73999999999995,294.15999999999997,715
2026-05-11T15:20:00+00:00,294.15999999999997,294.2799999999999,293.87999999999994,294.10999999999996,548
2026-05-11T15:25:00+00:00,294.10999999999996,294.44999999999993,293.97999999999996,294.21999999999997,447
2026-05-11T15:30:00+00:00,294.21999999999997,294.46999999999997,294.12999999999994,294.35999999999996,531
2026-05-11T15:35:00+00:00,294.35999999999996,294.43999999999994,294.22999999999996,294.38999999999993,406
2026-05-11T15:40:00+00:00,294.38999999999993,294.72999999999996,293.78999999999996,294.0299999999999,521
2026-05-11T15:45:00+00:00,294.0299999999999,294.22999999999996,293.87999999999994,293.93999999999994,580
2026-05-11T15:50:00+00:00,293.93999999999994,293.97999999999996,293.68999999999994,293.8399999999999,520
2026-05-11T15:55:00+00:00,293.8399999999999,293.90999999999997,293.31999999999994,293.3999999999999,484
2026-05-11T16:00:00+00:00,293.3999999999999,293.3999999999999,292.92999999999995,292.98999999999995,384
2026-05-11T16:05:00+00:00,292.98999999999995,293.05999999999995,292.68999999999994,292.98999999999995,416
2026-05-11T16:10:00+00:00,292.98999999999995,293.19999999999993,292.93999999999994,293.00999999999993,350
2026-05-11T16:15:00+00:00,293.00999999999993,293.2699999999999,292.93999999999994,293.17999999999995,325
2026-05-11T16:20:00+00:00,293.17999999999995,293.2699999999999,293.00999999999993,293.11999999999995,354
2026-05-11T16:25:00+00:00,293.11999999999995,293.3299999999999,293.00999999999993,293.29999999999995,290
2026-05-11T16:30:00+00:00,293.29999999999995,293.56999999999994,293.11999999999995,293.11999999999995,365
2026-05-11T16:35:00+00:00,293.11999999999995,293.41999999999996,293.05999999999995,293.37999999999994,364
2026-05-11T16:40:00+00:00,293.37999999999994,293.40999999999997,292.42999999999995,292.47999999999996,642
2026-05-11T16:45:00+00:00,292.47999999999996,292.50999999999993,291.90999999999997,291.98999999999995,489
2026-05-11T16:50:00+00:00,291.98999999999995,292.18999999999994,291.88999999999993,291.97999999999996,328
2026-05-11T16:55:00+00:00,291.97999999999996,292.11999999999995,291.47999999999996,291.67999999999995,523
2026-05-11T17:00:00+00:00,291.67999999999995,292.12999999999994,291.5299999999999,292.00999999999993,466
2026-05-11T17:05:00+00:00,292.00999999999993,292.2799999999999,291.97999999999996,292.10999999999996,429
2026-05-11T17:10:00+00:00,292.10999999999996,292.48999999999995,292.09999999999997,292.21999999999997,462
2026-05-11T17:15:00+00:00,292.21999999999997,292.41999999999996,292.13999999999993,292.30999999999995,431
2026-05-11T17:20:00+00:00,292.30999999999995,292.7099999999999,292.21999999999997,292.7099999999999,431
2026-05-11T17:25:00+00:00,292.7099999999999,292.88999999999993,292.6499999999999,292.81999999999994,269
2026-05-11T17:30:00+00:00,292.81999999999994,292.86999999999995,292.68999999999994,292.79999999999995,354
2026-05-11T17:35:00+00:00,292.79999999999995,292.85999999999996,292.68999999999994,292.78999999999996,347
2026-05-11T17:40:00+00:00,292.78999999999996,292.87999999999994,292.59999999999997,292.81999999999994,237
2026-05-11T17:45:00+00:00,292.81999999999994,292.88999999999993,292.6499999999999,292.8399999999999,233
2026-05-11T17:50:00+00:00,292.8399999999999,292.94999999999993,292.7699999999999,292.87999999999994,207
2026-05-11T17:55:00+00:00,292.87999999999994,293.04999999999995,292.7699999999999,292.93999999999994,317
2026-05-11T18:00:00+00:00,292.93999999999994,293.75999999999993,292.91999999999996,293.75999999999993,438
2026-05-11T18:05:00+00:00,293.75999999999993,293.84999999999997,293.42999999999995,293.46999999999997,373
2026-05-11T18:10:00+00:00,293.46999999999997,293.5299999999999,293.30999999999995,293.41999999999996,302
2026-05-11T18:15:00+00:00,293.41999999999996,293.43999999999994,293.22999999999996,293.29999999999995,378
2026-05-11T18:20:00+00:00,293.29999999999995,293.36999999999995,292.87999999999994,292.8999999999999,336
2026-05-11T18:25:00+00:00,292.8999999999999,292.91999999999996,292.59999999999997,292.59999999999997,340
2026-05-11T18:30:00+00:00,292.59999999999997,292.68999999999994,292.42999999999995,292.62999999999994,315
2026-05-11T18:35:00+00:00,292.62999999999994,292.80999999999995,292.5299999999999,292.59999999999997,284
2026-05-11T18:40:00+00:00,292.59999999999997,292.72999999999996,292.53999999999996,292.53999999999996,337
2026-05-11T18:45:00+00:00,292.53999999999996,292.66999999999996,292.22999999999996,292.56999999999994,412
2026-05-11T18:50:00+00:00,292.56999999999994,292.60999999999996,292.23999999999995,292.25999999999993,283
2026-05-11T18:55:00+00:00,292.25999999999993,292.37999999999994,292.0199999999999,292.24999999999994,460
2026-05-11T19:00:00+00:00,292.24999999999994,292.31999999999994,291.84999999999997,291.8999999999999,540
2026-05-11T19:05:00+00:00,291.8999999999999,292.35999999999996,291.79999999999995,292.2799999999999,556
2026-05-11T19:10:00+00:00,292.2799999999999,292.54999999999995,292.17999999999995,292.40999999999997,400
2026-05-11T19:15:00+00:00,292.40999999999997,292.50999999999993,291.87999999999994,291.94999999999993,470
2026-05-11T19:20:00+00:00,291.94999999999993,292.2699999999999,291.72999999999996,292.15999999999997,504
2026-05-11T19:25:00+00:00,292.15999999999997,293.0799999999999,292.1499999999999,293.04999999999995,687
2026-05-11T19:30:00+00:00,293.04999999999995,293.10999999999996,292.66999999999996,292.9599999999999,621
2026-05-11T19:35:00+00:00,292.9599999999999,293.23999999999995,292.88999999999993,293.2099999999999,524
2026-05-11T19:40:00+00:00,293.2099999999999,293.34999999999997,292.80999999999995,292.88999999999993,494
2026-05-11T19:45:00+00:00,292.88999999999993,293.42999999999995,292.81999999999994,293.29999999999995,719
2026-05-11T19:50:00+00:00,293.29999999999995,293.60999999999996,293.18999999999994,293.41999999999996,811
2026-05-11T19:55:00+00:00,293.41999999999996,293.72999999999996,293.30999999999995,293.7099999999999,1076
2026-05-12T13:30:00+00:00,293.7099999999999,294.40999999999997,293.43999999999994,294.04999999999995,1035
2026-05-12T13:35:00+00:00,294.04999999999995,294.42999999999995,293.50999999999993,293.75999999999993,1395
2026-05-12T13:40:00+00:00,293.75999999999993,294.71999999999997,293.50999999999993,294.3999999999999,1384
2026-05-12T13:45:00+00:00,294.3999999999999,294.54999999999995,293.62999999999994,293.96999999999997,1243
2026-05-12T13:50:00+00:00,293.96999999999997,294.5299999999999,293.79999999999995,294.31999999999994,1070
2026-05-12T13:55:00+00:00,294.31999999999994,295.0199999999999,294.18999999999994,294.88999999999993,1360
2026-05-12T14:00:00+00:00,294.88999999999993,295.03999999999996,294.06999999999994,294.18999999999994,1511
2026-05-12T14:05:00+00:00,294.18999999999994,295.2699999999999,293.99999999999994,294.88999999999993,1234
2026-05-12T14:10:00+00:00,294.88999999999993,295.2699999999999,294.4599999999999,295.25999999999993,1121
2026-05-12T14:15:00+00:00,295.25999999999993,295.66999999999996,294.88999999999993,295.53999999999996,961
2026-05-12T14:20:00+00:00,295.53999999999996,295.62999999999994,295.10999999999996,295.13999999999993,874
2026-05-12T14:25:00+00:00,295.13999999999993,295.2099999999999,294.49999999999994,294.7799999999999,960
2026-05-12T14:30:00+00:00,294.7799999999999,294.97999999999996,294.12999999999994,294.87999999999994,1343
2026-05-12T14:35:00+00:00,294.87999999999994,295.12999999999994,294.50999999999993,295.12999999999994,1022
2026-05-12T14:40:00+00:00,295.12999999999994,295.5899999999999,294.88999999999993,295.55999999999995,797
2026-05-12T14:45:00+00:00,295.55999999999995,295.59999999999997,295.15999999999997,295.41999999999996,792
2026-05-12T14:50:00+00:00,295.41999999999996,295.5199999999999,294.80999999999995,295.17999999999995,813
2026-05-12T14:55:00+00:00,295.17999999999995,295.71999999999997,294.91999999999996,295.71999999999997,714
2026-05-12T15:00:00+00:00,295.71999999999997,295.7799999999999,294.90999999999997,295.30999999999995,1011
2026-05-12T15:05:00+00:00,295.30999999999995,295.5299999999999,294.93999999999994,295.23999999999995,827
2026-05-12T15:10:00+00:00,295.23999999999995,295.41999999999996,294.68999999999994,294.74999999999994,805
2026-05-12T15:15:00+00:00,294.74999999999994,295.12999999999994,294.63999999999993,294.8299999999999,918
2026-05-12T15:20:00+00:00,294.8299999999999,295.2799999999999,294.67999999999995,295.19999999999993,901
2026-05-12T15:25:00+00:00,295.19999999999993,295.2699999999999,294.7799999999999,295.2099999999999,1103
2026-05-12T15:30:00+00:00,295.2099999999999,295.2799999999999,294.42999999999995,294.43999999999994,918
2026-05-12T15:35:00+00:00,294.43999999999994,294.8299999999999,294.2799999999999,294.7799999999999,794
2026-05-12T15:40:00+00:00,294.7799999999999,295.09999999999997,294.63999999999993,295.0199999999999,572
2026-05-12T15:45:00+00:00,295.0199999999999,295.16999999999996,294.7799999999999,294.81999999999994,596
2026-05-12T15:50:00+00:00,294.81999999999994,294.91999999999996,294.48999999999995,294.90999999999997,774
2026-05-12T15:55:00+00:00,294.90999999999997,295.3399999999999,294.8999999999999,295.3399999999999,725
2026-05-12T16:00:00+00:00,295.3399999999999,295.6499999999999,295.0899999999999,295.47999999999996,666
2026-05-12T16:05:00+00:00,295.47999999999996,295.50999999999993,294.93999999999994,294.97999999999996,606
2026-05-12T16:10:00+00:00,294.97999999999996,294.98999999999995,294.56999999999994,294.68999999999994,511
2026-05-12T16:15:00+00:00,294.68999999999994,295.12999999999994,294.63999999999993,294.90999999999997,446
2026-05-12T16:20:00+00:00,294.90999999999997,295.0299999999999,294.44999999999993,294.50999999999993,561
2026-05-12T16:25:00+00:00,294.50999999999993,294.88999999999993,294.48999999999995,294.7799999999999,436
2026-05-12T16:30:00+00:00,294.7799999999999,295.11999999999995,294.6499999999999,295.10999999999996,573
2026-05-12T16:35:00+00:00,295.10999999999996,295.30999999999995,295.0299999999999,295.19999999999993,475
2026-05-12T16:40:00+00:00,295.19999999999993,295.46999999999997,295.0799999999999,295.09999999999997,545
2026-05-12T16:45:00+00:00,295.09999999999997,295.18999999999994,294.5799999999999,294.66999999999996,679
2026-05-12T16:50:00+00:00,294.66999999999996,294.90999999999997,294.48999999999995,294.5899999999999,661
2026-05-12T16:55:00+00:00,294.5899999999999,294.79999999999995,294.37999999999994,294.7699999999999,663
2026-05-12T17:00:00+00:00,294.7699999999999,295.43999999999994,294.49999999999994,295.3999999999999,627
2026-05-12T17:05:00+00:00,295.3999999999999,295.40999999999997,294.99999999999994,295.28999999999996,548
2026-05-12T17:10:00+00:00,295.28999999999996,295.3299999999999,294.94999999999993,294.98999999999995,472
2026-05-12T17:15:00+00:00,294.98999999999995,295.03999999999996,294.4599999999999,294.61999999999995,522
2026-05-12T17:20:00+00:00,294.61999999999995,294.72999999999996,294.22999999999996,294.38999999999993,542
2026-05-12T17:25:00+00:00,294.38999999999993,294.9599999999999,294.38999999999993,294.74999999999994,508
2026-05-12T17:30:00+00:00,294.74999999999994,294.91999999999996,294.54999999999995,294.74999999999994,620
2026-05-12T17:35:00+00:00,294.74999999999994,295.18999999999994,294.61999999999995,295.13999999999993,419
2026-05-12T17:40:00+00:00,295.13999999999993,295.22999999999996,294.90999999999997,295.15999999999997,431
2026-05-12T17:45:00+00:00,295.15999999999997,295.31999999999994,294.8299999999999,294.87999999999994,433
2026-05-12T17:50:00+00:00,294.87999999999994,295.24999999999994,294.8299999999999,295.19999999999993,349
2026-05-12T17:55:00+00:00,295.19999999999993,295.2099999999999,294.91999999999996,295.16999999999996,356
2026-05-12T18:00:00+00:00,295.16999999999996,295.22999999999996,294.87999999999994,295.04999999999995,440
2026-05-12T18:05:00+00:00,295.04999999999995,295.15999999999997,294.92999999999995,295.09999999999997,395
2026-05-12T18:10:00+00:00,295.09999999999997,295.17999999999995,294.8399999999999,294.91999999999996,259
2026-05-12T18:15:00+00:00,294.91999999999996,294.9599999999999,294.7099999999999,294.8999999999999,282
2026-05-12T18:20:00+00:00,294.8999999999999,295.0799999999999,294.74999999999994,294.93999999999994,402
2026-05-12T18:25:00+00:00,294.93999999999994,295.5299999999999,294.91999999999996,295.49999999999994,433
2026-05-12T18:30:00+00:00,295.49999999999994,295.49999999999994,295.03999999999996,295.13999999999993,436
2026-05-12T18:35:00+00:00,295.13999999999993,295.30999999999995,294.92999999999995,295.16999999999996,367
2026-05-12T18:40:00+00:00,295.16999999999996,295.3299999999999,295.0799999999999,295.23999999999995,349
2026-05-12T18:45:00+00:00,295.23999999999995,295.36999999999995,295.03999999999996,295.11999999999995,428
2026-05-12T18:50:00+00:00,295.11999999999995,295.2099999999999,294.87999999999994,295.00999999999993,368
2026-05-12T18:55:00+00:00,295.00999999999993,295.40999999999997,294.94999999999993,295.29999999999995,462
2026-05-12T19:00:00+00:00,295.29999999999995,295.4599999999999,295.13999999999993,295.30999999999995,466
2026-05-12T19:05:00+00:00,295.30999999999995,295.47999999999996,295.22999999999996,295.35999999999996,394
2026-05-12T19:10:00+00:00,295.35999999999996,295.50999999999993,295.05999999999995,295.47999999999996,601
2026-05-12T19:15:00+00:00,295.47999999999996,295.60999999999996,295.18999999999994,295.2799999999999,427
2026-05-12T19:20:00+00:00,295.2799999999999,295.3999999999999,295.17999999999995,295.31999999999994,344
2026-05-12T19:25:00+00:00,295.31999999999994,295.78999999999996,295.31999999999994,295.68999999999994,403
2026-05-12T19:30:00+00:00,295.68999999999994,295.7699999999999,295.48999999999995,295.56999999999994,545
2026-05-12T19:35:00+00:00,295.56999999999994,295.6499999999999,295.2099999999999,295.3299999999999,430
2026-05-12T19:40:00+00:00,295.3299999999999,295.54999999999995,295.22999999999996,295.50999999999993,451
2026-05-12T19:45:00+00:00,295.50999999999993,295.72999999999996,295.31999999999994,295.3399999999999,527
2026-05-12T19:50:00+00:00,295.3399999999999,296.09999999999997,295.2799999999999,295.5899999999999,900
2026-05-12T19:55:00+00:00,295.5899999999999,295.81999999999994,295.16999999999996,295.81999999999994,1101
2026-05-13T13:30:00+00:00,295.81999999999994,297.78999999999996,294.19999999999993,297.7699999999999,1433
2026-05-13T13:35:00+00:00,297.7699999999999,298.25999999999993,297.11999999999995,297.86999999999995,1536
2026-05-13T13:40:00+00:00,297.86999999999995,298.38999999999993,297.2699999999999,297.7799999999999,1547
2026-05-13T13:45:00+00:00,297.7799999999999,297.88999999999993,296.40999999999997,296.60999999999996,1684
2026-05-13T13:50:00+00:00,296.60999999999996,297.3399999999999,296.59999999999997,296.73999999999995,1370
2026-05-13T13:55:00+00:00,296.73999999999995,297.09999999999997,296.23999999999995,296.25999999999993,1275
2026-05-13T14:00:00+00:00,296.25999999999993,296.67999999999995,295.97999999999996,296.16999999999996,1221
2026-05-13T14:05:00+00:00,296.16999999999996,296.5199999999999,295.97999999999996,296.15999999999997,1172
2026-05-13T14:10:00+00:00,296.15999999999997,296.94999999999993,296.03999999999996,296.43999999999994,950
2026-05-13T14:15:00+00:00,296.43999999999994,296.80999999999995,296.15999999999997,296.72999999999996,878
2026-05-13T14:20:00+00:00,296.72999999999996,296.93999999999994,296.29999999999995,296.55999999999995,1098
2026-05-13T14:25:00+00:00,296.55999999999995,296.61999999999995,295.97999999999996,296.0299999999999,939
2026-05-13T14:30:00+00:00,296.0299999999999,296.56999999999994,296.00999999999993,296.41999999999996,755
2026-05-13T14:35:00+00:00,296.41999999999996,296.80999999999995,296.15999999999997,296.48999999999995,742
2026-05-13T14:40:00+00:00,296.48999999999995,297.22999999999996,296.15999999999997,297.21999999999997,708
2026-05-13T14:45:00+00:00,297.21999999999997,297.55999999999995,297.0799999999999,297.42999999999995,711
2026-05-13T14:50:00+00:00,297.42999999999995,297.50999999999993,297.00999999999993,297.05999999999995,677
2026-05-13T14:55:00+00:00,297.05999999999995,297.4399999999999,297.05999999999995,297.3699999999999,594.6025430067315
2026-05-13T15:00:00+00:00,297.3699999999999,297.6999999999999,297.3199999999999,297.5599999999999,579
2026-05-13T15:05:00+00:00,297.5599999999999,297.5999999999999,297.0899999999999,297.2799999999999,621
2026-05-13T15:10:00+00:00,297.2799999999999,297.6799999999999,297.26999999999987,297.6499999999999,569
2026-05-13T15:15:00+00:00,297.6499999999999,297.7999999999999,297.3699999999999,297.7299999999999,513
2026-05-13T15:20:00+00:00,297.7299999999999,297.8399999999999,297.5699999999999,297.6899999999999,509
2026-05-13T15:25:00+00:00,297.6899999999999,298.1099999999999,297.5299999999999,297.8099999999999,542
2026-05-13T15:30:00+00:00,297.8099999999999,298.8399999999999,297.6399999999999,298.6799999999999,714
2026-05-13T15:35:00+00:00,298.6799999999999,298.8499999999999,298.1899999999999,298.2299999999999,531
2026-05-13T15:40:00+00:00,298.2299999999999,298.4099999999999,297.9899999999999,298.32999999999987,682
2026-05-13T15:45:00+00:00,298.32999999999987,298.3599999999999,297.8999999999999,298.1199999999999,509
2026-05-13T15:50:00+00:00,298.1199999999999,298.1799999999999,297.8799999999999,298.1599999999999,468
2026-05-13T15:55:00+00:00,298.1599999999999,298.1699999999999,297.57999999999987,297.7399999999999,487
2026-05-13T16:00:00+00:00,297.7399999999999,297.8799999999999,297.6199999999999,297.8599999999999,529
2026-05-13T16:05:00+00:00,297.8599999999999,297.9199999999999,297.7299999999999,297.7599999999999,296
2026-05-13T16:10:00+00:00,297.7599999999999,297.9099999999999,297.6499999999999,297.7899999999999,393
2026-05-13T16:15:00+00:00,297.7899999999999,297.9999999999999,297.7199999999999,297.82999999999987,364
2026-05-13T16:20:00+00:00,297.82999999999987,298.7299999999999,297.82999999999987,298.6399999999999,499
2026-05-13T16:25:00+00:00,298.6399999999999,299.4099999999999,298.6299999999999,299.26999999999987,581
2026-05-13T16:30:00+00:00,299.26999999999987,299.7299999999999,299.1699999999999,299.7199999999999,622
2026-05-13T16:35:00+00:00,299.7199999999999,300.0999999999999,299.5899999999999,299.8899999999999,702
2026-05-13T16:40:00+00:00,299.8899999999999,300.2799999999999,299.8199999999999,300.1099999999999,450
2026-05-13T16:45:00+00:00,300.1099999999999,300.2499999999999,299.7999999999999,299.8799999999999,522
2026-05-13T16:50:00+00:00,299.8799999999999,300.01999999999987,299.6499999999999,299.9899999999999,507
2026-05-13T16:55:00+00:00,299.9899999999999,300.2499999999999,299.9199999999999,299.9999999999999,474
2026-05-13T17:00:00+00:00,299.9999999999999,300.6399999999999,299.9599999999999,300.4499999999999,442
2026-05-13T17:05:00+00:00,300.4499999999999,300.7399999999999,300.2999999999999,300.4999999999999,599
2026-05-13T17:10:00+00:00,300.4999999999999,300.7399999999999,300.3799999999999,300.3799999999999,457
2026-05-13T17:15:00+00:00,300.3799999999999,301.2099999999999,300.3199999999999,300.5399999999999,872
2026-05-13T17:20:00+00:00,300.5399999999999,300.5599999999999,300.0399999999999,300.1699999999999,581
2026-05-13T17:25:00+00:00,300.1699999999999,301.1699999999999,300.1199999999999,300.9899999999999,586
2026-05-13T17:30:00+00:00,300.9899999999999,301.4999999999999,300.8699999999999,301.3499999999999,814
2026-05-13T17:35:00+00:00,301.3499999999999,301.4399999999999,300.9499999999999,301.0699999999999,597
2026-05-13T17:40:00+00:00,301.0699999999999,301.57999999999987,301.0699999999999,301.3899999999999,477
2026-05-13T17:45:00+00:00,301.3899999999999,301.7799999999999,301.26999999999987,301.7299999999999,431
2026-05-13T17:50:00+00:00,301.7299999999999,301.76999999999987,301.1599999999999,301.3099999999999,487
2026-05-13T17:55:00+00:00,301.3099999999999,301.3399999999999,300.7099999999999,301.0099999999999,536
2026-05-13T18:00:00+00:00,301.0099999999999,301.0499999999999,300.6699999999999,300.7799999999999,586
2026-05-13T18:05:00+00:00,300.7799999999999,300.9899999999999,300.7199999999999,300.8099999999999,418
2026-05-13T18:10:00+00:00,300.8099999999999,301.1099999999999,300.7199999999999,301.0099999999999,415
2026-05-13T18:15:00+00:00,301.0099999999999,301.32999999999987,300.8999999999999,301.01999999999987,571
2026-05-13T18:20:00+00:00,301.01999999999987,301.2799999999999,300.8999999999999,301.0599999999999,429
2026-05-13T18:25:00+00:00,301.0599999999999,301.0599999999999,300.5699999999999,300.5999999999999,483
2026-05-13T18:30:00+00:00,300.5999999999999,300.5999999999999,300.2899999999999,300.4499999999999,516
2026-05-13T18:35:00+00:00,300.4499999999999,300.4799999999999,300.1899999999999,300.1999999999999,336
2026-05-13T18:40:00+00:00,300.1999999999999,300.2799999999999,300.07999999999987,300.1899999999999,321
2026-05-13T18:45:00+00:00,300.1899999999999,300.51999999999987,300.1799999999999,300.3899999999999,414
2026-05-13T18:50:00+00:00,300.3899999999999,300.4399999999999,300.1199999999999,300.3399999999999,469
2026-05-13T18:55:00+00:00,300.3399999999999,300.3999999999999,300.07999999999987,300.2599999999999,405
2026-05-13T19:00:00+00:00,300.2599999999999,300.3999999999999,299.9599999999999,300.0499999999999,472
2026-05-13T19:05:00+00:00,300.0499999999999,300.1499999999999,299.6999999999999,300.0399999999999,557
2026-05-13T19:10:00+00:00,300.0399999999999,300.1499999999999,299.82999999999987,299.8899999999999,516
2026-05-13T19:15:00+00:00,299.8899999999999,299.8999999999999,299.6499999999999,299.6999999999999,442
2026-05-13T19:20:00+00:00,299.6999999999999,299.9699999999999,299.5899999999999,299.5899999999999,518
2026-05-13T19:25:00+00:00,299.5899999999999,300.0399999999999,299.4599999999999,300.01999999999987,505
2026-05-13T19:30:00+00:00,300.01999999999987,300.1799999999999,299.6999999999999,300.1599999999999,587
2026-05-13T19:35:00+00:00,300.1599999999999,300.2799999999999,299.9199999999999,300.1899999999999,458
2026-05-13T19:40:00+00:00,300.1899999999999,300.3199999999999,300.0999999999999,300.3199999999999,437
2026-05-13T19:45:00+00:00,300.3199999999999,300.3199999999999,300.0499999999999,300.0999999999999,463
2026-05-13T19:50:00+00:00,300.0999999999999,300.2399999999999,299.7799999999999,300.2099999999999,1356
2026-05-13T19:55:00+00:00,300.2099999999999,300.3499999999999,299.6399999999999,299.8199999999999,1334
2026-05-14T13:30:00+00:00,299.8199999999999,301.1299999999999,298.3499999999999,298.5699999999999,1068
2026-05-14T13:35:00+00:00,298.5699999999999,299.0599999999999,298.0299999999999,298.4299999999999,1338
2026-05-14T13:40:00+00:00,298.4299999999999,299.0599999999999,298.0499999999999,298.4199999999999,1273
2026-05-14T13:45:00+00:00,298.4199999999999,299.4899999999999,298.3999999999999,299.3399999999999,1304
2026-05-14T13:50:00+00:00,299.3399999999999,299.4899999999999,298.57999999999987,298.8799999999999,1124
2026-05-14T13:55:00+00:00,298.8799999999999,299.0999999999999,298.1699999999999,298.1899999999999,1116
2026-05-14T14:00:00+00:00,298.1899999999999,298.3499999999999,297.9599999999999,298.0599999999999,1115
2026-05-14T14:05:00+00:00,298.0599999999999,298.9699999999999,298.0399999999999,298.5599999999999,1043
2026-05-14T14:10:00+00:00,298.5599999999999,299.3699999999999,298.4899999999999,299.2099999999999,875
2026-05-14T14:15:00+00:00,299.2099999999999,299.6499999999999,299.1399999999999,299.5899999999999,868
2026-05-14T14:20:00+00:00,299.5899999999999,299.5999999999999,298.8899999999999,298.9099999999999,802
2026-05-14T14:25:00+00:00,298.9099999999999,299.2799999999999,298.7899999999999,298.7999999999999,868
2026-05-14T14:30:00+00:00,298.7999999999999,299.1499999999999,298.5599999999999,298.76999999999987,973
2026-05-14T14:35:00+00:00,298.76999999999987,298.8699999999999,298.4199999999999,298.8399999999999,660
2026-05-14T14:40:00+00:00,298.8399999999999,299.3099999999999,298.5899999999999,299.26999999999987,669
2026-05-14T14:45:00+00:00,299.26999999999987,299.7499999999999,299.1199999999999,299.1999999999999,714
2026-05-14T14:50:00+00:00,299.1999999999999,299.5699999999999,299.1799999999999,299.5499999999999,833
2026-05-14T14:55:00+00:00,299.5499999999999,299.5999999999999,299.2899999999999,299.4899999999999,746
2026-05-14T15:00:00+00:00,299.4899999999999,299.5999999999999,298.5699999999999,299.2899999999999,930
2026-05-14T15:05:00+00:00,299.2899999999999,299.9599999999999,299.1999999999999,299.6499999999999,712
2026-05-14T15:10:00+00:00,299.6499999999999,300.0499999999999,299.6199999999999,299.8799999999999,595
2026-05-14T15:15:00+00:00,299.8799999999999,300.32999999999987,299.8199999999999,299.9599999999999,580
2026-05-14T15:20:00+00:00,299.9599999999999,300.1599999999999,299.8999999999999,300.0099999999999,466
2026-05-14T15:25:00+00:00,300.0099999999999,300.3399999999999,299.8999999999999,299.9199999999999,609
2026-05-14T15:30:00+00:00,299.9199999999999,300.2299999999999,299.8499999999999,299.9099999999999,596
2026-05-14T15:35:00+00:00,299.9099999999999,299.9499999999999,299.6199999999999,299.9199999999999,493
2026-05-14T15:40:00+00:00,299.9199999999999,300.2399999999999,299.8099999999999,300.0099999999999,638
2026-05-14T15:45:00+00:00,300.0099999999999,300.2099999999999,299.9299999999999,299.9499999999999,373
2026-05-14T15:50:00+00:00,299.9499999999999,300.0099999999999,299.6299999999999,299.6399999999999,494
2026-05-14T15:55:00+00:00,299.6399999999999,300.0399999999999,299.6199999999999,300.0299999999999,480
2026-05-14T16:00:00+00:00,300.0299999999999,300.0399999999999,299.6199999999999,299.8199999999999,510
2026-05-14T16:05:00+00:00,299.8199999999999,299.9499999999999,299.6999999999999,299.6999999999999,311
2026-05-14T16:10:00+00:00,299.6999999999999,299.82999999999987,299.4399999999999,299.4799999999999,356
2026-05-14T16:15:00+00:00,299.4799999999999,299.8999999999999,299.4799999999999,299.6199999999999,357
2026-05-14T16:20:00+00:00,299.6199999999999,299.6999999999999,299.3999999999999,299.4199999999999,394
2026-05-14T16:25:00+00:00,299.4199999999999,299.6299999999999,299.1199999999999,299.1799999999999,416
2026-05-14T16:30:00+00:00,299.1799999999999,299.3899999999999,299.0999999999999,299.1599999999999,487
2026-05-14T16:35:00+00:00,299.1599999999999,299.1699999999999,298.8499999999999,298.9999999999999,515
2026-05-14T16:40:00+00:00,298.9999999999999,299.2399999999999,298.8699999999999,298.9899999999999,445
2026-05-14T16:45:00+00:00,298.9899999999999,298.9899999999999,296.8699999999999,297.2899999999999,1301
2026-05-14T16:50:00+00:00,297.2899999999999,298.5699999999999,296.2599999999999,298.4999999999999,1114
2026-05-14T16:55:00+00:00,298.4999999999999,298.6499999999999,298.2799999999999,298.4599999999999,648
2026-05-14T17:00:00+00:00,298.4599999999999,298.7999999999999,298.2799999999999,298.4999999999999,542
2026-05-14T17:05:00+00:00,298.4999999999999,298.7299999999999,298.2999999999999,298.4199999999999,490
2026-05-14T17:10:00+00:00,298.4199999999999,298.8399999999999,298.3099999999999,298.4899999999999,582
2026-05-14T17:15:00+00:00,298.4899999999999,298.7099999999999,298.1999999999999,298.4999999999999,862
2026-05-14T17:20:00+00:00,298.4999999999999,298.82999999999987,298.3699999999999,298.7599999999999,728
2026-05-14T17:25:00+00:00,298.7599999999999,299.2899999999999,298.6499999999999,299.2599999999999,765
2026-05-14T17:30:00+00:00,299.2599999999999,299.4899999999999,299.1199999999999,299.32999999999987,555
2026-05-14T17:35:00+00:00,299.32999999999987,299.3799999999999,298.7599999999999,298.9999999999999,633
2026-05-14T17:40:00+00:00,298.9999999999999,299.1199999999999,298.8699999999999,299.0899999999999,489
2026-05-14T17:45:00+00:00,299.0899999999999,299.2099999999999,298.9599999999999,299.0599999999999,430
2026-05-14T17:50:00+00:00,299.0599999999999,299.1699999999999,298.9999999999999,299.0699999999999,355
2026-05-14T17:55:00+00:00,299.0699999999999,299.3899999999999,298.9599999999999,299.0499999999999,403
2026-05-14T18:00:00+00:00,299.0499999999999,299.0499999999999,298.3899999999999,298.5399999999999,662
2026-05-14T18:05:00+00:00,298.5399999999999,299.0099999999999,298.5299999999999,298.9799999999999,361
2026-05-14T18:10:00+00:00,298.9799999999999,299.2299999999999,298.8799999999999,299.2099999999999,340
2026-05-14T18:15:00+00:00,299.2099999999999,299.3399999999999,299.0499999999999,299.2499999999999,405
2026-05-14T18:20:00+00:00,299.2499999999999,299.32999999999987,299.1799999999999,299.1999999999999,296
2026-05-14T18:25:00+00:00,299.1999999999999,299.3099999999999,299.1199999999999,299.1899999999999,339
2026-05-14T18:30:00+00:00,299.1899999999999,299.3999999999999,299.1799999999999,299.26999999999987,308
2026-05-14T18:35:00+00:00,299.26999999999987,299.3199999999999,299.0899999999999,299.1099999999999,298
2026-05-14T18:40:00+00:00,299.1099999999999,299.3799999999999,299.0899999999999,299.1399999999999,262
2026-05-14T18:45:00+00:00,299.1399999999999,299.3099999999999,299.0899999999999,299.2899999999999,227
2026-05-14T18:50:00+00:00,299.2899999999999,299.5999999999999,299.1799999999999,299.5099999999999,263
2026-05-14T18:55:00+00:00,299.5099999999999,299.6399999999999,299.3799999999999,299.4199999999999,349
2026-05-14T19:00:00+00:00,299.4199999999999,299.7299999999999,299.3399999999999,299.7099999999999,420
2026-05-14T19:05:00+00:00,299.7099999999999,299.8099999999999,299.51999999999987,299.7299999999999,351
2026-05-14T19:10:00+00:00,299.7299999999999,299.8199999999999,299.6099999999999,299.7199999999999,313
2026-05-14T19:15:00+00:00,299.7199999999999,299.8899999999999,299.6399999999999,299.7899999999999,330
2026-05-14T19:20:00+00:00,299.7899999999999,299.9499999999999,299.7499999999999,299.8899999999999,355
2026-05-14T19:25:00+00:00,299.8899999999999,300.0699999999999,299.82999999999987,299.9399999999999,407
2026-05-14T19:30:00+00:00,299.9399999999999,299.9499999999999,299.5099999999999,299.57999999999987,461
2026-05-14T19:35:00+00:00,299.57999999999987,299.7599999999999,299.5299999999999,299.7199999999999,373
2026-05-14T19:40:00+00:00,299.7199999999999,299.76999999999987,299.4999999999999,299.5699999999999,488
2026-05-14T19:45:00+00:00,299.5699999999999,299.57999999999987,299.1199999999999,299.1999999999999,500
2026-05-14T19:50:00+00:00,299.1999999999999,299.32999999999987,298.8799999999999,299.0299999999999,802
2026-05-14T19:55:00+00:00,299.0299999999999,299.1899999999999,298.6999999999999,299.0299999999999,824
2026-05-15T13:30:00+00:00,299.0299999999999,299.2899999999999,297.3799999999999,298.1299999999999,1090
2026-05-15T13:35:00+00:00,298.1299999999999,299.0699999999999,297.7099999999999,298.2099999999999,1261
2026-05-15T13:40:00+00:00,298.2099999999999,298.7499999999999,297.9099999999999,298.0499999999999,1006
2026-05-15T13:45:00+00:00,298.0499999999999,298.2499999999999,297.5299999999999,297.6899999999999,1219
2026-05-15T13:50:00+00:00,297.6899999999999,299.4399999999999,297.6699999999999,299.3499999999999,1182
2026-05-15T13:55:00+00:00,299.3499999999999,299.5099999999999,298.6399999999999,298.9299999999999,1154
2026-05-15T14:00:00+00:00,298.9299999999999,299.3599999999999,298.5499999999999,298.5599999999999,1090
2026-05-15T14:05:00+00:00,298.5599999999999,298.9399999999999,298.3799999999999,298.5299999999999,1110
2026-05-15T14:10:00+00:00,298.5299999999999,299.9699999999999,298.51999999999987,299.8599999999999,996
2026-05-15T14:15:00+00:00,299.8599999999999,300.3699999999999,299.76999999999987,300.3499999999999,943
2026-05-15T14:20:00+00:00,300.3499999999999,300.6599999999999,300.2299999999999,300.3799999999999,990
2026-05-15T14:25:00+00:00,300.3799999999999,300.3799999999999,299.8599999999999,300.0999999999999,981
2026-05-15T14:30:00+00:00,300.0999999999999,300.7899999999999,300.0499999999999,300.7199999999999,935
2026-05-15T14:35:00+00:00,300.7199999999999,301.2799999999999,300.5599999999999,301.1999999999999,823
2026-05-15T14:40:00+00:00,301.1999999999999,301.8599999999999,301.1399999999999,301.6799999999999,975
2026-05-15T14:45:00+00:00,301.6799999999999,301.7499999999999,301.0299999999999,301.4099999999999,1065
2026-05-15T14:50:00+00:00,301.4099999999999,301.8199999999999,301.01999999999987,301.76999999999987,931
2026-05-15T14:55:00+00:00,301.76999999999987,302.0999999999999,301.4099999999999,301.7799999999999,934
2026-05-15T15:00:00+00:00,301.7799999999999,302.4999999999999,301.7799999999999,302.3399999999999,961
2026-05-15T15:05:00+00:00,302.3399999999999,302.5499999999999,301.8799999999999,302.4499999999999,901
2026-05-15T15:10:00+00:00,302.4499999999999,303.1699999999999,302.4399999999999,302.7899999999999,1005
2026-05-15T15:15:00+00:00,302.7899999999999,303.4499999999999,302.6099999999999,303.1899999999999,884
2026-05-15T15:20:00+00:00,303.1899999999999,303.6299999999999,302.6799999999999,303.2299999999999,898
2026-05-15T15:25:00+00:00,303.2299999999999,303.32999999999987,302.7299999999999,302.7799999999999,876
2026-05-15T15:30:00+00:00,302.7799999999999,303.4399999999999,302.76999999999987,302.8899999999999,794
2026-05-15T15:35:00+00:00,302.8899999999999,303.2099999999999,302.7599999999999,302.9399999999999,779
2026-05-15T15:40:00+00:00,302.9399999999999,303.1499999999999,302.2299999999999,302.2499999999999,853
2026-05-15T15:45:00+00:00,302.2499999999999,302.4399999999999,301.9999999999999,302.0599999999999,794
2026-05-15T15:50:00+00:00,302.0599999999999,302.07999999999987,301.6699999999999,301.8399999999999,793
2026-05-15T15:55:00+00:00,301.8399999999999,301.9399999999999,301.4899999999999,301.9199999999999,668
2026-05-15T16:00:00+00:00,301.9199999999999,302.32999999999987,301.82999999999987,301.9799999999999,646
2026-05-15T16:05:00+00:00,301.9799999999999,302.1399999999999,301.7099999999999,301.9799999999999,651
2026-05-15T16:10:00+00:00,301.9799999999999,302.1899999999999,301.7099999999999,302.01999999999987,607
2026-05-15T16:15:00+00:00,302.01999999999987,302.0399999999999,301.6099999999999,301.9199999999999,567
2026-05-15T16:20:00+00:00,301.9199999999999,302.6999999999999,301.9099999999999,302.5499999999999,497
2026-05-15T16:25:00+00:00,302.5499999999999,302.7899999999999,302.2999999999999,302.6299999999999,580
2026-05-15T16:30:00+00:00,302.6299999999999,303.01999999999987,302.2999999999999,302.8899999999999,623
2026-05-15T16:35:00+00:00,302.8899999999999,302.9099999999999,302.5299999999999,302.5999999999999,477
2026-05-15T16:40:00+00:00,302.5999999999999,302.76999999999987,302.3799999999999,302.76999999999987,521
2026-05-15T16:45:00+00:00,302.76999999999987,303.1699999999999,302.6299999999999,303.0099999999999,460
2026-05-15T16:50:00+00:00,303.0099999999999,303.2299999999999,302.6199999999999,302.6399999999999,629
2026-05-15T16:55:00+00:00,302.6399999999999,303.4599999999999,302.6199999999999,302.8599999999999,729
2026-05-15T17:00:00+00:00,302.8599999999999,303.1799999999999,302.6199999999999,303.1199999999999,523
2026-05-15T17:05:00+00:00,303.1199999999999,303.3999999999999,302.9999999999999,303.2799999999999,421
2026-05-15T17:10:00+00:00,303.2799999999999,303.5499999999999,303.1999999999999,303.4799999999999,392
2026-05-15T17:15:00+00:00,303.4799999999999,303.4999999999999,303.2499999999999,303.3499999999999,386
2026-05-15T17:20:00+00:00,303.3499999999999,303.8499999999999,303.1999999999999,303.7799999999999,592
2026-05-15T17:25:00+00:00,303.7799999999999,304.07999999999987,303.6599999999999,303.9199999999999,658
2026-05-15T17:30:00+00:00,303.9199999999999,303.9799999999999,303.5999999999999,303.6399999999999,486
2026-05-15T17:35:00+00:00,303.6399999999999,303.7099999999999,303.4299999999999,303.4899999999999,457
2026-05-15T17:40:00+00:00,303.4899999999999,303.4999999999999,303.2299999999999,303.3199999999999,480
2026-05-15T17:45:00+00:00,303.3199999999999,303.4099999999999,303.1299999999999,303.2599999999999,362
2026-05-15T17:50:00+00:00,303.2599999999999,303.4199999999999,303.1699999999999,303.32999999999987,324
2026-05-15T17:55:00+00:00,303.32999999999987,303.3599999999999,302.9699999999999,303.1099999999999,328
2026-05-15T18:00:00+00:00,303.1099999999999,303.3399999999999,302.9799999999999,303.0399999999999,441
2026-05-15T18:05:00+00:00,303.0399999999999,303.1299999999999,302.7399999999999,302.8899999999999,436
2026-05-15T18:10:00+00:00,302.8899999999999,302.9599999999999,302.6999999999999,302.7599999999999,415
2026-05-15T18:15:00+00:00,302.7599999999999,302.7599999999999,301.9999999999999,302.0599999999999,605
2026-05-15T18:20:00+00:00,302.0599999999999,302.32999999999987,302.0399999999999,302.1099999999999,347
2026-05-15T18:25:00+00:00,302.1099999999999,302.2599999999999,301.9699999999999,302.1299999999999,370
2026-05-15T18:30:00+00:00,302.1299999999999,302.1699999999999,301.3799999999999,301.5899999999999,605
2026-05-15T18:35:00+00:00,301.5899999999999,301.9999999999999,301.5399999999999,301.9199999999999,452
2026-05-15T18:40:00+00:00,301.9199999999999,302.1199999999999,301.8699999999999,302.0899999999999,381
2026-05-15T18:45:00+00:00,302.0899999999999,302.3199999999999,301.9199999999999,302.2299999999999,391
2026-05-15T18:50:00+00:00,302.2299999999999,302.5499999999999,302.1399999999999,302.5099999999999,380
2026-05-15T18:55:00+00:00,302.5099999999999,302.57999999999987,302.3699999999999,302.5399999999999,373
2026-05-15T19:00:00+00:00,302.5399999999999,302.6199999999999,301.9399999999999,301.9799999999999,460
2026-05-15T19:05:00+00:00,301.9799999999999,302.1599999999999,301.82999999999987,301.82999999999987,542
2026-05-15T19:10:00+00:00,301.82999999999987,301.8699999999999,301.5699999999999,301.6999999999999,524
2026-05-15T19:15:00+00:00,301.6999999999999,301.6999999999999,301.26999999999987,301.2799999999999,516
2026-05-15T19:20:00+00:00,301.2799999999999,301.4499999999999,300.7299999999999,300.7999999999999,586
2026-05-15T19:25:00+00:00,300.7999999999999,301.2999999999999,300.7799999999999,301.1299999999999,501
2026-05-15T19:30:00+00:00,301.1299999999999,301.32999999999987,300.9699999999999,301.07999999999987,572
2026-05-15T19:35:00+00:00,301.07999999999987,301.2999999999999,300.8799999999999,300.9399999999999,510
2026-05-15T19:40:00+00:00,300.9399999999999,300.9899999999999,300.6599999999999,300.7499999999999,598
2026-05-15T19:45:00+00:00,300.7499999999999,301.1199999999999,300.6799999999999,300.9099999999999,795
2026-05-15T19:50:00+00:00,300.9099999999999,301.0899999999999,300.4899999999999,301.01999999999987,1196
2026-05-15T19:55:00+00:00,301.01999999999987,301.51999999999987,300.7799999999999,301.1199999999999,1548
2026-05-18T13:30:00+00:00,301.1199999999999,301.3999999999999,298.1499999999999,298.9199999999999,1242
2026-05-18T13:35:00+00:00,298.9199999999999,299.6799999999999,298.3999999999999,299.3999999999999,1279
2026-05-18T13:40:00+00:00,299.3999999999999,300.2999999999999,299.3099999999999,299.9299999999999,1285
2026-05-18T13:45:00+00:00,299.9299999999999,300.01999999999987,298.8699999999999,298.8899999999999,1499
2026-05-18T13:50:00+00:00,298.8899999999999,299.1099999999999,298.3899999999999,298.9399999999999,1366
2026-05-18T13:55:00+00:00,298.9399999999999,299.1099999999999,298.3899999999999,298.9299999999999,1360
2026-05-18T14:00:00+00:00,298.9299999999999,299.3399999999999,298.0099999999999,298.0299999999999,1420
2026-05-18T14:05:00+00:00,298.0299999999999,298.8599999999999,297.5299999999999,298.6999999999999,1522
2026-05-18T14:10:00+00:00,298.6999999999999,299.1099999999999,298.3999999999999,298.9899999999999,1222
2026-05-18T14:15:00+00:00,298.9899999999999,299.0999999999999,298.5399999999999,298.7999999999999,1162
2026-05-18T14:20:00+00:00,298.7999999999999,298.82999999999987,298.1699999999999,298.7199999999999,919
2026-05-18T14:25:00+00:00,298.7199999999999,299.0899999999999,298.6899999999999,298.9499999999999,963
2026-05-18T14:30:00+00:00,298.9499999999999,299.3399999999999,298.3199999999999,298.4299999999999,1788
2026-05-18T14:35:00+00:00,298.4299999999999,298.6299999999999,297.6699999999999,298.4999999999999,2034
2026-05-18T14:40:00+00:00,298.4999999999999,298.9299999999999,298.1699999999999,298.7099999999999,1658
2026-05-18T14:45:00+00:00,298.7099999999999,298.7899999999999,298.4199999999999,298.5999999999999,1722
2026-05-18T14:50:00+00:00,298.5999999999999,299.4099999999999,298.4999999999999,299.1599999999999,1700
2026-05-18T14:55:00+00:00,299.1599999999999,299.4099999999999,298.9399999999999,299.07999999999987,1492
2026-05-18T15:00:00+00:00,299.07999999999987,299.0999999999999,297.4499999999999,297.6399999999999,1748
2026-05-18T15:05:00+00:00,297.6399999999999,298.01999999999987,297.51999999999987,297.7299999999999,1363
2026-05-18T15:10:00+00:00,297.7299999999999,297.8599999999999,297.3199999999999,297.51999999999987,1333
2026-05-18T15:15:00+00:00,297.51999999999987,297.5999999999999,297.0299999999999,297.1999999999999,1179
2026-05-18T15:20:00+00:00,297.1999999999999,297.3099999999999,296.8799999999999,297.07999999999987,1480
2026-05-18T15:25:00+00:00,297.07999999999987,297.2099999999999,296.3199999999999,296.3399999999999,1311
2026-05-18T15:30:00+00:00,296.3399999999999,296.5099999999999,296.1799999999999,296.4199999999999,1380
2026-05-18T15:35:00+00:00,296.4199999999999,296.6999999999999,296.1999999999999,296.6999999999999,1287
2026-05-18T15:40:00+00:00,296.6999999999999,297.2399999999999,296.5499999999999,296.57999999999987,1243
2026-05-18T15:45:00+00:00,296.57999999999987,296.7899999999999,296.4899999999999,296.6599999999999,1259
2026-05-18T15:50:00+00:00,296.6599999999999,296.9099999999999,296.1399999999999,296.8899999999999,1234
2026-05-18T15:55:00+00:00,296.8899999999999,297.0599999999999,296.6799999999999,296.6999999999999,1007
2026-05-18T16:00:00+00:00,296.6999999999999,296.8599999999999,296.4899999999999,296.6199999999999,1051
2026-05-18T16:05:00+00:00,296.6199999999999,297.1399999999999,296.5699999999999,296.9699999999999,1053
2026-05-18T16:10:00+00:00,296.9699999999999,297.1599999999999,296.82999999999987,297.1299999999999,1066
2026-05-18T16:15:00+00:00,297.1299999999999,297.2799999999999,296.9399999999999,297.1299999999999,849
2026-05-18T16:20:00+00:00,297.1299999999999,297.6499999999999,296.8999999999999,297.0399999999999,1222
2026-05-18T16:25:00+00:00,297.0399999999999,297.1699999999999,295.8799999999999,296.0999999999999,1591
2026-05-18T16:30:00+00:00,296.0999999999999,296.6099999999999,295.76999999999987,296.4099999999999,1809
2026-05-18T16:35:00+00:00,296.4099999999999,296.6099999999999,296.2099999999999,296.2899999999999,1292
2026-05-18T16:40:00+00:00,296.2899999999999,296.5399999999999,296.1399999999999,296.2099999999999,995
2026-05-18T16:45:00+00:00,296.2099999999999,296.3499999999999,295.9799999999999,296.1699999999999,1008
2026-05-18T16:50:00+00:00,296.1699999999999,296.7399999999999,296.1699999999999,296.7299999999999,1037
2026-05-18T16:55:00+00:00,296.7299999999999,296.9999999999999,296.6699999999999,296.7499999999999,1045
2026-05-18T17:00:00+00:00,296.7499999999999,296.7799999999999,296.3199999999999,296.5999999999999,1203
2026-05-18T17:05:00+00:00,296.5999999999999,296.8199999999999,296.4999999999999,296.5999999999999,1104
2026-05-18T17:10:00+00:00,296.5999999999999,296.7599999999999,296.4599999999999,296.4699999999999,817
2026-05-18T17:15:00+00:00,296.4699999999999,296.8699999999999,296.4599999999999,296.7299999999999,795
2026-05-18T17:20:00+00:00,296.7299999999999,296.8199999999999,296.4299999999999,296.57999999999987,936
2026-05-18T17:25:00+00:00,296.57999999999987,297.3899999999999,296.4899999999999,297.0499999999999,1031
2026-05-18T17:30:00+00:00,297.0499999999999,297.0999999999999,296.6999999999999,296.9599999999999,1089
2026-05-18T17:35:00+00:00,296.9599999999999,296.9999999999999,296.7299999999999,296.7299999999999,849
2026-05-18T17:40:00+00:00,296.7299999999999,297.2299999999999,296.6699999999999,297.0999999999999,900
2026-05-18T17:45:00+00:00,297.0999999999999,297.2099999999999,296.8599999999999,297.1799999999999,820
2026-05-18T17:50:00+00:00,297.1799999999999,297.3699999999999,297.07999999999987,297.2599999999999,912
2026-05-18T17:55:00+00:00,297.2599999999999,297.3099999999999,297.0099999999999,297.1499999999999,771
2026-05-18T18:00:00+00:00,297.1499999999999,297.2799999999999,296.8799999999999,297.1199999999999,1025
2026-05-18T18:05:00+00:00,297.1199999999999,297.5399999999999,297.0299999999999,297.3799999999999,941
2026-05-18T18:10:00+00:00,297.3799999999999,297.3999999999999,297.0299999999999,297.0499999999999,1043
2026-05-18T18:15:00+00:00,297.0499999999999,297.07999999999987,296.4299999999999,296.5299999999999,1141
2026-05-18T18:20:00+00:00,296.5299999999999,296.7199999999999,296.3799999999999,296.6699999999999,1155
2026-05-18T18:25:00+00:00,296.6699999999999,296.9499999999999,296.4999999999999,296.9099999999999,1289
2026-05-18T18:30:00+00:00,296.9099999999999,297.2399999999999,296.8699999999999,297.01999999999987,1012
2026-05-18T18:35:00+00:00,297.01999999999987,297.2299999999999,296.6699999999999,296.7199999999999,1001
2026-05-18T18:40:00+00:00,296.7199999999999,296.7299999999999,296.3699999999999,296.4399999999999,1256
2026-05-18T18:45:00+00:00,296.4399999999999,296.7999999999999,296.3199999999999,296.5899999999999,1143
2026-05-18T18:50:00+00:00,296.5899999999999,296.7299999999999,296.4199999999999,296.5899999999999,1145
2026-05-18T18:55:00+00:00,296.5899999999999,296.82999999999987,296.3899999999999,296.7999999999999,1199
2026-05-18T19:00:00+00:00,296.7999999999999,298.57999999999987,296.6299999999999,297.8799999999999,1920
2026-05-18T19:05:00+00:00,297.8799999999999,298.2499999999999,297.6599999999999,297.8999999999999,1158
2026-05-18T19:10:00+00:00,297.8999999999999,297.9599999999999,297.3399999999999,297.3699999999999,889
2026-05-18T19:15:00+00:00,297.3699999999999,297.7399999999999,297.3699999999999,297.5399999999999,1053
2026-05-18T19:20:00+00:00,297.5399999999999,297.9799999999999,297.4299999999999,297.6599999999999,1132
2026-05-18T19:25:00+00:00,297.6599999999999,298.01999999999987,297.4099999999999,297.9499999999999,1255
2026-05-18T19:30:00+00:00,297.9499999999999,298.2099999999999,297.7599999999999,298.0499999999999,1053
2026-05-18T19:35:00+00:00,298.0499999999999,298.26999999999987,297.8799999999999,298.0599999999999,924
2026-05-18T19:40:00+00:00,298.0599999999999,298.57999999999987,298.0599999999999,298.4799999999999,1350
2026-05-18T19:45:00+00:00,298.4799999999999,298.51999999999987,297.9399999999999,298.3699999999999,1292
2026-05-18T19:50:00+00:00,298.3699999999999,298.7199999999999,297.8799999999999,298.4799999999999,1202
2026-05-18T19:55:00+00:00,298.4799999999999,298.7899999999999,298.2899999999999,298.7899999999999,2033
2026-05-19T13:30:00+00:00,298.7899999999999,300.4499999999999,297.0699999999999,300.1399999999999,1302
2026-05-19T13:35:00+00:00,300.1399999999999,300.7099999999999,299.8699999999999,300.5299999999999,1524
2026-05-19T13:40:00+00:00,300.5299999999999,301.2099999999999,300.2399999999999,300.8099999999999,1424
2026-05-19T13:45:00+00:00,300.8099999999999,301.2599999999999,300.2199999999999,301.1099999999999,1541
2026-05-19T13:50:00+00:00,301.1099999999999,301.3199999999999,300.2299999999999,300.2399999999999,1426
2026-05-19T13:55:00+00:00,300.2399999999999,300.3499999999999,299.8199999999999,299.8799999999999,1013
2026-05-19T14:00:00+00:00,299.8799999999999,299.9699999999999,299.2399999999999,299.5099999999999,1177
2026-05-19T14:05:00+00:00,299.5099999999999,299.5699999999999,298.8899999999999,299.1699999999999,1491
2026-05-19T14:10:00+00:00,299.1699999999999,299.2599999999999,298.3999999999999,298.4499999999999,1483
2026-05-19T14:15:00+00:00,298.4499999999999,298.8099999999999,298.1899999999999,298.4999999999999,1939
2026-05-19T14:20:00+00:00,298.4999999999999,298.5899999999999,298.0699999999999,298.3999999999999,1542
2026-05-19T14:25:00+00:00,298.3999999999999,298.3999999999999,297.6899999999999,297.76999999999987,1400
2026-05-19T14:30:00+00:00,297.76999999999987,298.0399999999999,297.3899999999999,297.4199999999999,1571
2026-05-19T14:35:00+00:00,297.4199999999999,297.8799999999999,297.4199999999999,297.5899999999999,1295
2026-05-19T14:40:00+00:00,297.5899999999999,298.0999999999999,297.5399999999999,298.0999999999999,1366
2026-05-19T14:45:00+00:00,298.0999999999999,298.2399999999999,297.5099999999999,297.5099999999999,1425
2026-05-19T14:50:00+00:00,297.5099999999999,298.1199999999999,297.4299999999999,297.6999999999999,1141
2026-05-19T14:55:00+00:00,297.6999999999999,298.3899999999999,297.6299999999999,298.3599999999999,1140
2026-05-19T15:00:00+00:00,298.3599999999999,298.5299999999999,298.1499999999999,298.3099999999999,1208
2026-05-19T15:05:00+00:00,298.3099999999999,298.6099999999999,298.0899999999999,298.5699999999999,1125
2026-05-19T15:10:00+00:00,298.5699999999999,298.5899999999999,297.9899999999999,298.0999999999999,1017
2026-05-19T15:15:00+00:00,298.0999999999999,298.3699999999999,298.07999999999987,298.1899999999999,941
2026-05-19T15:20:00+00:00,298.1899999999999,298.26999999999987,297.8799999999999,297.9699999999999,903
2026-05-19T15:25:00+00:00,297.9699999999999,298.1699999999999,297.8199999999999,297.9399999999999,997
2026-05-19T15:30:00+00:00,297.9399999999999,298.2399999999999,297.82999999999987,297.8699999999999,967
2026-05-19T15:35:00+00:00,297.8699999999999,298.3199999999999,297.7199999999999,298.2599999999999,945
2026-05-19T15:40:00+00:00,298.2599999999999,298.4299999999999,297.9299999999999,298.0399999999999,1016
2026-05-19T15:45:00+00:00,298.0399999999999,298.2999999999999,298.01999999999987,298.2399999999999,762
2026-05-19T15:50:00+00:00,298.2399999999999,298.3199999999999,298.0999999999999,298.1999999999999,813
2026-05-19T15:55:00+00:00,298.1999999999999,298.2299999999999,298.0399999999999,298.1099999999999,794
2026-05-19T16:00:00+00:00,298.1099999999999,298.2499999999999,298.01999999999987,298.1099999999999,769
2026-05-19T16:05:00+00:00,298.1099999999999,298.1499999999999,297.7799999999999,297.8499999999999,685
2026-05-19T16:10:00+00:00,297.8499999999999,297.9599999999999,297.2199999999999,297.4099999999999,847
2026-05-19T16:15:00+00:00,297.4099999999999,297.76999999999987,297.2999999999999,297.6099999999999,796
2026-05-19T16:20:00+00:00,297.6099999999999,297.9399999999999,297.51999999999987,297.9099999999999,637
2026-05-19T16:25:00+00:00,297.9099999999999,298.3499999999999,297.9099999999999,298.2799999999999,692
2026-05-19T16:30:00+00:00,298.2799999999999,298.4899999999999,298.1999999999999,298.4199999999999,754
2026-05-19T16:35:00+00:00,298.4199999999999,298.6299999999999,298.1999999999999,298.3599999999999,570
2026-05-19T16:40:00+00:00,298.3599999999999,298.5999999999999,298.2899999999999,298.5299999999999,569
2026-05-19T16:45:00+00:00,298.5299999999999,299.2299999999999,298.4999999999999,299.2099999999999,615
2026-05-19T16:50:00+00:00,299.2099999999999,299.5899999999999,299.1499999999999,299.2899999999999,643
2026-05-19T16:55:00+00:00,299.2899999999999,299.4699999999999,299.1699999999999,299.4499999999999,410
2026-05-19T17:00:00+00:00,299.4499999999999,299.4599999999999,299.01999999999987,299.2599999999999,797
2026-05-19T17:05:00+00:00,299.2599999999999,299.57999999999987,299.2099999999999,299.4599999999999,605
2026-05-19T17:10:00+00:00,299.4599999999999,299.5999999999999,299.3799999999999,299.5499999999999,491
2026-05-19T17:15:00+00:00,299.5499999999999,299.5899999999999,299.32999999999987,299.3899999999999,592
2026-05-19T17:20:00+00:00,299.3899999999999,299.5099999999999,299.1399999999999,299.1399999999999,566
2026-05-19T17:25:00+00:00,299.1399999999999,299.2999999999999,299.01999999999987,299.0999999999999,602
2026-05-19T17:30:00+00:00,299.0999999999999,299.1199999999999,298.7799999999999,298.7999999999999,543
2026-05-19T17:35:00+00:00,298.7999999999999,299.2099999999999,298.7899999999999,299.1499999999999,607
2026-05-19T17:40:00+00:00,299.1499999999999,299.2399999999999,298.6299999999999,298.9499999999999,683
2026-05-19T17:45:00+00:00,298.9499999999999,299.0499999999999,298.7999999999999,299.0399999999999,651
2026-05-19T17:50:00+00:00,299.0399999999999,299.32999999999987,298.9299999999999,299.2499999999999,394
2026-05-19T17:55:00+00:00,299.2499999999999,299.2899999999999,299.0699999999999,299.2299999999999,477
2026-05-19T18:00:00+00:00,299.2299999999999,299.3099999999999,298.8799999999999,299.1899999999999,658
2026-05-19T18:05:00+00:00,299.1899999999999,299.26999999999987,298.9999999999999,299.1499999999999,389
2026-05-19T18:10:00+00:00,299.1499999999999,299.2599999999999,299.0299999999999,299.1099999999999,457
2026-05-19T18:15:00+00:00,299.1099999999999,299.2299999999999,298.8699999999999,299.1299999999999,589
2026-05-19T18:20:00+00:00,299.1299999999999,299.2599999999999,298.8799999999999,299.0899999999999,697
2026-05-19T18:25:00+00:00,299.0899999999999,299.1499999999999,298.7399999999999,298.7499999999999,729
2026-05-19T18:30:00+00:00,298.7499999999999,298.7499999999999,298.4299999999999,298.5499999999999,789
2026-05-19T18:35:00+00:00,298.5499999999999,298.7499999999999,298.4799999999999,298.6499999999999,627
2026-05-19T18:40:00+00:00,298.6499999999999,298.7599999999999,298.5599999999999,298.5899999999999,395
2026-05-19T18:45:00+00:00,298.5899999999999,298.7099999999999,298.4999999999999,298.6299999999999,402
2026-05-19T18:50:00+00:00,298.6299999999999,298.7299999999999,298.4899999999999,298.5299999999999,550
2026-05-19T18:55:00+00:00,298.5299999999999,298.6299999999999,298.3399999999999,298.4899999999999,769
2026-05-19T19:00:00+00:00,298.4899999999999,298.6099999999999,298.3699999999999,298.4899999999999,674
2026-05-19T19:05:00+00:00,298.4899999999999,298.8199999999999,298.4399999999999,298.7299999999999,531
2026-05-19T19:10:00+00:00,298.7299999999999,299.2399999999999,298.6599999999999,299.2399999999999,522
2026-05-19T19:15:00+00:00,299.2399999999999,299.26999999999987,299.0699999999999,299.0899999999999,597
2026-05-19T19:20:00+00:00,299.0899999999999,299.1899999999999,298.8099999999999,298.9099999999999,629
2026-05-19T19:25:00+00:00,298.9099999999999,299.2999999999999,298.5399999999999,299.2499999999999,646
2026-05-19T19:30:00+00:00,299.2499999999999,299.2799999999999,298.9399999999999,299.1599999999999,511
2026-05-19T19:35:00+00:00,299.1599999999999,299.1599999999999,298.6799999999999,298.8799999999999,620
2026-05-19T19:40:00+00:00,298.8799999999999,298.9899999999999,298.6799999999999,298.8699999999999,549
2026-05-19T19:45:00+00:00,298.8699999999999,299.1199999999999,298.76999999999987,298.9599999999999,949
2026-05-19T19:50:00+00:00,298.9599999999999,299.3399999999999,298.6699999999999,299.1699999999999,1255
2026-05-19T19:55:00+00:00,299.1699999999999,300.0899999999999,299.0899999999999,299.9599999999999,2214
2026-05-20T13:30:00+00:00,299.9599999999999,301.7199999999999,298.8999999999999,301.7099999999999,1073
2026-05-20T13:35:00+00:00,301.7099999999999,301.9899999999999,300.76999999999987,300.7999999999999,1382
2026-05-20T13:40:00+00:00,300.7999999999999,302.8099999999999,300.7799999999999,302.6699999999999,1564
2026-05-20T13:45:00+00:00,302.6699999999999,303.1899999999999,302.1099999999999,302.1299999999999,1486
2026-05-20T13:50:00+00:00,302.1299999999999,302.4499999999999,301.7499999999999,301.9899999999999,1128
2026-05-20T13:55:00+00:00,301.9899999999999,301.9999999999999,300.76999999999987,301.0499999999999,1157
2026-05-20T14:00:00+00:00,301.0499999999999,301.1199999999999,300.2399999999999,300.4599999999999,1337
2026-05-20T14:05:00+00:00,300.4599999999999,300.8899999999999,300.32999999999987,300.32999999999987,1117
2026-05-20T14:10:00+00:00,300.32999999999987,300.76999999999987,300.0599999999999,300.3499999999999,1458
2026-05-20T14:15:00+00:00,300.3499999999999,301.1899999999999,300.3099999999999,300.5899999999999,1789
2026-05-20T14:20:00+00:00,300.5899999999999,301.0299999999999,300.2499999999999,300.3099999999999,1286
2026-05-20T14:25:00+00:00,300.3099999999999,300.5399999999999,300.01999999999987,300.3199999999999,1092
2026-05-20T14:30:00+00:00,300.3199999999999,301.0399999999999,300.3099999999999,300.4799999999999,1435
2026-05-20T14:35:00+00:00,300.4799999999999,300.5599999999999,299.9399999999999,300.0499999999999,1593
2026-05-20T14:40:00+00:00,300.0499999999999,300.5499999999999,299.9699999999999,300.4799999999999,1126
2026-05-20T14:45:00+00:00,300.4799999999999,300.6599999999999,300.1899999999999,300.5599999999999,1168
2026-05-20T14:50:00+00:00,300.5599999999999,301.3099999999999,300.51999999999987,301.2599999999999,1046
2026-05-20T14:55:00+00:00,301.2599999999999,301.3199999999999,300.6499999999999,300.7899999999999,1172.9213943950786
2026-05-20T15:00:00+00:00,300.7899999999999,301.0099999999999,300.14999999999986,300.1999999999999,1034
2026-05-20T15:05:00+00:00,300.1999999999999,300.27999999999986,299.9199999999999,300.07999999999987,912
2026-05-20T15:10:00+00:00,300.07999999999987,300.3499999999999,300.02999999999986,300.14999999999986,677
2026-05-20T15:15:00+00:00,300.14999999999986,301.3899999999999,300.0599999999999,300.2899999999999,2712
2026-05-20T15:20:00+00:00,300.2899999999999,300.6199999999999,300.1899999999999,300.5599999999999,1367
2026-05-20T15:25:00+00:00,300.5599999999999,300.6599999999999,299.9499999999999,300.0399999999999,1270
2026-05-20T15:30:00+00:00,300.0399999999999,300.1599999999999,299.8099999999999,300.0099999999999,1061
2026-05-20T15:35:00+00:00,300.0099999999999,300.1999999999999,299.77999999999986,299.8699999999999,877
2026-05-20T15:40:00+00:00,299.8699999999999,300.0499999999999,299.52999999999986,299.8499999999999,766
2026-05-20T15:45:00+00:00,299.8499999999999,299.9299999999999,299.7299999999999,299.89999999999986,650
2026-05-20T15:50:00+00:00,299.89999999999986,300.0499999999999,299.83999999999986,300.01999999999987,545
2026-05-20T15:55:00+00:00,300.01999999999987,300.0599999999999,299.6799999999999,300.0599999999999,823
2026-05-20T16:00:00+00:00,300.0599999999999,300.2399999999999,299.8799999999999,300.1999999999999,758
2026-05-20T16:05:00+00:00,300.1999999999999,300.32999999999987,300.07999999999987,300.27999999999986,459
2026-05-20T16:10:00+00:00,300.27999999999986,300.5399999999999,299.8099999999999,300.4299999999999,838
2026-05-20T16:15:00+00:00,300.4299999999999,301.1999999999999,300.39999999999986,300.9399999999999,954
2026-05-20T16:20:00+00:00,300.9399999999999,301.01999999999987,300.64999999999986,300.9099999999999,1108
2026-05-20T16:25:00+00:00,300.9099999999999,300.9299999999999,300.6199999999999,300.8799999999999,1129
2026-05-20T16:30:00+00:00,300.8799999999999,300.8799999999999,300.45999999999987,300.8099999999999,1096
2026-05-20T16:35:00+00:00,300.8099999999999,300.89999999999986,300.5099999999999,300.52999999999986,737
2026-05-20T16:40:00+00:00,300.52999999999986,300.9799999999999,300.4299999999999,300.8899999999999,877
2026-05-20T16:45:00+00:00,300.8899999999999,301.2599999999999,300.8099999999999,301.1299999999999,977
2026-05-20T16:50:00+00:00,301.1299999999999,301.6999999999999,301.1199999999999,301.3799999999999,828
2026-05-20T16:55:00+00:00,301.3799999999999,301.64999999999986,301.1799999999999,301.57999999999987,881
2026-05-20T17:00:00+00:00,301.57999999999987,301.6799999999999,301.1199999999999,301.3899999999999,928
2026-05-20T17:05:00+00:00,301.3899999999999,301.4699999999999,301.1399999999999,301.1399999999999,727
2026-05-20T17:10:00+00:00,301.1399999999999,301.5499999999999,300.9099999999999,301.3699999999999,938
2026-05-20T17:15:00+00:00,301.3699999999999,301.8799999999999,301.2999999999999,301.82999999999987,751
2026-05-20T17:20:00+00:00,301.82999999999987,302.1399999999999,301.7399999999999,301.9199999999999,817
2026-05-20T17:25:00+00:00,301.9199999999999,301.9899999999999,301.7599999999999,301.8799999999999,771
2026-05-20T17:30:00+00:00,301.8799999999999,302.0499999999999,301.76999999999987,301.8499999999999,643
2026-05-20T17:35:00+00:00,301.8499999999999,302.52999999999986,301.8499999999999,302.27999999999986,644
2026-05-20T17:40:00+00:00,302.27999999999986,302.27999999999986,302.0699999999999,302.1299999999999,474
2026-05-20T17:45:00+00:00,302.1299999999999,302.3199999999999,302.01999999999987,302.01999999999987,443
2026-05-20T17:50:00+00:00,302.01999999999987,302.07999999999987,301.8199999999999,301.8599999999999,426
2026-05-20T17:55:00+00:00,301.8599999999999,302.4299999999999,301.82999999999987,302.3899999999999,439
2026-05-20T18:00:00+00:00,302.3899999999999,302.5999999999999,302.1899999999999,302.4299999999999,672
2026-05-20T18:05:00+00:00,302.4299999999999,302.5499999999999,302.20999999999987,302.2299999999999,704
2026-05-20T18:10:00+00:00,302.2299999999999,302.2599999999999,302.0099999999999,302.07999999999987,570
2026-05-20T18:15:00+00:00,302.07999999999987,302.4699999999999,302.0699999999999,302.2399999999999,647
2026-05-20T18:20:00+00:00,302.2399999999999,302.51999999999987,302.0999999999999,302.3099999999999,621
2026-05-20T18:25:00+00:00,302.3099999999999,302.5699999999999,302.0999999999999,302.3099999999999,729
2026-05-20T18:30:00+00:00,302.3099999999999,302.8099999999999,302.2999999999999,302.6999999999999,613
2026-05-20T18:35:00+00:00,302.6999999999999,303.1099999999999,302.6599999999999,303.0599999999999,435
2026-05-20T18:40:00+00:00,303.0599999999999,303.07999999999987,302.6999999999999,302.7199999999999,518
2026-05-20T18:45:00+00:00,302.7199999999999,302.9499999999999,302.6299999999999,302.6699999999999,837
2026-05-20T18:50:00+00:00,302.6699999999999,303.1599999999999,302.6699999999999,303.0599999999999,461
2026-05-20T18:55:00+00:00,303.0599999999999,303.1899999999999,302.95999999999987,303.0599999999999,351
2026-05-20T19:00:00+00:00,303.0599999999999,303.6899999999999,302.8799999999999,302.9299999999999,709
2026-05-20T19:05:00+00:00,302.9299999999999,302.9499999999999,302.4999999999999,302.5399999999999,615
2026-05-20T19:10:00+00:00,302.5399999999999,303.1099999999999,302.3599999999999,303.0499999999999,491
2026-05-20T19:15:00+00:00,303.0499999999999,303.2599999999999,302.82999999999987,302.9299999999999,486
2026-05-20T19:20:00+00:00,302.9299999999999,303.02999999999986,302.64999999999986,302.64999999999986,557
2026-05-20T19:25:00+00:00,302.64999999999986,303.1599999999999,302.6099999999999,303.0499999999999,569
2026-05-20T19:30:00+00:00,303.0499999999999,303.1799999999999,302.77999999999986,302.9899999999999,536
2026-05-20T19:35:00+00:00,302.9899999999999,303.1299999999999,302.8699999999999,302.8899999999999,622
2026-05-20T19:40:00+00:00,302.8899999999999,303.02999999999986,302.7599999999999,302.7899999999999,680
2026-05-20T19:45:00+00:00,302.7899999999999,303.02999999999986,302.7299999999999,302.83999999999986,618
2026-05-20T19:50:00+00:00,302.83999999999986,303.33999999999986,302.7499999999999,302.76999999999987,823
2026-05-20T19:55:00+00:00,302.76999999999987,303.2399999999999,302.7499999999999,303.0999999999999,1072
2026-05-21T13:30:00+00:00,303.0999999999999,303.0999999999999,301.1299999999999,302.1699999999999,1012
2026-05-21T13:35:00+00:00,302.1699999999999,303.08999999999986,302.1599999999999,302.7999999999999,1490
2026-05-21T13:40:00+00:00,302.7999999999999,303.2999999999999,302.5099999999999,302.6399999999999,1175
2026-05-21T13:45:00+00:00,302.6399999999999,303.2399999999999,302.52999999999986,302.8099999999999,1144
2026-05-21T13:50:00+00:00,302.8099999999999,303.76999999999987,302.4799999999999,303.6699999999999,1320
2026-05-21T13:55:00+00:00,303.6699999999999,303.9399999999999,303.2499999999999,303.58999999999986,1132
2026-05-21T14:00:00+00:00,303.58999999999986,303.70999999999987,303.2299999999999,303.3499999999999,1111
2026-05-21T14:05:00+00:00,303.3499999999999,303.3499999999999,302.8899999999999,302.9699999999999,1003
2026-05-21T14:10:00+00:00,302.9699999999999,303.2299999999999,302.1799999999999,302.4099999999999,1124
2026-05-21T14:15:00+00:00,302.4099999999999,302.9699999999999,302.1799999999999,302.6399999999999,1236
2026-05-21T14:20:00+00:00,302.6399999999999,302.8899999999999,302.1999999999999,302.20999999999987,1448
2026-05-21T14:25:00+00:00,302.20999999999987,302.8099999999999,302.1799999999999,302.7899999999999,892
2026-05-21T14:30:00+00:00,302.7899999999999,303.3099999999999,302.70999999999987,303.2299999999999,1323
2026-05-21T14:35:00+00:00,303.2299999999999,303.45999999999987,303.08999999999986,303.2399999999999,1098
2026-05-21T14:40:00+00:00,303.2399999999999,303.2899999999999,302.70999999999987,302.8499999999999,1145
2026-05-21T14:45:00+00:00,302.8499999999999,302.9299999999999,302.4699999999999,302.6099999999999,1101
2026-05-21T14:50:00+00:00,302.6099999999999,302.89999999999986,302.4499999999999,302.7399999999999,1227
2026-05-21T14:55:00+00:00,302.7399999999999,303.14999999999986,302.64999999999986,303.02999999999986,981
2026-05-21T15:00:00+00:00,303.02999999999986,303.1199999999999,302.8199999999999,302.9899999999999,1197
2026-05-21T15:05:00+00:00,302.9899999999999,303.08999999999986,302.7599999999999,302.82999999999987,1293
2026-05-21T15:10:00+00:00,302.82999999999987,303.77999999999986,302.52999999999986,303.6999999999999,1657
2026-05-21T15:15:00+00:00,303.6999999999999,304.2399999999999,303.6899999999999,303.9199999999999,949
2026-05-21T15:20:00+00:00,303.9199999999999,304.1599999999999,303.7899999999999,303.8099999999999,919
2026-05-21T15:25:00+00:00,303.8099999999999,304.1099999999999,303.7199999999999,303.9199999999999,1019
2026-05-21T15:30:00+00:00,303.9199999999999,304.1999999999999,303.7399999999999,304.0399999999999,1190
2026-05-21T15:35:00+00:00,304.0399999999999,304.52999999999986,303.89999999999986,304.4999999999999,984
2026-05-21T15:40:00+00:00,304.4999999999999,305.1099999999999,304.4099999999999,304.77999999999986,818
2026-05-21T15:45:00+00:00,304.77999999999986,304.8799999999999,304.6099999999999,304.7299999999999,717
2026-05-21T15:50:00+00:00,304.7299999999999,304.8599999999999,304.5699999999999,304.6699999999999,680
2026-05-21T15:55:00+00:00,304.6699999999999,304.7399999999999,304.5699999999999,304.6399999999999,728
2026-05-21T16:00:00+00:00,304.6399999999999,305.0399999999999,304.57999999999987,304.9899999999999,776
2026-05-21T16:05:00+00:00,304.9899999999999,305.02999999999986,304.6799999999999,304.9999999999999,685
2026-05-21T16:10:00+00:00,304.9999999999999,305.0099999999999,304.6299999999999,304.7499999999999,830
2026-05-21T16:15:00+00:00,304.7499999999999,304.7599999999999,304.32999999999987,304.39999999999986,554
2026-05-21T16:20:00+00:00,304.39999999999986,304.4899999999999,304.1399999999999,304.3899999999999,700
2026-05-21T16:25:00+00:00,304.3899999999999,304.5699999999999,304.2499999999999,304.4499999999999,537
2026-05-21T16:30:00+00:00,304.4499999999999,304.6199999999999,304.3799999999999,304.4999999999999,578
2026-05-21T16:35:00+00:00,304.4999999999999,304.64999999999986,304.07999999999987,304.1599999999999,559
2026-05-21T16:40:00+00:00,304.1599999999999,304.6199999999999,304.1199999999999,304.6199999999999,468
2026-05-21T16:45:00+00:00,304.6199999999999,304.6799999999999,304.2499999999999,304.2599999999999,601
2026-05-21T16:50:00+00:00,304.2599999999999,304.32999999999987,303.9099999999999,303.9799999999999,497
2026-05-21T16:55:00+00:00,303.9799999999999,304.39999999999986,303.9399999999999,304.2599999999999,492
2026-05-21T17:00:00+00:00,304.2599999999999,304.57999999999987,304.2599999999999,304.5499999999999,503
2026-05-21T17:05:00+00:00,304.5499999999999,304.7399999999999,304.4899999999999,304.5099999999999,539
2026-05-21T17:10:00+00:00,304.5099999999999,305.08999999999986,304.4199999999999,304.82999999999987,1897
2026-05-21T17:15:00+00:00,304.82999999999987,305.4499999999999,304.6899999999999,304.9799999999999,1560
2026-05-21T17:20:00+00:00,304.9799999999999,305.4199999999999,304.8799999999999,305.2899999999999,1465
2026-05-21T17:25:00+00:00,305.2899999999999,305.5499999999999,305.1599999999999,305.4899999999999,765
2026-05-21T17:30:00+00:00,305.4899999999999,305.6099999999999,305.27999999999986,305.3599999999999,767
2026-05-21T17:35:00+00:00,305.3599999999999,305.52999999999986,305.2999999999999,305.4399999999999,560
2026-05-21T17:40:00+00:00,305.4399999999999,305.6399999999999,305.39999999999986,305.51999999999987,707
2026-05-21T17:45:00+00:00,305.51999999999987,305.6099999999999,305.33999999999986,305.5099999999999,702
2026-05-21T17:50:00+00:00,305.5099999999999,305.82999999999987,305.4299999999999,305.7299999999999,665
2026-05-21T17:55:00+00:00,305.7299999999999,305.9399999999999,305.6899999999999,305.7999999999999,823
2026-05-21T18:00:00+00:00,305.7999999999999,305.95999999999987,305.32999999999987,305.4299999999999,997
2026-05-21T18:05:00+00:00,305.4299999999999,305.57999999999987,305.1999999999999,305.45999999999987,824
2026-05-21T18:10:00+00:00,305.45999999999987,305.58999999999986,305.3799999999999,305.4499999999999,742
2026-05-21T18:15:00+00:00,305.4499999999999,305.5599999999999,305.3699999999999,305.5099999999999,651
2026-05-21T18:20:00+00:00,305.5099999999999,305.7999999999999,305.45999999999987,305.7599999999999,502
2026-05-21T18:25:00+00:00,305.7599999999999,305.8799999999999,305.3799999999999,305.4499999999999,660
2026-05-21T18:30:00+00:00,305.4499999999999,305.5099999999999,305.1299999999999,305.1999999999999,711
2026-05-21T18:35:00+00:00,305.1999999999999,305.3899999999999,305.1799999999999,305.20999999999987,574
2026-05-21T18:40:00+00:00,305.20999999999987,305.5999999999999,305.1699999999999,305.4999999999999,534
2026-05-21T18:45:00+00:00,305.4999999999999,305.6099999999999,304.9399999999999,305.3199999999999,1022
2026-05-21T18:50:00+00:00,305.3199999999999,305.6799999999999,304.9299999999999,304.9399999999999,1676
2026-05-21T18:55:00+00:00,304.9399999999999,305.0999999999999,304.7599999999999,305.08999999999986,1402
2026-05-21T19:00:00+00:00,305.08999999999986,305.5699999999999,304.9199999999999,305.4999999999999,920
2026-05-21T19:05:00+00:00,305.4999999999999,305.9499999999999,305.2299999999999,305.9399999999999,897
2026-05-21T19:10:00+00:00,305.9399999999999,305.9899999999999,305.7899999999999,305.9899999999999,519
2026-05-21T19:15:00+00:00,305.9899999999999,306.1199999999999,305.8499999999999,306.0399999999999,584
2026-05-21T19:20:00+00:00,306.0399999999999,306.1199999999999,305.8799999999999,306.0699999999999,489
2026-05-21T19:25:00+00:00,306.0699999999999,306.2199999999999,305.89999999999986,306.0999999999999,631
2026-05-21T19:30:00+00:00,306.0999999999999,306.4099999999999,305.9999999999999,306.0599999999999,509
2026-05-21T19:35:00+00:00,306.0599999999999,306.1299999999999,305.83999999999986,305.9399999999999,540
2026-05-21T19:40:00+00:00,305.9399999999999,306.1099999999999,305.6199999999999,305.6899999999999,635
2026-05-21T19:45:00+00:00,305.6899999999999,305.9899999999999,305.6399999999999,305.7399999999999,555
2026-05-21T19:50:00+00:00,305.7399999999999,306.1199999999999,305.3799999999999,305.5999999999999,1000
2026-05-21T19:55:00+00:00,305.5999999999999,306.1299999999999,305.2899999999999,305.9799999999999,1448
2026-05-22T13:30:00+00:00,305.9799999999999,309.2899999999999,305.9799999999999,309.0099999999999,1428
2026-05-22T13:35:00+00:00,309.0099999999999,309.8199999999999,308.4899999999999,309.2899999999999,1739
2026-05-22T13:40:00+00:00,309.2899999999999,309.32999999999987,308.07999999999987,308.1199999999999,1924
2026-05-22T13:45:00+00:00,308.1199999999999,309.1199999999999,307.89999999999986,309.08999999999986,1600
2026-05-22T13:50:00+00:00,309.08999999999986,309.3599999999999,308.83999999999986,308.9899999999999,1413
2026-05-22T13:55:00+00:00,308.9899999999999,309.57999999999987,308.8799999999999,309.51999999999987,1204
2026-05-22T14:00:00+00:00,309.51999999999987,309.52999999999986,308.82999999999987,309.3699999999999,1487
2026-05-22T14:05:00+00:00,309.3699999999999,309.7999999999999,309.2899999999999,309.6799999999999,1429
2026-05-22T14:10:00+00:00,309.6799999999999,309.95999999999987,309.4999999999999,309.6399999999999,1138
2026-05-22T14:15:00+00:00,309.6399999999999,310.14999999999986,309.5399999999999,309.9199999999999,1239
2026-05-22T14:20:00+00:00,309.9199999999999,309.9999999999999,309.1399999999999,309.4499999999999,1336
2026-05-22T14:25:00+00:00,309.4499999999999,309.8899999999999,309.1399999999999,309.51999999999987,1040
2026-05-22T14:30:00+00:00,309.51999999999987,310.1999999999999,309.4699999999999,310.1999999999999,1663
2026-05-22T14:35:00+00:00,310.1999999999999,310.2299999999999,309.77999999999986,310.1799999999999,1307
2026-05-22T14:40:00+00:00,310.1799999999999,310.7299999999999,310.1399999999999,310.6299999999999,1429
2026-05-22T14:45:00+00:00,310.6299999999999,310.6599999999999,310.3599999999999,310.4899999999999,1263
2026-05-22T14:50:00+00:00,310.4899999999999,310.7599999999999,310.3599999999999,310.7599999999999,1101
2026-05-22T14:55:00+00:00,310.7599999999999,311.3499999999999,310.7199999999999,311.1899999999999,1085
2026-05-22T15:00:00+00:00,311.1899999999999,311.4399999999999,311.02999999999986,311.39999999999986,1166
2026-05-22T15:05:00+00:00,311.39999999999986,311.82999999999987,311.2399999999999,311.7399999999999,1208
2026-05-22T15:10:00+00:00,311.7399999999999,312.0599999999999,311.70999999999987,312.0099999999999,1059
2026-05-22T15:15:00+00:00,312.0099999999999,312.2599999999999,311.6299999999999,312.1399999999999,1276
2026-05-22T15:20:00+00:00,312.1399999999999,312.2499999999999,311.7999999999999,311.8899999999999,1165
2026-05-22T15:25:00+00:00,311.8899999999999,311.9099999999999,311.77999999999986,311.8599999999999,1028
2026-05-22T15:30:00+00:00,311.8599999999999,311.89999999999986,311.58999999999986,311.7899999999999,1249
2026-05-22T15:35:00+00:00,311.7899999999999,311.8899999999999,311.4899999999999,311.5599999999999,1086
2026-05-22T15:40:00+00:00,311.5599999999999,311.7899999999999,311.4799999999999,311.52999999999986,831
2026-05-22T15:45:00+00:00,311.52999999999986,311.6399999999999,310.8899999999999,310.89999999999986,1031
2026-05-22T15:50:00+00:00,310.89999999999986,311.1299999999999,310.8799999999999,310.95999999999987,801
2026-05-22T15:55:00+00:00,310.95999999999987,311.02999999999986,310.70999999999987,310.8699999999999,915
2026-05-22T16:00:00+00:00,310.8699999999999,310.8699999999999,310.57999999999987,310.76999999999987,875
2026-05-22T16:05:00+00:00,310.76999999999987,311.3699999999999,310.76999999999987,311.2199999999999,1046
2026-05-22T16:10:00+00:00,311.2199999999999,311.3699999999999,311.0099999999999,311.2199999999999,807
2026-05-22T16:15:00+00:00,311.2199999999999,311.39999999999986,311.0599999999999,311.1099999999999,943
2026-05-22T16:20:00+00:00,311.1099999999999,311.3899999999999,311.0099999999999,311.1099999999999,870
2026-05-22T16:25:00+00:00,311.1099999999999,311.1899999999999,310.7299999999999,310.7899999999999,994
2026-05-22T16:30:00+00:00,310.7899999999999,310.8499999999999,310.2899999999999,310.39999999999986,909
2026-05-22T16:35:00+00:00,310.39999999999986,310.58999999999986,310.1999999999999,310.2199999999999,815
2026-05-22T16:40:00+00:00,310.2199999999999,310.4799999999999,310.1099999999999,310.1099999999999,770
2026-05-22T16:45:00+00:00,310.1099999999999,310.2299999999999,309.6999999999999,309.6999999999999,741
2026-05-22T16:50:00+00:00,309.6999999999999,310.14999999999986,309.6799999999999,310.1099999999999,670
2026-05-22T16:55:00+00:00,310.1099999999999,310.1699999999999,309.7899999999999,309.8799999999999,866
2026-05-22T17:00:00+00:00,309.8799999999999,310.1199999999999,309.83999999999986,310.0499999999999,841
2026-05-22T17:05:00+00:00,310.0499999999999,310.20999999999987,309.9799999999999,310.1299999999999,930
2026-05-22T17:10:00+00:00,310.1299999999999,310.4499999999999,310.1199999999999,310.4099999999999,937
2026-05-22T17:15:00+00:00,310.4099999999999,310.5699999999999,310.14999999999986,310.1699999999999,842
2026-05-22T17:20:00+00:00,310.1699999999999,310.45999999999987,310.1099999999999,310.33999999999986,1072
2026-05-22T17:25:00+00:00,310.33999999999986,310.7499999999999,310.1899999999999,310.6899999999999,1488
2026-05-22T17:30:00+00:00,310.6899999999999,311.01999999999987,310.3199999999999,310.52999999999986,1212
2026-05-22T17:35:00+00:00,310.52999999999986,310.7399999999999,310.3099999999999,310.7199999999999,960
2026-05-22T17:40:00+00:00,310.7199999999999,310.7599999999999,310.4099999999999,310.4499999999999,824
2026-05-22T17:45:00+00:00,310.4499999999999,310.5599999999999,310.2899999999999,310.4899999999999,836
2026-05-22T17:50:00+00:00,310.4899999999999,310.5599999999999,310.1599999999999,310.3199999999999,824
2026-05-22T17:55:00+00:00,310.3199999999999,310.6299999999999,310.2499999999999,310.3099999999999,767
2026-05-22T18:00:00+00:00,310.3099999999999,310.3199999999999,309.82999999999987,309.8499999999999,880
2026-05-22T18:05:00+00:00,309.8499999999999,310.2299999999999,309.82999999999987,310.1999999999999,657
2026-05-22T18:10:00+00:00,310.1999999999999,310.3099999999999,309.9399999999999,310.0999999999999,637
2026-05-22T18:15:00+00:00,310.0999999999999,310.1899999999999,309.8799999999999,310.1199999999999,656
2026-05-22T18:20:00+00:00,310.1199999999999,310.39999999999986,310.1099999999999,310.3599999999999,563
2026-05-22T18:25:00+00:00,310.3599999999999,310.39999999999986,310.1699999999999,310.20999999999987,560
2026-05-22T18:30:00+00:00,310.20999999999987,310.2399999999999,309.9999999999999,310.0099999999999,631
2026-05-22T18:35:00+00:00,310.0099999999999,310.2999999999999,309.9499999999999,310.2299999999999,650
2026-05-22T18:40:00+00:00,310.2299999999999,310.32999999999987,310.07999999999987,310.1699999999999,614
2026-05-22T18:45:00+00:00,310.1699999999999,310.26999999999987,310.0399999999999,310.1399999999999,800
2026-05-22T18:50:00+00:00,310.1399999999999,310.4399999999999,310.08999999999986,310.4299999999999,719
2026-05-22T18:55:00+00:00,310.4299999999999,310.4499999999999,310.1699999999999,310.1899999999999,603
2026-05-22T19:00:00+00:00,310.1899999999999,310.1899999999999,309.8199999999999,309.9999999999999,1143
2026-05-22T19:05:00+00:00,309.9999999999999,310.1599999999999,309.9499999999999,310.0999999999999,571
2026-05-22T19:10:00+00:00,310.0999999999999,310.2599999999999,310.0099999999999,310.1999999999999,659
2026-05-22T19:15:00+00:00,310.1999999999999,310.2599999999999,309.8199999999999,309.9899999999999,823
2026-05-22T19:20:00+00:00,309.9899999999999,310.0399999999999,309.8199999999999,309.8799999999999,682
2026-05-22T19:25:00+00:00,309.8799999999999,309.9099999999999,309.51999999999987,309.5499999999999,651
2026-05-22T19:30:00+00:00,309.5499999999999,309.9499999999999,309.5399999999999,309.8699999999999,779
2026-05-22T19:35:00+00:00,309.8699999999999,310.0699999999999,309.5999999999999,309.6599999999999,662
2026-05-22T19:40:00+00:00,309.6599999999999,309.6599999999999,309.27999999999986,309.3199999999999,697
2026-05-22T19:45:00+00:00,309.3199999999999,309.39999999999986,309.0999999999999,309.1599999999999,722
2026-05-22T19:50:00+00:00,309.1599999999999,309.4099999999999,308.7199999999999,309.3699999999999,925
2026-05-22T19:55:00+00:00,309.3699999999999,310.08999999999986,309.3499999999999,309.83999999999986,1334
2026-05-26T13:30:00+00:00,309.83999999999986,312.2499999999999,309.83999999999986,311.64999999999986,1259
2026-05-26T13:35:00+00:00,311.64999999999986,312.0499999999999,310.20999999999987,310.8899999999999,1475
2026-05-26T13:40:00+00:00,310.8899999999999,311.6399999999999,310.4899999999999,311.32999999999987,1417
2026-05-26T13:45:00+00:00,311.32999999999987,311.32999999999987,310.7999999999999,311.01999999999987,1539
2026-05-26T13:50:00+00:00,311.01999999999987,311.5399999999999,310.9499999999999,311.3699999999999,1651
2026-05-26T13:55:00+00:00,311.3699999999999,311.77999999999986,311.1799999999999,311.77999999999986,1410
2026-05-26T14:00:00+00:00,311.77999999999986,312.1099999999999,310.7599999999999,311.3199999999999,1444
2026-05-26T14:05:00+00:00,311.3199999999999,312.1899999999999,310.9099999999999,311.89999999999986,1392
2026-05-26T14:10:00+00:00,311.89999999999986,312.4999999999999,311.82999999999987,312.33999999999986,1228
2026-05-26T14:15:00+00:00,312.33999999999986,312.4099999999999,311.70999999999987,311.8499999999999,1254
2026-05-26T14:20:00+00:00,311.8499999999999,312.1999999999999,311.82999999999987,312.1599999999999,982
2026-05-26T14:25:00+00:00,312.1599999999999,312.70999999999987,312.0999999999999,312.58999999999986,1272
2026-05-26T14:30:00+00:00,312.58999999999986,312.6799999999999,312.1999999999999,312.2199999999999,1142
2026-05-26T14:35:00+00:00,312.2199999999999,312.3699999999999,311.8499999999999,311.8499999999999,1168
2026-05-26T14:40:00+00:00,311.8499999999999,312.1899999999999,311.8499999999999,312.14999999999986,1064
2026-05-26T14:45:00+00:00,312.14999999999986,312.33999999999986,311.9499999999999,312.0699999999999,894
2026-05-26T14:50:00+00:00,312.0699999999999,312.08999999999986,311.6899999999999,311.9899999999999,791
2026-05-26T14:55:00+00:00,311.9899999999999,312.4799999999999,311.7899999999999,312.3799999999999,891
2026-05-26T15:00:00+00:00,312.3799999999999,312.6599999999999,312.26999999999987,312.3499999999999,1011
2026-05-26T15:05:00+00:00,312.3499999999999,312.52999999999986,312.1799999999999,312.52999999999986,1031
2026-05-26T15:10:00+00:00,312.52999999999986,312.5399999999999,312.1999999999999,312.3099999999999,851
2026-05-26T15:15:00+00:00,312.3099999999999,312.51999999999987,312.0599999999999,312.4099999999999,696
2026-05-26T15:20:00+00:00,312.4099999999999,312.45999999999987,311.9899999999999,312.32999999999987,844
2026-05-26T15:25:00+00:00,312.32999999999987,312.6599999999999,312.1199999999999,312.1699999999999,1029
2026-05-26T15:30:00+00:00,312.1699999999999,312.4199999999999,312.1099999999999,312.27999999999986,975
2026-05-26T15:35:00+00:00,312.27999999999986,312.39999999999986,311.7299999999999,311.9099999999999,950
2026-05-26T15:40:00+00:00,311.9099999999999,311.9399999999999,311.4699999999999,311.7399999999999,927
2026-05-26T15:45:00+00:00,311.7399999999999,311.7899999999999,311.2899999999999,311.3099999999999,932
2026-05-26T15:50:00+00:00,311.3099999999999,311.4399999999999,310.9899999999999,311.0699999999999,896
2026-05-26T15:55:00+00:00,311.0699999999999,311.20999999999987,310.8699999999999,311.01999999999987,1119
2026-05-26T16:00:00+00:00,311.01999999999987,311.6099999999999,310.9899999999999,311.3199999999999,1200
2026-05-26T16:05:00+00:00,311.3199999999999,311.3699999999999,310.7499999999999,310.7899999999999,840
2026-05-26T16:10:00+00:00,310.7899999999999,310.9499999999999,310.6299999999999,310.70999999999987,780
2026-05-26T16:15:00+00:00,310.70999999999987,310.9699999999999,310.70999999999987,310.8899999999999,572
2026-05-26T16:20:00+00:00,310.8899999999999,311.07999999999987,310.7199999999999,310.8899999999999,693
2026-05-26T16:25:00+00:00,310.8899999999999,311.3699999999999,310.76999999999987,311.3699999999999,840
2026-05-26T16:30:00+00:00,311.3699999999999,311.64999999999986,311.3099999999999,311.4799999999999,673
2026-05-26T16:35:00+00:00,311.4799999999999,311.4899999999999,310.9899999999999,311.0399999999999,639
2026-05-26T16:40:00+00:00,311.0399999999999,311.07999999999987,310.6799999999999,310.7299999999999,632
2026-05-26T16:45:00+00:00,310.7299999999999,311.02999999999986,310.58999999999986,310.6999999999999,655
2026-05-26T16:50:00+00:00,310.6999999999999,310.89999999999986,310.6299999999999,310.7999999999999,691
2026-05-26T16:55:00+00:00,310.7999999999999,310.9699999999999,310.7599999999999,310.89999999999986,502
2026-05-26T17:00:00+00:00,310.89999999999986,311.1799999999999,310.89999999999986,310.9999999999999,600
2026-05-26T17:05:00+00:00,310.9999999999999,311.1299999999999,310.4799999999999,310.51999999999987,500
2026-05-26T17:10:00+00:00,310.51999999999987,310.6899999999999,310.27999999999986,310.4199999999999,554
2026-05-26T17:15:00+00:00,310.4199999999999,310.6099999999999,310.0399999999999,310.1699999999999,487
2026-05-26T17:20:00+00:00,310.1699999999999,310.39999999999986,310.0399999999999,310.0699999999999,563
2026-05-26T17:25:00+00:00,310.0699999999999,310.1599999999999,309.89999999999986,309.9899999999999,494
2026-05-26T17:30:00+00:00,309.9899999999999,310.26999999999987,309.9399999999999,310.2299999999999,453
2026-05-26T17:35:00+00:00,310.2299999999999,310.4099999999999,310.1299999999999,310.20999999999987,442
2026-05-26T17:40:00+00:00,310.20999999999987,310.2599999999999,309.9899999999999,309.9999999999999,461
2026-05-26T17:45:00+00:00,309.9999999999999,310.2599999999999,309.9799999999999,310.1199999999999,413
2026-05-26T17:50:00+00:00,310.1199999999999,310.4499999999999,309.9799999999999,310.3699999999999,449
2026-05-26T17:55:00+00:00,310.3699999999999,310.7299999999999,310.2299999999999,310.6799999999999,402
2026-05-26T18:00:00+00:00,310.6799999999999,310.6999999999999,310.4099999999999,310.4999999999999,512
2026-05-26T18:05:00+00:00,310.4999999999999,310.6099999999999,310.3799999999999,310.5999999999999,347
2026-05-26T18:10:00+00:00,310.5999999999999,310.82999999999987,310.45999999999987,310.7599999999999,358
2026-05-26T18:15:00+00:00,310.7599999999999,310.9999999999999,310.7599999999999,310.8599999999999,397
2026-05-26T18:20:00+00:00,310.8599999999999,310.9999999999999,310.7499999999999,310.9099999999999,360
2026-05-26T18:25:00+00:00,310.9099999999999,311.0699999999999,310.6299999999999,310.6399999999999,513
2026-05-26T18:30:00+00:00,310.6399999999999,310.9299999999999,310.5499999999999,310.5499999999999,469
2026-05-26T18:35:00+00:00,310.5499999999999,310.6699999999999,310.4199999999999,310.57999999999987,484
2026-05-26T18:40:00+00:00,310.57999999999987,310.57999999999987,310.2299999999999,310.33999999999986,398
2026-05-26T18:45:00+00:00,310.33999999999986,310.45999999999987,310.3199999999999,310.3899999999999,457
2026-05-26T18:50:00+00:00,310.3899999999999,310.4299999999999,310.0399999999999,310.1599999999999,363
2026-05-26T18:55:00+00:00,310.1599999999999,310.2599999999999,309.9799999999999,310.0399999999999,570
2026-05-26T19:00:00+00:00,310.0399999999999,310.1099999999999,309.52999999999986,309.7199999999999,688
2026-05-26T19:05:00+00:00,309.7199999999999,309.8899999999999,309.7199999999999,309.82999999999987,600
2026-05-26T19:10:00+00:00,309.82999999999987,309.8899999999999,309.3899999999999,309.39999999999986,486
2026-05-26T19:15:00+00:00,309.39999999999986,309.5599999999999,309.2199999999999,309.3499999999999,764
2026-05-26T19:20:00+00:00,309.3499999999999,309.4199999999999,308.95999999999987,308.9799999999999,551
2026-05-26T19:25:00+00:00,308.9799999999999,309.3099999999999,308.9399999999999,309.2199999999999,408
2026-05-26T19:30:00+00:00,309.2199999999999,309.4899999999999,309.1699999999999,309.39999999999986,508
2026-05-26T19:35:00+00:00,309.39999999999986,309.83999999999986,309.3799999999999,309.6399999999999,513
2026-05-26T19:40:00+00:00,309.6399999999999,309.6399999999999,309.1899999999999,309.4799999999999,658
2026-05-26T19:45:00+00:00,309.4799999999999,309.58999999999986,309.0699999999999,309.2499999999999,711
2026-05-26T19:50:00+00:00,309.2499999999999,309.5499999999999,308.8799999999999,308.9799999999999,802
2026-05-26T19:55:00+00:00,308.9799999999999,309.2899999999999,308.4799999999999,309.20999999999987,1268
2026-05-27T13:30:00+00:00,309.20999999999987,312.3199999999999,309.1599999999999,311.4399999999999,1478
2026-05-27T13:35:00+00:00,311.4399999999999,312.0499999999999,310.8899999999999,311.5499999999999,2140
2026-05-27T13:40:00+00:00,311.5499999999999,312.4299999999999,311.1899999999999,311.45999999999987,1981
2026-05-27T13:45:00+00:00,311.45999999999987,312.0999999999999,311.1799999999999,311.7199999999999,2266
2026-05-27T13:50:00+00:00,311.7199999999999,311.9499999999999,311.2199999999999,311.58999999999986,2091
2026-05-27T13:55:00+00:00,311.58999999999986,313.1999999999999,311.4099999999999,312.7199999999999,1696
2026-05-27T14:00:00+00:00,312.7199999999999,313.3899999999999,312.2999999999999,313.14999999999986,1775
2026-05-27T14:05:00+00:00,313.14999999999986,313.33999999999986,312.27999999999986,312.51999999999987,1351
2026-05-27T14:10:00+00:00,312.51999999999987,313.4699999999999,312.4299999999999,313.3899999999999,1141
2026-05-27T14:15:00+00:00,313.3899999999999,313.6099999999999,312.89999999999986,312.9799999999999,1316
2026-05-27T14:20:00+00:00,312.9799999999999,313.02999999999986,311.7599999999999,311.95999999999987,1350
2026-05-27T14:25:00+00:00,311.95999999999987,312.3499999999999,311.6799999999999,312.1599999999999,1615
2026-05-27T14:30:00+00:00,312.1599999999999,313.0499999999999,312.0499999999999,312.6099999999999,1705
2026-05-27T14:35:00+00:00,312.6099999999999,313.64999999999986,312.58999999999986,313.52999999999986,1043
2026-05-27T14:40:00+00:00,313.52999999999986,314.07999999999987,313.4899999999999,313.57999999999987,1022
2026-05-27T14:45:00+00:00,313.57999999999987,313.7199999999999,313.2399999999999,313.2999999999999,1016
2026-05-27T14:50:00+00:00,313.2999999999999,313.89999999999986,313.14999999999986,313.51999999999987,1010
2026-05-27T14:55:00+00:00,313.51999999999987,313.89999999999986,313.02999999999986,313.89999999999986,1094.7110776393263
2026-05-27T15:00:00+00:00,313.89999999999986,314.15999999999985,313.79999999999984,313.91999999999985,1018
2026-05-27T15:05:00+00:00,313.91999999999985,314.05999999999983,313.47999999999985,313.6899999999998,869
2026-05-27T15:10:00+00:00,313.6899999999998,313.80999999999983,313.35999999999984,313.3799999999998,968
2026-05-27T15:15:00+00:00,313.3799999999998,313.4399999999998,312.9399999999998,312.9499999999999,826
2026-05-27T15:20:00+00:00,312.9499999999999,313.05999999999983,312.35999999999984,312.64999999999986,967
2026-05-27T15:25:00+00:00,312.64999999999986,312.77999999999986,312.46999999999986,312.65999999999985,814
2026-05-27T15:30:00+00:00,312.65999999999985,313.03999999999985,312.5099999999999,312.8199999999998,790
2026-05-27T15:35:00+00:00,312.8199999999998,312.9499999999999,312.10999999999984,312.11999999999983,870
2026-05-27T15:40:00+00:00,312.11999999999983,312.39999999999986,311.90999999999985,311.99999999999983,848
2026-05-27T15:45:00+00:00,311.99999999999983,312.15999999999985,311.61999999999983,311.71999999999986,899
2026-05-27T15:50:00+00:00,311.71999999999986,312.0699999999998,311.66999999999985,311.80999999999983,597
2026-05-27T15:55:00+00:00,311.80999999999983,312.6899999999998,311.7599999999999,312.57999999999987,715
2026-05-27T16:00:00+00:00,312.57999999999987,312.66999999999985,312.29999999999984,312.52999999999986,790
2026-05-27T16:05:00+00:00,312.52999999999986,312.61999999999983,312.1399999999999,312.51999999999987,742
2026-05-27T16:10:00+00:00,312.51999999999987,312.64999999999986,312.32999999999987,312.59999999999985,675
2026-05-27T16:15:00+00:00,312.59999999999985,312.7599999999999,312.28999999999985,312.3199999999998,537
2026-05-27T16:20:00+00:00,312.3199999999998,312.36999999999983,312.0699999999998,312.26999999999987,466
2026-05-27T16:25:00+00:00,312.26999999999987,312.33999999999986,311.82999999999987,312.08999999999986,631
2026-05-27T16:30:00+00:00,312.08999999999986,312.29999999999984,311.91999999999985,312.11999999999983,510
2026-05-27T16:35:00+00:00,312.11999999999983,312.35999999999984,312.11999999999983,312.24999999999983,425
2026-05-27T16:40:00+00:00,312.24999999999983,312.40999999999985,311.72999999999985,311.73999999999984,517
2026-05-27T16:45:00+00:00,311.73999999999984,311.95999999999987,311.32999999999987,311.61999999999983,657
2026-05-27T16:50:00+00:00,311.61999999999983,311.66999999999985,311.2599999999999,311.40999999999985,474
2026-05-27T16:55:00+00:00,311.40999999999985,311.59999999999985,311.30999999999983,311.46999999999986,472
2026-05-27T17:00:00+00:00,311.46999999999986,311.90999999999985,311.4399999999998,311.79999999999984,569
2026-05-27T17:05:00+00:00,311.79999999999984,311.90999999999985,311.27999999999986,311.29999999999984,746
2026-05-27T17:10:00+00:00,311.29999999999984,311.6299999999998,311.28999999999985,311.53999999999985,681
2026-05-27T17:15:00+00:00,311.53999999999985,311.8899999999999,311.47999999999985,311.70999999999987,376
2026-05-27T17:20:00+00:00,311.70999999999987,311.80999999999983,311.51999999999987,311.61999999999983,418
2026-05-27T17:25:00+00:00,311.61999999999983,311.72999999999985,311.34999999999985,311.40999999999985,359
2026-05-27T17:30:00+00:00,311.40999999999985,311.59999999999985,311.35999999999984,311.54999999999984,493
2026-05-27T17:35:00+00:00,311.54999999999984,311.61999999999983,311.34999999999985,311.4399999999998,366
2026-05-27T17:40:00+00:00,311.4399999999998,311.5099999999999,311.24999999999983,311.4499999999999,489
2026-05-27T17:45:00+00:00,311.4499999999999,311.58999999999986,311.21999999999986,311.36999999999983,455
2026-05-27T17:50:00+00:00,311.36999999999983,311.7599999999999,311.26999999999987,311.74999999999983,383
2026-05-27T17:55:00+00:00,311.74999999999983,311.90999999999985,311.59999999999985,311.78999999999985,406
2026-05-27T18:00:00+00:00,311.78999999999985,311.84999999999985,311.28999999999985,311.34999999999985,620
2026-05-27T18:05:00+00:00,311.34999999999985,311.72999999999985,311.33999999999986,311.65999999999985,480
2026-05-27T18:10:00+00:00,311.65999999999985,311.78999999999985,311.5099999999999,311.71999999999986,366
2026-05-27T18:15:00+00:00,311.71999999999986,311.8799999999998,311.52999999999986,311.79999999999984,408
2026-05-27T18:20:00+00:00,311.79999999999984,311.91999999999985,311.6399999999999,311.70999999999987,374
2026-05-27T18:25:00+00:00,311.70999999999987,311.80999999999983,311.60999999999984,311.67999999999984,362
2026-05-27T18:30:00+00:00,311.67999999999984,311.78999999999985,311.51999999999987,311.52999999999986,416
2026-05-27T18:35:00+00:00,311.52999999999986,311.72999999999985,311.41999999999985,311.64999999999986,374
2026-05-27T18:40:00+00:00,311.64999999999986,311.72999999999985,311.52999999999986,311.67999999999984,289
2026-05-27T18:45:00+00:00,311.67999999999984,311.73999999999984,311.48999999999984,311.5699999999998,327
2026-05-27T18:50:00+00:00,311.5699999999998,311.65999999999985,311.29999999999984,311.39999999999986,389
2026-05-27T18:55:00+00:00,311.39999999999986,311.6899999999998,311.3799999999998,311.3899999999999,479
2026-05-27T19:00:00+00:00,311.3899999999999,311.45999999999987,310.9399999999998,311.10999999999984,544
2026-05-27T19:05:00+00:00,311.10999999999984,311.26999999999987,311.02999999999986,311.2599999999999,421
2026-05-27T19:10:00+00:00,311.2599999999999,311.61999999999983,311.17999999999984,311.54999999999984,334
2026-05-27T19:15:00+00:00,311.54999999999984,311.60999999999984,311.09999999999985,311.22999999999985,501
2026-05-27T19:20:00+00:00,311.22999999999985,311.3899999999999,310.91999999999985,310.96999999999986,540
2026-05-27T19:25:00+00:00,310.96999999999986,310.98999999999984,310.66999999999985,310.6899999999998,641
2026-05-27T19:30:00+00:00,310.6899999999998,310.8199999999998,310.41999999999985,310.76999999999987,570
2026-05-27T19:35:00+00:00,310.76999999999987,310.9499999999999,310.64999999999986,310.84999999999985,482
2026-05-27T19:40:00+00:00,310.84999999999985,310.92999999999984,310.71999999999986,310.73999999999984,419
2026-05-27T19:45:00+00:00,310.73999999999984,310.85999999999984,310.52999999999986,310.71999999999986,451
2026-05-27T19:50:00+00:00,310.71999999999986,311.53999999999985,310.70999999999987,311.1399999999999,870
2026-05-27T19:55:00+00:00,311.1399999999999,311.98999999999984,311.1399999999999,311.91999999999985,1284
2026-05-28T13:30:00+00:00,311.91999999999985,311.91999999999985,310.33999999999986,310.70999999999987,917
2026-05-28T13:35:00+00:00,310.70999999999987,311.28999999999985,310.45999999999987,310.8899999999999,1561
2026-05-28T13:40:00+00:00,310.8899999999999,311.74999999999983,310.8899999999999,311.5699999999998,1394
2026-05-28T13:45:00+00:00,311.5699999999998,313.02999999999986,311.55999999999983,312.8199999999998,1344
2026-05-28T13:50:00+00:00,312.8199999999998,312.91999999999985,311.6299999999998,311.6299999999998,1402
2026-05-28T13:55:00+00:00,311.6299999999998,312.1999999999999,311.52999999999986,311.9499999999999,1237
2026-05-28T14:00:00+00:00,311.9499999999999,312.1999999999999,311.57999999999987,311.85999999999984,900
2026-05-28T14:05:00+00:00,311.85999999999984,312.4499999999999,311.74999999999983,312.39999999999986,1195
2026-05-28T14:10:00+00:00,312.39999999999986,313.61999999999983,312.28999999999985,313.1899999999998,2193
2026-05-28T14:15:00+00:00,313.1899999999998,313.29999999999984,312.70999999999987,312.8899999999999,1504
2026-05-28T14:20:00+00:00,312.8899999999999,313.08999999999986,312.22999999999985,312.42999999999984,1094
2026-05-28T14:25:00+00:00,312.42999999999984,312.8899999999999,312.42999999999984,312.57999999999987,1114
2026-05-28T14:30:00+00:00,312.57999999999987,312.67999999999984,312.0099999999999,312.0099999999999,1079
2026-05-28T14:35:00+00:00,312.0099999999999,312.4399999999998,311.96999999999986,312.07999999999987,1154
2026-05-28T14:40:00+00:00,312.07999999999987,312.6299999999998,311.92999999999984,312.39999999999986,1212
2026-05-28T14:45:00+00:00,312.39999999999986,312.55999999999983,312.01999999999987,312.03999999999985,1315
2026-05-28T14:50:00+00:00,312.03999999999985,312.49999999999983,312.01999999999987,312.3899999999999,966
2026-05-28T14:55:00+00:00,312.3899999999999,312.77999999999986,312.34999999999985,312.74999999999983,935
2026-05-28T15:00:00+00:00,312.74999999999983,312.85999999999984,312.55999999999983,312.71999999999986,786
2026-05-28T15:05:00+00:00,312.71999999999986,312.73999999999984,312.34999999999985,312.60999999999984,816
2026-05-28T15:10:00+00:00,312.60999999999984,312.85999999999984,312.42999999999984,312.70999999999987,844
2026-05-28T15:15:00+00:00,312.70999999999987,312.76999999999987,312.48999999999984,312.55999999999983,451
2026-05-28T15:20:00+00:00,312.55999999999983,312.78999999999985,312.42999999999984,312.6999999999999,469
2026-05-28T15:25:00+00:00,312.6999999999999,312.83999999999986,312.54999999999984,312.71999999999986,730
2026-05-28T15:30:00+00:00,312.71999999999986,312.86999999999983,312.29999999999984,312.29999999999984,691
2026-05-28T15:35:00+00:00,312.29999999999984,312.6299999999998,312.1299999999998,312.16999999999985,880
2026-05-28T15:40:00+00:00,312.16999999999985,312.3199999999998,311.85999999999984,312.10999999999984,842
2026-05-28T15:45:00+00:00,312.10999999999984,312.27999999999986,311.9499999999999,312.07999999999987,781
2026-05-28T15:50:00+00:00,312.07999999999987,312.20999999999987,311.30999999999983,311.3899999999999,1009
2026-05-28T15:55:00+00:00,311.3899999999999,311.64999999999986,311.28999999999985,311.52999999999986,875
2026-05-28T16:00:00+00:00,311.52999999999986,311.79999999999984,311.48999999999984,311.65999999999985,777
2026-05-28T16:05:00+00:00,311.65999999999985,311.85999999999984,311.4399999999998,311.6299999999998,766
2026-05-28T16:10:00+00:00,311.6299999999998,311.76999999999987,311.46999999999986,311.54999999999984,681
2026-05-28T16:15:00+00:00,311.54999999999984,311.73999999999984,311.35999999999984,311.60999999999984,799
2026-05-28T16:20:00+00:00,311.60999999999984,311.61999999999983,311.20999999999987,311.39999999999986,801
2026-05-28T16:25:00+00:00,311.39999999999986,311.65999999999985,311.24999999999983,311.34999999999985,826
2026-05-28T16:30:00+00:00,311.34999999999985,311.66999999999985,311.16999999999985,311.17999999999984,727
2026-05-28T16:35:00+00:00,311.17999999999984,311.22999999999985,310.8199999999998,310.83999999999986,691
2026-05-28T16:40:00+00:00,310.83999999999986,310.83999999999986,310.48999999999984,310.6999999999999,1016
2026-05-28T16:45:00+00:00,310.6999999999999,311.05999999999983,310.45999999999987,310.91999999999985,743
2026-05-28T16:50:00+00:00,310.91999999999985,311.1899999999998,310.8799999999998,310.99999999999983,737
2026-05-28T16:55:00+00:00,310.99999999999983,311.57999999999987,310.98999999999984,311.45999999999987,837
2026-05-28T17:00:00+00:00,311.45999999999987,312.21999999999986,311.4399999999998,312.20999999999987,1004
2026-05-28T17:05:00+00:00,312.20999999999987,312.53999999999985,311.96999999999986,311.96999999999986,959
2026-05-28T17:10:00+00:00,311.96999999999986,312.15999999999985,311.71999999999986,311.74999999999983,732
2026-05-28T17:15:00+00:00,311.74999999999983,311.89999999999986,311.52999999999986,311.86999999999983,679
2026-05-28T17:20:00+00:00,311.86999999999983,311.98999999999984,311.78999999999985,311.8199999999998,509
2026-05-28T17:25:00+00:00,311.8199999999998,311.9399999999998,311.57999999999987,311.71999999999986,497
2026-05-28T17:30:00+00:00,311.71999999999986,311.8199999999998,311.57999999999987,311.58999999999986,799
2026-05-28T17:35:00+00:00,311.58999999999986,311.8899999999999,311.57999999999987,311.72999999999985,699
2026-05-28T17:40:00+00:00,311.72999999999985,311.8899999999999,311.52999999999986,311.53999999999985,606
2026-05-28T17:45:00+00:00,311.53999999999985,311.64999999999986,311.3899999999999,311.52999999999986,646
2026-05-28T17:50:00+00:00,311.52999999999986,311.60999999999984,311.01999999999987,311.10999999999984,756
2026-05-28T17:55:00+00:00,311.10999999999984,311.40999999999985,311.07999999999987,311.30999999999983,580
2026-05-28T18:00:00+00:00,311.30999999999983,311.45999999999987,311.11999999999983,311.33999999999986,578
2026-05-28T18:05:00+00:00,311.33999999999986,311.6299999999998,311.32999999999987,311.42999999999984,462
2026-05-28T18:10:00+00:00,311.42999999999984,311.73999999999984,311.3199999999998,311.61999999999983,660
2026-05-28T18:15:00+00:00,311.61999999999983,311.67999999999984,311.36999999999983,311.4399999999998,679
2026-05-28T18:20:00+00:00,311.4399999999998,311.6299999999998,311.4399999999998,311.57999999999987,366
2026-05-28T18:25:00+00:00,311.57999999999987,311.91999999999985,311.41999999999985,311.6999999999999,524
2026-05-28T18:30:00+00:00,311.6999999999999,312.27999999999986,311.66999999999985,312.17999999999984,734
2026-05-28T18:35:00+00:00,312.17999999999984,312.1999999999999,311.72999999999985,311.91999999999985,898
2026-05-28T18:40:00+00:00,311.91999999999985,312.1899999999998,311.80999999999983,311.82999999999987,684
2026-05-28T18:45:00+00:00,311.82999999999987,312.09999999999985,311.73999999999984,311.95999999999987,658
2026-05-28T18:50:00+00:00,311.95999999999987,312.03999999999985,311.8199999999998,311.8899999999999,527
2026-05-28T18:55:00+00:00,311.8899999999999,312.03999999999985,311.74999999999983,311.76999999999987,656
2026-05-28T19:00:00+00:00,311.76999999999987,311.78999999999985,311.48999999999984,311.64999999999986,686
2026-05-28T19:05:00+00:00,311.64999999999986,311.74999999999983,311.29999999999984,311.33999999999986,597
2026-05-28T19:10:00+00:00,311.33999999999986,311.55999999999983,311.1399999999999,311.47999999999985,463
2026-05-28T19:15:00+00:00,311.47999999999985,311.85999999999984,311.41999999999985,311.72999999999985,567
2026-05-28T19:20:00+00:00,311.72999999999985,312.24999999999983,311.55999999999983,312.15999999999985,586
2026-05-28T19:25:00+00:00,312.15999999999985,312.23999999999984,311.91999999999985,312.22999999999985,470
2026-05-28T19:30:00+00:00,312.22999999999985,312.29999999999984,311.8799999999998,312.08999999999986,539
2026-05-28T19:35:00+00:00,312.08999999999986,312.47999999999985,312.0099999999999,312.32999999999987,421
2026-05-28T19:40:00+00:00,312.32999999999987,312.40999999999985,312.1399999999999,312.1999999999999,453
2026-05-28T19:45:00+00:00,312.1999999999999,312.51999999999987,312.1399999999999,312.36999999999983,601
2026-05-28T19:50:00+00:00,312.36999999999983,313.15999999999985,312.26999999999987,313.05999999999983,976
2026-05-28T19:55:00+00:00,313.05999999999983,313.48999999999984,313.05999999999983,313.42999999999984,1138
2026-05-29T13:30:00+00:00,313.42999999999984,315.86999999999983,312.51999999999987,315.17999999999984,1900
2026-05-29T13:35:00+00:00,315.17999999999984,315.58999999999986,314.5099999999999,315.05999999999983,1978
2026-05-29T13:40:00+00:00,315.05999999999983,315.8899999999999,314.59999999999985,314.84999999999985,1721
2026-05-29T13:45:00+00:00,314.84999999999985,315.05999999999983,313.76999999999987,314.23999999999984,1711
2026-05-29T13:50:00+00:00,314.23999999999984,314.47999999999985,313.9499999999999,314.20999999999987,1842
2026-05-29T13:55:00+00:00,314.20999999999987,314.4499999999999,314.08999999999986,314.32999999999987,2008
2026-05-29T14:00:00+00:00,314.32999999999987,314.6399999999999,314.08999999999986,314.32999999999987,1677
2026-05-29T14:05:00+00:00,314.32999999999987,314.3899999999999,313.71999999999986,313.85999999999984,1508
2026-05-29T14:10:00+00:00,313.85999999999984,314.3199999999998,313.79999999999984,314.17999999999984,1388
2026-05-29T14:15:00+00:00,314.17999999999984,314.27999999999986,313.71999999999986,313.92999999999984,1457
2026-05-29T14:20:00+00:00,313.92999999999984,314.49999999999983,313.78999999999985,314.24999999999983,1379
2026-05-29T14:25:00+00:00,314.24999999999983,314.79999999999984,314.17999999999984,314.53999999999985,1608
2026-05-29T14:30:00+00:00,314.53999999999985,314.95999999999987,314.35999999999984,314.71999999999986,1554
2026-05-29T14:35:00+00:00,314.71999999999986,314.8899999999999,314.1899999999998,314.28999999999985,1534
2026-05-29T14:40:00+00:00,314.28999999999985,314.6399999999999,313.8199999999998,313.85999999999984,1739
2026-05-29T14:45:00+00:00,313.85999999999984,313.86999999999983,313.03999999999985,313.1399999999999,1375
2026-05-29T14:50:00+00:00,313.1399999999999,313.40999999999985,312.72999999999985,312.86999999999983,1748
2026-05-29T14:55:00+00:00,312.86999999999983,313.04999999999984,312.04999999999984,312.29999999999984,1436.3215113899878
2026-05-29T15:00:00+00:00,312.29999999999984,312.3999999999998,311.53999999999985,311.5899999999998,1320
2026-05-29T15:05:00+00:00,311.5899999999998,311.8999999999998,311.3399999999998,311.80999999999983,1429
2026-05-29T15:10:00+00:00,311.80999999999983,311.8899999999998,311.3399999999998,311.72999999999985,1367
2026-05-29T15:15:00+00:00,311.72999999999985,312.66999999999985,311.72999999999985,312.5099999999998,1210
2026-05-29T15:20:00+00:00,312.5099999999998,312.67999999999984,312.34999999999985,312.4599999999998,1250
2026-05-29T15:25:00+00:00,312.4599999999998,312.9499999999998,312.16999999999985,312.55999999999983,1136
2026-05-29T15:30:00+00:00,312.55999999999983,312.85999999999984,312.53999999999985,312.71999999999986,1030
2026-05-29T15:35:00+00:00,312.71999999999986,312.9499999999998,312.52999999999986,312.6299999999998,949
2026-05-29T15:40:00+00:00,312.6299999999998,312.92999999999984,312.1499999999998,312.2099999999998,1089
2026-05-29T15:45:00+00:00,312.2099999999998,312.29999999999984,311.8999999999998,312.1299999999998,1042
2026-05-29T15:50:00+00:00,312.1299999999998,312.17999999999984,311.84999999999985,311.92999999999984,952
2026-05-29T15:55:00+00:00,311.92999999999984,312.15999999999985,311.5199999999998,311.53999999999985,815
2026-05-29T16:00:00+00:00,311.53999999999985,312.21999999999986,311.3799999999998,312.03999999999985,1313
2026-05-29T16:05:00+00:00,312.03999999999985,312.1299999999998,311.8899999999998,312.0099999999998,586
2026-05-29T16:10:00+00:00,312.0099999999998,312.29999999999984,311.9599999999998,312.0799999999998,780
2026-05-29T16:15:00+00:00,312.0799999999998,312.16999999999985,311.8299999999998,312.02999999999986,798
2026-05-29T16:20:00+00:00,312.02999999999986,312.41999999999985,311.9399999999998,312.0699999999998,772
2026-05-29T16:25:00+00:00,312.0699999999998,312.21999999999986,311.7599999999998,312.05999999999983,762
2026-05-29T16:30:00+00:00,312.05999999999983,312.5199999999998,311.96999999999986,312.40999999999985,738
2026-05-29T16:35:00+00:00,312.40999999999985,312.5899999999998,312.28999999999985,312.5699999999998,571
2026-05-29T16:40:00+00:00,312.5699999999998,312.6299999999998,312.28999999999985,312.3199999999998,515
2026-05-29T16:45:00+00:00,312.3199999999998,312.35999999999984,312.0799999999998,312.1999999999998,516
2026-05-29T16:50:00+00:00,312.1999999999998,312.24999999999983,311.8999999999998,311.9599999999998,487
2026-05-29T16:55:00+00:00,311.9599999999998,312.0899999999998,311.7699999999998,311.9599999999998,534
2026-05-29T17:00:00+00:00,311.9599999999998,312.03999999999985,311.5799999999998,311.5799999999998,523
2026-05-29T17:05:00+00:00,311.5799999999998,311.74999999999983,311.49999999999983,311.55999999999983,509
2026-05-29T17:10:00+00:00,311.55999999999983,311.66999999999985,311.34999999999985,311.6499999999998,443
2026-05-29T17:15:00+00:00,311.6499999999998,311.6899999999998,311.24999999999983,311.30999999999983,559
2026-05-29T17:20:00+00:00,311.30999999999983,311.49999999999983,311.1299999999998,311.36999999999983,808
2026-05-29T17:25:00+00:00,311.36999999999983,311.49999999999983,311.2099999999998,311.34999999999985,620
2026-05-29T17:30:00+00:00,311.34999999999985,311.42999999999984,310.98999999999984,311.0899999999998,745
2026-05-29T17:35:00+00:00,311.0899999999998,311.17999999999984,310.8199999999998,310.8999999999998,645
2026-05-29T17:40:00+00:00,310.8999999999998,311.11999999999983,310.8299999999998,310.9599999999998,695
2026-05-29T17:45:00+00:00,310.9599999999998,311.05999999999983,310.7599999999998,310.7699999999998,584
2026-05-29T17:50:00+00:00,310.7699999999998,310.98999999999984,310.6899999999998,310.7699999999998,558
2026-05-29T17:55:00+00:00,310.7699999999998,310.8799999999998,310.4499999999998,310.48999999999984,608
2026-05-29T18:00:00+00:00,310.48999999999984,310.98999999999984,310.4499999999998,310.72999999999985,855
2026-05-29T18:05:00+00:00,310.72999999999985,311.1899999999998,310.6899999999998,311.10999999999984,842
2026-05-29T18:10:00+00:00,311.10999999999984,311.1999999999998,310.8799999999998,311.0099999999998,765
2026-05-29T18:15:00+00:00,311.0099999999998,311.2099999999998,310.9599999999998,311.2099999999998,528
2026-05-29T18:20:00+00:00,311.2099999999998,311.22999999999985,310.98999999999984,311.04999999999984,547
2026-05-29T18:25:00+00:00,311.04999999999984,311.28999999999985,310.98999999999984,311.15999999999985,644
2026-05-29T18:30:00+00:00,311.15999999999985,311.5799999999998,311.1399999999998,311.49999999999983,553
2026-05-29T18:35:00+00:00,311.49999999999983,311.61999999999983,311.27999999999986,311.34999999999985,735
2026-05-29T18:40:00+00:00,311.34999999999985,311.5899999999998,311.2699999999998,311.5099999999998,583
2026-05-29T18:45:00+00:00,311.5099999999998,311.52999999999986,311.10999999999984,311.36999999999983,944
2026-05-29T18:50:00+00:00,311.36999999999983,311.48999999999984,311.24999999999983,311.4499999999998,660
2026-05-29T18:55:00+00:00,311.4499999999998,311.7099999999998,311.40999999999985,311.47999999999985,541
2026-05-29T19:00:00+00:00,311.47999999999985,312.02999999999986,311.4399999999998,311.9399999999998,615
2026-05-29T19:05:00+00:00,311.9399999999998,312.3799999999998,311.9399999999998,312.1499999999998,544
2026-05-29T19:10:00+00:00,312.1499999999998,312.5799999999998,312.05999999999983,312.49999999999983,654
2026-05-29T19:15:00+00:00,312.49999999999983,312.5199999999998,312.11999999999983,312.16999999999985,753
2026-05-29T19:20:00+00:00,312.16999999999985,312.41999999999985,311.8299999999998,312.3199999999998,829
2026-05-29T19:25:00+00:00,312.3199999999998,312.5799999999998,312.2099999999998,312.36999999999983,572
2026-05-29T19:30:00+00:00,312.36999999999983,312.67999999999984,312.22999999999985,312.6299999999998,692
2026-05-29T19:35:00+00:00,312.6299999999998,312.92999999999984,312.4499999999998,312.79999999999984,595
2026-05-29T19:40:00+00:00,312.79999999999984,312.84999999999985,312.5799999999998,312.67999999999984,763
2026-05-29T19:45:00+00:00,312.67999999999984,312.8299999999998,312.46999999999986,312.66999999999985,645
2026-05-29T19:50:00+00:00,312.66999999999985,313.96999999999986,312.61999999999983,313.72999999999985,1390
2026-05-29T19:55:00+00:00,313.72999999999985,313.72999999999985,312.6399999999998,312.98999999999984,1151
2026-06-01T13:30:00+00:00,312.98999999999984,312.98999999999984,309.4399999999998,310.90999999999985,1805
2026-06-01T13:35:00+00:00,310.90999999999985,311.84999999999985,310.48999999999984,310.7599999999998,1554
2026-06-01T13:40:00+00:00,310.7599999999998,311.02999999999986,310.05999999999983,310.3799999999998,1192
2026-06-01T13:45:00+00:00,310.3799999999998,311.1999999999998,310.16999999999985,311.03999999999985,1309
2026-06-01T13:50:00+00:00,311.03999999999985,311.48999999999984,310.22999999999985,310.27999999999986,1204
2026-06-01T13:55:00+00:00,310.27999999999986,311.27999999999986,310.05999999999983,310.9399999999998,1355
2026-06-01T14:00:00+00:00,310.9399999999998,311.16999999999985,310.04999999999984,310.10999999999984,1271
2026-06-01T14:05:00+00:00,310.10999999999984,311.04999999999984,310.04999999999984,310.71999999999986,1420
2026-06-01T14:10:00+00:00,310.71999999999986,310.74999999999983,310.11999999999983,310.5799999999998,1169
2026-06-01T14:15:00+00:00,310.5799999999998,311.05999999999983,310.4499999999998,310.55999999999983,1427
2026-06-01T14:20:00+00:00,310.55999999999983,310.8799999999998,309.8799999999998,309.8899999999998,1165
2026-06-01T14:25:00+00:00,309.8899999999998,309.92999999999984,308.72999999999985,308.73999999999984,914
2026-06-01T14:30:00+00:00,308.73999999999984,309.3899999999998,308.49999999999983,308.53999999999985,1264
2026-06-01T14:35:00+00:00,308.53999999999985,309.0099999999998,308.4499999999998,308.5199999999998,1052
2026-06-01T14:40:00+00:00,308.5199999999998,308.7699999999998,308.27999999999986,308.6999999999998,1128
2026-06-01T14:45:00+00:00,308.6999999999998,308.7599999999998,307.53999999999985,307.7099999999998,1247
2026-06-01T14:50:00+00:00,307.7099999999998,307.8799999999998,307.48999999999984,307.7699999999998,1623
2026-06-01T14:55:00+00:00,307.7699999999998,308.0799999999998,307.48999999999984,307.8399999999998,1124
2026-06-01T15:00:00+00:00,307.8399999999998,308.34999999999985,307.80999999999983,308.17999999999984,839
2026-06-01T15:05:00+00:00,308.17999999999984,308.4599999999998,307.8299999999998,307.8899999999998,949
2026-06-01T15:10:00+00:00,307.8899999999998,307.90999999999985,307.24999999999983,307.66999999999985,1121
2026-06-01T15:15:00+00:00,307.66999999999985,308.0099999999998,307.4399999999998,307.54999999999984,955
2026-06-01T15:20:00+00:00,307.54999999999984,307.66999999999985,307.3999999999998,307.46999999999986,768
2026-06-01T15:25:00+00:00,307.46999999999986,307.67999999999984,307.3899999999998,307.47999999999985,701
2026-06-01T15:30:00+00:00,307.47999999999985,308.0899999999998,307.4399999999998,307.92999999999984,1492
2026-06-01T15:35:00+00:00,307.92999999999984,308.11999999999983,307.7099999999998,307.84999999999985,1268
2026-06-01T15:40:00+00:00,307.84999999999985,308.1899999999998,307.6399999999998,307.74999999999983,944
2026-06-01T15:45:00+00:00,307.74999999999983,307.96999999999986,307.3999999999998,307.5699999999998,973
2026-06-01T15:50:00+00:00,307.5699999999998,307.74999999999983,307.3899999999998,307.6899999999998,642
2026-06-01T15:55:00+00:00,307.6899999999998,307.9399999999998,307.67999999999984,307.7599999999998,671
2026-06-01T16:00:00+00:00,307.7599999999998,307.8799999999998,307.71999999999986,307.74999999999983,759
2026-06-01T16:05:00+00:00,307.74999999999983,307.80999999999983,307.53999999999985,307.73999999999984,777
2026-06-01T16:10:00+00:00,307.73999999999984,307.73999999999984,306.99999999999983,306.99999999999983,955
2026-06-01T16:15:00+00:00,306.99999999999983,307.05999999999983,306.6399999999998,306.85999999999984,1052
2026-06-01T16:20:00+00:00,306.85999999999984,306.9599999999998,306.54999999999984,306.7099999999998,710
2026-06-01T16:25:00+00:00,306.7099999999998,306.72999999999985,306.3999999999998,306.65999999999985,887
2026-06-01T16:30:00+00:00,306.65999999999985,307.11999999999983,306.5899999999998,306.90999999999985,756
2026-06-01T16:35:00+00:00,306.90999999999985,306.9599999999998,306.6899999999998,306.73999999999984,609
2026-06-01T16:40:00+00:00,306.73999999999984,307.0699999999998,306.71999999999986,306.9399999999998,572
2026-06-01T16:45:00+00:00,306.9399999999998,307.05999999999983,306.8199999999998,306.98999999999984,600
2026-06-01T16:50:00+00:00,306.98999999999984,307.3199999999998,306.8799999999998,307.16999999999985,841
2026-06-01T16:55:00+00:00,307.16999999999985,307.4599999999998,306.9399999999998,307.1399999999998,764
2026-06-01T17:00:00+00:00,307.1399999999998,307.16999999999985,306.35999999999984,306.61999999999983,995
2026-06-01T17:05:00+00:00,306.61999999999983,306.67999999999984,305.96999999999986,306.03999999999985,801
2026-06-01T17:10:00+00:00,306.03999999999985,306.6999999999998,306.02999999999986,306.6499999999998,671
2026-06-01T17:15:00+00:00,306.6499999999998,306.66999999999985,306.16999999999985,306.1899999999998,763
2026-06-01T17:20:00+00:00,306.1899999999998,306.5899999999998,306.15999999999985,306.54999999999984,774
2026-06-01T17:25:00+00:00,306.54999999999984,307.4399999999998,306.53999999999985,307.34999999999985,924
2026-06-01T17:30:00+00:00,307.34999999999985,307.55999999999983,307.23999999999984,307.4499999999998,1176
2026-06-01T17:35:00+00:00,307.4499999999998,308.0699999999998,307.35999999999984,307.9599999999998,1036
2026-06-01T17:40:00+00:00,307.9599999999998,308.9399999999998,307.86999999999983,308.67999999999984,1263
2026-06-01T17:45:00+00:00,308.67999999999984,308.84999999999985,308.4599999999998,308.77999999999986,1174
2026-06-01T17:50:00+00:00,308.77999999999986,309.3299999999998,308.7699999999998,309.02999999999986,1139
2026-06-01T17:55:00+00:00,309.02999999999986,309.0699999999998,308.6399999999998,308.65999999999985,1160
2026-06-01T18:00:00+00:00,308.65999999999985,308.74999999999983,308.4599999999998,308.59999999999985,584
2026-06-01T18:05:00+00:00,308.59999999999985,308.6999999999998,308.2699999999998,308.3999999999998,740
2026-06-01T18:10:00+00:00,308.3999999999998,308.54999999999984,308.2099999999998,308.3999999999998,797
2026-06-01T18:15:00+00:00,308.3999999999998,308.53999999999985,308.29999999999984,308.5099999999998,754
2026-06-01T18:20:00+00:00,308.5099999999998,308.6899999999998,308.35999999999984,308.67999999999984,435
2026-06-01T18:25:00+00:00,308.67999999999984,308.8899999999998,308.60999999999984,308.74999999999983,664
2026-06-01T18:30:00+00:00,308.74999999999983,309.23999999999984,308.6999999999998,308.78999999999985,1035
2026-06-01T18:35:00+00:00,308.78999999999985,308.8299999999998,308.53999999999985,308.5699999999998,635
2026-06-01T18:40:00+00:00,308.5699999999998,308.8799999999998,308.54999999999984,308.77999999999986,801
2026-06-01T18:45:00+00:00,308.77999999999986,308.90999999999985,308.52999999999986,308.73999999999984,1068
2026-06-01T18:50:00+00:00,308.73999999999984,308.74999999999983,308.23999999999984,308.5099999999998,779
2026-06-01T18:55:00+00:00,308.5099999999998,308.6899999999998,308.4399999999998,308.46999999999986,660
2026-06-01T19:00:00+00:00,308.46999999999986,308.72999999999985,308.36999999999983,308.55999999999983,869
2026-06-01T19:05:00+00:00,308.55999999999983,308.8799999999998,308.3899999999998,308.85999999999984,832
2026-06-01T19:10:00+00:00,308.85999999999984,308.98999999999984,308.47999999999985,308.47999999999985,862
2026-06-01T19:15:00+00:00,308.47999999999985,308.65999999999985,308.35999999999984,308.5799999999998,737
2026-06-01T19:20:00+00:00,308.5799999999998,308.90999999999985,308.52999999999986,308.73999999999984,742
2026-06-01T19:25:00+00:00,308.73999999999984,308.77999999999986,308.28999999999985,308.34999999999985,508
2026-06-01T19:30:00+00:00,308.34999999999985,308.72999999999985,308.2699999999998,308.66999999999985,769
2026-06-01T19:35:00+00:00,308.66999999999985,308.9599999999998,308.52999999999986,308.77999999999986,976
2026-06-01T19:40:00+00:00,308.77999999999986,308.79999999999984,308.4599999999998,308.59999999999985,641
2026-06-01T19:45:00+00:00,308.59999999999985,308.77999999999986,308.3399999999998,308.41999999999985,794
2026-06-01T19:50:00+00:00,308.41999999999985,308.48999999999984,307.0899999999998,307.2699999999998,1168
2026-06-01T19:55:00+00:00,307.2699999999998,307.3999999999998,306.73999999999984,307.2699999999998,1543
2026-06-02T13:30:00+00:00,307.2699999999998,310.74999999999983,307.2699999999998,310.54999999999984,1710
2026-06-02T13:35:00+00:00,310.54999999999984,310.6299999999998,309.0199999999998,309.42999999999984,2187
2026-06-02T13:40:00+00:00,309.42999999999984,310.1499999999998,309.22999999999985,309.98999999999984,1632
2026-06-02T13:45:00+00:00,309.98999999999984,310.2699999999998,309.23999999999984,309.8999999999998,1968
2026-06-02T13:50:00+00:00,309.8999999999998,310.04999999999984,309.15999999999985,309.8899999999998,1740
2026-06-02T13:55:00+00:00,309.8899999999998,310.27999999999986,309.86999999999983,309.96999999999986,1745
2026-06-02T14:00:00+00:00,309.96999999999986,310.1299999999998,309.49999999999983,309.7599999999998,1574
2026-06-02T14:05:00+00:00,309.7599999999998,310.03999999999985,309.4599999999998,309.74999999999983,1387
2026-06-02T14:10:00+00:00,309.74999999999983,310.28999999999985,309.4599999999998,309.5199999999998,1199
2026-06-02T14:15:00+00:00,309.5199999999998,310.27999999999986,309.5099999999998,310.2099999999998,1162
2026-06-02T14:20:00+00:00,310.2099999999998,310.9599999999998,310.1899999999998,310.5099999999998,1258
2026-06-02T14:25:00+00:00,310.5099999999998,311.3899999999998,310.4399999999998,311.28999999999985,1202
2026-06-02T14:30:00+00:00,311.28999999999985,311.3799999999998,310.79999999999984,311.1299999999998,1115
2026-06-02T14:35:00+00:00,311.1299999999998,311.23999999999984,310.9499999999998,311.11999999999983,852
2026-06-02T14:40:00+00:00,311.11999999999983,311.3199999999998,310.55999999999983,310.6999999999998,1110
2026-06-02T14:45:00+00:00,310.6999999999998,310.8299999999998,310.15999999999985,310.7699999999998,1043
2026-06-02T14:50:00+00:00,310.7699999999998,311.54999999999984,310.6899999999998,311.1499999999998,1078
2026-06-02T14:55:00+00:00,311.1499999999998,311.67999999999984,311.05999999999983,311.4599999999998,1098
2026-06-02T15:00:00+00:00,311.4599999999998,311.8199999999998,311.3199999999998,311.7099999999998,875
2026-06-02T15:05:00+00:00,311.7099999999998,313.02999999999986,311.6399999999998,312.8299999999998,905
2026-06-02T15:10:00+00:00,312.8299999999998,313.1899999999998,312.59999999999985,312.8899999999998,1064
2026-06-02T15:15:00+00:00,312.8899999999998,313.23999999999984,312.6299999999998,313.10999999999984,965
2026-06-02T15:20:00+00:00,313.10999999999984,313.84999999999985,313.05999999999983,313.80999999999983,1011
2026-06-02T15:25:00+00:00,313.80999999999983,313.8299999999998,313.34999999999985,313.6299999999998,887
2026-06-02T15:30:00+00:00,313.6299999999998,313.72999999999985,313.34999999999985,313.4399999999998,874
2026-06-02T15:35:00+00:00,313.4399999999998,313.8299999999998,313.2599999999998,313.65999999999985,969
2026-06-02T15:40:00+00:00,313.65999999999985,313.9599999999998,313.49999999999983,313.8199999999998,957
2026-06-02T15:45:00+00:00,313.8199999999998,313.8299999999998,313.3799999999998,313.6999999999998,742
2026-06-02T15:50:00+00:00,313.6999999999998,314.0899999999998,313.49999999999983,313.59999999999985,981
2026-06-02T15:55:00+00:00,313.59999999999985,313.84999999999985,313.2599999999998,313.35999999999984,922
2026-06-02T16:00:00+00:00,313.35999999999984,313.73999999999984,313.30999999999983,313.67999999999984,900
2026-06-02T16:05:00+00:00,313.67999999999984,313.78999999999985,313.30999999999983,313.42999999999984,762
2026-06-02T16:10:00+00:00,313.42999999999984,313.5099999999998,313.03999999999985,313.41999999999985,569
2026-06-02T16:15:00+00:00,313.41999999999985,313.49999999999983,313.03999999999985,313.11999999999983,567
2026-06-02T16:20:00+00:00,313.11999999999983,313.27999999999986,312.9499999999998,313.23999999999984,791
2026-06-02T16:25:00+00:00,313.23999999999984,313.41999999999985,312.97999999999985,313.41999999999985,708
2026-06-02T16:30:00+00:00,313.41999999999985,313.46999999999986,313.1299999999998,313.1399999999998,787
2026-06-02T16:35:00+00:00,313.1399999999998,313.1999999999998,312.8299999999998,313.10999999999984,579
2026-06-02T16:40:00+00:00,313.10999999999984,313.35999999999984,312.9399999999998,313.0199999999998,581
2026-06-02T16:45:00+00:00,313.0199999999998,313.73999999999984,312.96999999999986,313.6299999999998,715
2026-06-02T16:50:00+00:00,313.6299999999998,314.46999999999986,313.54999999999984,314.3899999999998,822
2026-06-02T16:55:00+00:00,314.3899999999998,315.3799999999998,314.3399999999998,315.23999999999984,792
2026-06-02T17:00:00+00:00,315.23999999999984,315.8799999999998,315.2099999999998,315.6899999999998,931
2026-06-02T17:05:00+00:00,315.6899999999998,315.8799999999998,315.3999999999998,315.77999999999986,1066
2026-06-02T17:10:00+00:00,315.77999999999986,315.92999999999984,315.28999999999985,315.8999999999998,676
2026-06-02T17:15:00+00:00,315.8999999999998,315.9499999999998,315.0199999999998,315.3799999999998,1041
2026-06-02T17:20:00+00:00,315.3799999999998,315.6999999999998,315.24999999999983,315.46999999999986,863
2026-06-02T17:25:00+00:00,315.46999999999986,315.67999999999984,315.2599999999998,315.54999999999984,768
2026-06-02T17:30:00+00:00,315.54999999999984,315.66999999999985,315.29999999999984,315.3299999999998,702
2026-06-02T17:35:00+00:00,315.3299999999998,315.72999999999985,315.2599999999998,315.7099999999998,779
2026-06-02T17:40:00+00:00,315.7099999999998,316.21999999999986,315.5699999999998,315.7099999999998,699
2026-06-02T17:45:00+00:00,315.7099999999998,316.3799999999998,315.6999999999998,315.98999999999984,720
2026-06-02T17:50:00+00:00,315.98999999999984,316.04999999999984,315.77999999999986,315.9499999999998,818
2026-06-02T17:55:00+00:00,315.9499999999998,315.9499999999998,315.36999999999983,315.65999999999985,638
2026-06-02T18:00:00+00:00,315.65999999999985,315.78999999999985,315.53999999999985,315.6999999999998,556
2026-06-02T18:05:00+00:00,315.6999999999998,315.85999999999984,315.52999999999986,315.5899999999998,553
2026-06-02T18:10:00+00:00,315.5899999999998,315.7099999999998,315.2699999999998,315.27999999999986,484
2026-06-02T18:15:00+00:00,315.27999999999986,315.27999999999986,314.86999999999983,314.9499999999998,603
2026-06-02T18:20:00+00:00,314.9499999999998,314.99999999999983,314.74999999999983,314.8899999999998,491
2026-06-02T18:25:00+00:00,314.8899999999998,315.1999999999998,314.6399999999998,315.15999999999985,563
2026-06-02T18:30:00+00:00,315.15999999999985,315.34999999999985,315.09999999999985,315.1999999999998,510
2026-06-02T18:35:00+00:00,315.1999999999998,315.4399999999998,315.09999999999985,315.23999999999984,545
2026-06-02T18:40:00+00:00,315.23999999999984,315.41999999999985,315.1399999999998,315.30999999999983,464
2026-06-02T18:45:00+00:00,315.30999999999983,315.46999999999986,315.15999999999985,315.4599999999998,532
2026-06-02T18:50:00+00:00,315.4599999999998,315.5799999999998,315.3299999999998,315.40999999999985,380
2026-06-02T18:55:00+00:00,315.40999999999985,315.80999999999983,315.3999999999998,315.5799999999998,470
2026-06-02T19:00:00+00:00,315.5799999999998,316.15999999999985,315.5799999999998,316.10999999999984,445
2026-06-02T19:05:00+00:00,316.10999999999984,316.15999999999985,315.8199999999998,315.8399999999998,504
2026-06-02T19:10:00+00:00,315.8399999999998,316.0699999999998,315.59999999999985,315.61999999999983,430
2026-06-02T19:15:00+00:00,315.61999999999983,315.90999999999985,315.5799999999998,315.8899999999998,460
2026-06-02T19:20:00+00:00,315.8899999999998,315.98999999999984,315.6899999999998,315.73999999999984,458
2026-06-02T19:25:00+00:00,315.73999999999984,315.8199999999998,315.5799999999998,315.6999999999998,492
2026-06-02T19:30:00+00:00,315.6999999999998,315.96999999999986,315.65999999999985,315.79999999999984,525
2026-06-02T19:35:00+00:00,315.79999999999984,315.85999999999984,315.67999999999984,315.8299999999998,626
2026-06-02T19:40:00+00:00,315.8299999999998,316.05999999999983,315.77999999999986,315.8999999999998,464
2026-06-02T19:45:00+00:00,315.8999999999998,316.0199999999998,315.5199999999998,315.5799999999998,655
2026-06-02T19:50:00+00:00,315.5799999999998,315.8299999999998,314.9499999999998,315.7599999999998,1047
2026-06-02T19:55:00+00:00,315.7599999999998,316.3799999999998,315.60999999999984,316.1999999999998,1412
2026-06-03T13:30:00+00:00,316.1999999999998,317.5099999999998,314.90999999999985,317.0099999999998,1296
2026-06-03T13:35:00+00:00,317.0099999999998,317.5899999999998,316.6399999999998,317.1899999999998,1486
2026-06-03T13:40:00+00:00,317.1899999999998,317.84999999999985,316.99999999999983,317.4599999999998,1619
2026-06-03T13:45:00+00:00,317.4599999999998,317.66999999999985,316.59999999999985,317.16999999999985,2130
2026-06-03T13:50:00+00:00,317.16999999999985,317.36999999999983,316.3999999999998,316.3999999999998,1391
2026-06-03T13:55:00+00:00,316.3999999999998,317.0199999999998,315.73999999999984,315.7699999999998,1249
2026-06-03T14:00:00+00:00,315.7699999999998,316.29999999999984,315.10999999999984,316.23999999999984,1448
2026-06-03T14:05:00+00:00,316.23999999999984,316.54999999999984,315.73999999999984,316.1499999999998,1164
2026-06-03T14:10:00+00:00,316.1499999999998,316.8799999999998,316.1299999999998,316.6999999999998,1001
2026-06-03T14:15:00+00:00,316.6999999999998,316.84999999999985,316.3299999999998,316.4399999999998,1065
2026-06-03T14:20:00+00:00,316.4399999999998,316.48999999999984,315.53999999999985,315.5699999999998,986
2026-06-03T14:25:00+00:00,315.5699999999998,315.6899999999998,315.1499999999998,315.24999999999983,740
2026-06-03T14:30:00+00:00,315.24999999999983,315.55999999999983,314.7699999999998,314.79999999999984,911
2026-06-03T14:35:00+00:00,314.79999999999984,315.0099999999998,314.22999999999985,314.28999999999985,796
2026-06-03T14:40:00+00:00,314.28999999999985,314.5899999999998,313.9499999999998,313.9599999999998,752
2026-06-03T14:45:00+00:00,313.9599999999998,314.0099999999998,313.0699999999998,313.2599999999998,873
2026-06-03T14:50:00+00:00,313.2599999999998,313.42999999999984,312.77999999999986,312.78999999999985,864
2026-06-03T14:55:00+00:00,312.78999999999985,312.90999999999985,312.02999999999986,312.41999999999985,869.9311899627525
2026-06-03T15:00:00+00:00,312.41999999999985,312.8399999999998,312.03999999999985,312.1499999999998,914
2026-06-03T15:05:00+00:00,312.1499999999998,312.6399999999998,312.11999999999983,312.15999999999985,806
2026-06-03T15:10:00+00:00,312.15999999999985,312.2599999999998,311.29999999999984,311.54999999999984,903
2026-06-03T15:15:00+00:00,311.54999999999984,312.1499999999998,311.23999999999984,312.0799999999998,1015
2026-06-03T15:20:00+00:00,312.0799999999998,312.40999999999985,311.85999999999984,311.8799999999998,741
2026-06-03T15:25:00+00:00,311.8799999999998,312.77999999999986,311.77999999999986,312.5799999999998,1039
2026-06-03T15:30:00+00:00,312.5799999999998,313.10999999999984,312.36999999999983,312.3899999999998,756
2026-06-03T15:35:00+00:00,312.3899999999998,312.49999999999983,312.05999999999983,312.3299999999998,762
2026-06-03T15:40:00+00:00,312.3299999999998,312.66999999999985,312.1499999999998,312.4399999999998,866
2026-06-03T15:45:00+00:00,312.4399999999998,312.52999999999986,312.15999999999985,312.24999999999983,862
2026-06-03T15:50:00+00:00,312.24999999999983,312.5699999999998,312.2099999999998,312.3999999999998,581
2026-06-03T15:55:00+00:00,312.3999999999998,312.61999999999983,312.24999999999983,312.40999999999985,476
2026-06-03T16:00:00+00:00,312.40999999999985,312.73999999999984,312.27999999999986,312.73999999999984,564
2026-06-03T16:05:00+00:00,312.73999999999984,312.73999999999984,311.85999999999984,312.04999999999984,611
2026-06-03T16:10:00+00:00,312.04999999999984,312.29999999999984,311.84999999999985,312.21999999999986,504
2026-06-03T16:15:00+00:00,312.21999999999986,312.24999999999983,311.71999999999986,311.8999999999998,780
2026-06-03T16:20:00+00:00,311.8999999999998,311.9599999999998,311.03999999999985,311.21999999999986,807
2026-06-03T16:25:00+00:00,311.21999999999986,311.28999999999985,310.4399999999998,310.6999999999998,1034
2026-06-03T16:30:00+00:00,310.6999999999998,311.0099999999998,310.23999999999984,310.92999999999984,803
2026-06-03T16:35:00+00:00,310.92999999999984,310.9599999999998,310.47999999999985,310.6299999999998,719
2026-06-03T16:40:00+00:00,310.6299999999998,310.8799999999998,310.46999999999986,310.8399999999998,679
2026-06-03T16:45:00+00:00,310.8399999999998,311.0699999999998,310.6399999999998,310.8199999999998,710
2026-06-03T16:50:00+00:00,310.8199999999998,311.1299999999998,310.6899999999998,310.99999999999983,626
2026-06-03T16:55:00+00:00,310.99999999999983,311.3799999999998,310.8999999999998,311.17999999999984,581
2026-06-03T17:00:00+00:00,311.17999999999984,311.22999999999985,310.7599999999998,310.85999999999984,545
2026-06-03T17:05:00+00:00,310.85999999999984,311.1999999999998,310.71999999999986,310.8199999999998,721
2026-06-03T17:10:00+00:00,310.8199999999998,310.84999999999985,310.0699999999998,310.15999999999985,620
2026-06-03T17:15:00+00:00,310.15999999999985,310.29999999999984,309.7699999999998,309.84999999999985,682
2026-06-03T17:20:00+00:00,309.84999999999985,310.2699999999998,309.8399999999998,310.0699999999998,638
2026-06-03T17:25:00+00:00,310.0699999999998,310.2099999999998,309.86999999999983,310.09999999999985,582
2026-06-03T17:30:00+00:00,310.09999999999985,310.3999999999998,309.90999999999985,310.29999999999984,517
2026-06-03T17:35:00+00:00,310.29999999999984,310.59999999999985,310.23999999999984,310.30999999999983,493
2026-06-03T17:40:00+00:00,310.30999999999983,310.6299999999998,310.30999999999983,310.36999999999983,393
2026-06-03T17:45:00+00:00,310.36999999999983,310.42999999999984,310.15999999999985,310.2599999999998,441
2026-06-03T17:50:00+00:00,310.2599999999998,310.47999999999985,310.22999999999985,310.47999999999985,473
2026-06-03T17:55:00+00:00,310.47999999999985,310.5099999999998,310.23999999999984,310.2599999999998,385
2026-06-03T18:00:00+00:00,310.2599999999998,310.42999999999984,310.1899999999998,310.21999999999986,427
2026-06-03T18:05:00+00:00,310.21999999999986,310.23999999999984,309.9499999999998,310.0099999999998,444
2026-06-03T18:10:00+00:00,310.0099999999998,310.6399999999998,309.98999999999984,310.2099999999998,633
2026-06-03T18:15:00+00:00,310.2099999999998,310.55999999999983,310.17999999999984,310.53999999999985,429
2026-06-03T18:20:00+00:00,310.53999999999985,310.60999999999984,310.2699999999998,310.5099999999998,549
2026-06-03T18:25:00+00:00,310.5099999999998,310.91999999999985,310.5099999999998,310.73999999999984,411
2026-06-03T18:30:00+00:00,310.73999999999984,310.8799999999998,310.1999999999998,310.3199999999998,433
2026-06-03T18:35:00+00:00,310.3199999999998,310.5899999999998,310.23999999999984,310.34999999999985,496
2026-06-03T18:40:00+00:00,310.34999999999985,310.67999999999984,310.2599999999998,310.5199999999998,428
2026-06-03T18:45:00+00:00,310.5199999999998,310.6399999999998,310.4399999999998,310.5799999999998,326
2026-06-03T18:50:00+00:00,310.5799999999998,310.7599999999998,310.53999999999985,310.6399999999998,369
2026-06-03T18:55:00+00:00,310.6399999999998,310.8399999999998,310.61999999999983,310.74999999999983,385
2026-06-03T19:00:00+00:00,310.74999999999983,310.92999999999984,310.6899999999998,310.77999999999986,467
2026-06-03T19:05:00+00:00,310.77999999999986,310.8899999999998,310.59999999999985,310.67999999999984,374
2026-06-03T19:10:00+00:00,310.67999999999984,310.8299999999998,310.40999999999985,310.78999999999985,443
2026-06-03T19:15:00+00:00,310.78999999999985,311.1299999999998,310.7099999999998,311.0199999999998,462
2026-06-03T19:20:00+00:00,311.0199999999998,311.1999999999998,310.85999999999984,310.99999999999983,513
2026-06-03T19:25:00+00:00,310.99999999999983,311.47999999999985,310.98999999999984,311.34999999999985,433
2026-06-03T19:30:00+00:00,311.34999999999985,311.79999999999984,311.28999999999985,311.52999999999986,495
2026-06-03T19:35:00+00:00,311.52999999999986,311.9399999999998,311.47999999999985,311.8799999999998,454
2026-06-03T19:40:00+00:00,311.8799999999998,312.02999999999986,311.78999999999985,311.85999999999984,433
2026-06-03T19:45:00+00:00,311.85999999999984,311.92999999999984,311.4499999999998,311.8399999999998,621
2026-06-03T19:50:00+00:00,311.8399999999998,311.8799999999998,310.3899999999998,310.5099999999998,1217
2026-06-03T19:55:00+00:00,310.5099999999998,311.46999999999986,310.4599999999998,311.34999999999985,2176
2026-06-04T13:30:00+00:00,311.34999999999985,314.1399999999998,311.34999999999985,311.67999999999984,2111
2026-06-04T13:35:00+00:00,311.67999999999984,312.6899999999998,311.3399999999998,312.4599999999998,2019
2026-06-04T13:40:00+00:00,312.4599999999998,313.3299999999998,312.30999999999983,312.77999999999986,1889
2026-06-04T13:45:00+00:00,312.77999999999986,313.21999999999986,311.71999999999986,312.9599999999998,2339
2026-06-04T13:50:00+00:00,312.9599999999998,313.3999999999998,312.4599999999998,312.6999999999998,1786
2026-06-04T13:55:00+00:00,312.6999999999998,313.29999999999984,312.59999999999985,313.1999999999998,1966
2026-06-04T14:00:00+00:00,313.1999999999998,313.29999999999984,312.5799999999998,312.7699999999998,1823
2026-06-04T14:05:00+00:00,312.7699999999998,312.8299999999998,311.8199999999998,312.17999999999984,2110
2026-06-04T14:10:00+00:00,312.17999999999984,312.6399999999998,311.73999999999984,312.2599999999998,1911
2026-06-04T14:15:00+00:00,312.2599999999998,312.78999999999985,311.85999999999984,311.9599999999998,1596
2026-06-04T14:20:00+00:00,311.9599999999998,312.36999999999983,311.5799999999998,311.90999999999985,1366
2026-06-04T14:25:00+00:00,311.90999999999985,311.9499999999998,310.85999999999984,311.15999999999985,1216
2026-06-04T14:30:00+00:00,311.15999999999985,311.77999999999986,310.9399999999998,311.7099999999998,1389
2026-06-04T14:35:00+00:00,311.7099999999998,311.7699999999998,311.03999999999985,311.0799999999998,1072
2026-06-04T14:40:00+00:00,311.0799999999998,311.40999999999985,311.0799999999998,311.36999999999983,962
2026-06-04T14:45:00+00:00,311.36999999999983,311.67999999999984,310.8399999999998,311.0099999999998,1090
2026-06-04T14:50:00+00:00,311.0099999999998,311.2699999999998,310.72999999999985,310.85999999999984,1051
2026-06-04T14:55:00+00:00,310.85999999999984,311.3899999999998,310.85999999999984,311.36999999999983,1131
2026-06-04T15:00:00+00:00,311.36999999999983,311.99999999999983,311.34999999999985,311.5899999999998,1107
2026-06-04T15:05:00+00:00,311.5899999999998,312.29999999999984,311.54999999999984,312.11999999999983,1183
2026-06-04T15:10:00+00:00,312.11999999999983,312.1999999999998,311.73999999999984,311.7699999999998,713
2026-06-04T15:15:00+00:00,311.7699999999998,312.21999999999986,311.6499999999998,311.7099999999998,922
2026-06-04T15:20:00+00:00,311.7099999999998,311.7699999999998,311.1999999999998,311.35999999999984,805
2026-06-04T15:25:00+00:00,311.35999999999984,311.4499999999998,311.1299999999998,311.28999999999985,866
2026-06-04T15:30:00+00:00,311.28999999999985,311.49999999999983,310.5799999999998,310.73999999999984,726
2026-06-04T15:35:00+00:00,310.73999999999984,311.22999999999985,310.73999999999984,311.1299999999998,858
2026-06-04T15:40:00+00:00,311.1299999999998,311.24999999999983,310.9599999999998,311.10999999999984,616
2026-06-04T15:45:00+00:00,311.10999999999984,311.2099999999998,310.8999999999998,311.05999999999983,796
2026-06-04T15:50:00+00:00,311.05999999999983,311.21999999999986,310.9499999999998,310.96999999999986,758
2026-06-04T15:55:00+00:00,310.96999999999986,311.34999999999985,310.8899999999998,311.3199999999998,772
2026-06-04T16:00:00+00:00,311.3199999999998,311.6899999999998,311.15999999999985,311.42999999999984,847
2026-06-04T16:05:00+00:00,311.42999999999984,311.78999999999985,311.30999999999983,311.6299999999998,581
2026-06-04T16:10:00+00:00,311.6299999999998,311.8999999999998,311.59999999999985,311.7599999999998,587
2026-06-04T16:15:00+00:00,311.7599999999998,311.98999999999984,311.59999999999985,311.7699999999998,597
2026-06-04T16:20:00+00:00,311.7699999999998,312.05999999999983,311.74999999999983,311.85999999999984,545
2026-06-04T16:25:00+00:00,311.85999999999984,311.97999999999985,311.47999999999985,311.49999999999983,524
2026-06-04T16:30:00+00:00,311.49999999999983,312.09999999999985,311.3799999999998,311.99999999999983,682
2026-06-04T16:35:00+00:00,311.99999999999983,312.41999999999985,311.78999999999985,312.3899999999998,887
2026-06-04T16:40:00+00:00,312.3899999999998,312.3899999999998,312.0899999999998,312.3399999999998,561
2026-06-04T16:45:00+00:00,312.3399999999998,312.3899999999998,311.98999999999984,312.02999999999986,591
2026-06-04T16:50:00+00:00,312.02999999999986,312.53999999999985,311.9399999999998,312.5099999999998,851
2026-06-04T16:55:00+00:00,312.5099999999998,312.71999999999986,312.1899999999998,312.2699999999998,648
2026-06-04T17:00:00+00:00,312.2699999999998,312.61999999999983,312.10999999999984,312.27999999999986,692
2026-06-04T17:05:00+00:00,312.27999999999986,312.29999999999984,311.98999999999984,312.02999999999986,500
2026-06-04T17:10:00+00:00,312.02999999999986,312.1499999999998,311.8999999999998,311.96999999999986,640
2026-06-04T17:15:00+00:00,311.96999999999986,312.30999999999983,311.8999999999998,312.23999999999984,533
2026-06-04T17:20:00+00:00,312.23999999999984,312.5799999999998,312.22999999999985,312.42999999999984,523
2026-06-04T17:25:00+00:00,312.42999999999984,312.65999999999985,312.42999999999984,312.60999999999984,551
2026-06-04T17:30:00+00:00,312.60999999999984,312.92999999999984,312.5699999999998,312.7099999999998,586
2026-06-04T17:35:00+00:00,312.7099999999998,312.8199999999998,312.53999999999985,312.54999999999984,562
2026-06-04T17:40:00+00:00,312.54999999999984,312.7599999999998,312.54999999999984,312.6399999999998,395
2026-06-04T17:45:00+00:00,312.6399999999998,312.6399999999998,312.0799999999998,312.17999999999984,487
2026-06-04T17:50:00+00:00,312.17999999999984,312.3199999999998,312.15999999999985,312.2699999999998,456
2026-06-04T17:55:00+00:00,312.2699999999998,312.29999999999984,312.11999999999983,312.1399999999998,398
2026-06-04T18:00:00+00:00,312.1399999999998,312.27999999999986,311.97999999999985,312.1999999999998,543
2026-06-04T18:05:00+00:00,312.1999999999998,312.3999999999998,312.1499999999998,312.29999999999984,516
2026-06-04T18:10:00+00:00,312.29999999999984,312.3399999999998,312.15999999999985,312.24999999999983,392
2026-06-04T18:15:00+00:00,312.24999999999983,312.5199999999998,312.23999999999984,312.41999999999985,368
2026-06-04T18:20:00+00:00,312.41999999999985,312.5699999999998,312.2099999999998,312.21999999999986,356
2026-06-04T18:25:00+00:00,312.21999999999986,312.3999999999998,312.1399999999998,312.35999999999984,307
2026-06-04T18:30:00+00:00,312.35999999999984,312.60999999999984,312.2599999999998,312.5099999999998,418
2026-06-04T18:35:00+00:00,312.5099999999998,312.91999999999985,312.47999999999985,312.90999999999985,433
2026-06-04T18:40:00+00:00,312.90999999999985,312.91999999999985,312.66999999999985,312.84999999999985,460
2026-06-04T18:45:00+00:00,312.84999999999985,312.9399999999998,312.54999999999984,312.5899999999998,471
2026-06-04T18:50:00+00:00,312.5899999999998,312.6299999999998,312.34999999999985,312.41999999999985,323
2026-06-04T18:55:00+00:00,312.41999999999985,312.74999999999983,312.41999999999985,312.67999999999984,403
2026-06-04T19:00:00+00:00,312.67999999999984,312.8199999999998,312.5699999999998,312.7599999999998,329
2026-06-04T19:05:00+00:00,312.7599999999998,312.8399999999998,312.6399999999998,312.6899999999998,283
2026-06-04T19:10:00+00:00,312.6899999999998,312.78999999999985,312.5699999999998,312.74999999999983,464
2026-06-04T19:15:00+00:00,312.74999999999983,312.98999999999984,312.6399999999998,312.66999999999985,705
2026-06-04T19:20:00+00:00,312.66999999999985,313.02999999999986,312.60999999999984,312.92999999999984,460
2026-06-04T19:25:00+00:00,312.92999999999984,312.9499999999998,312.79999999999984,312.86999999999983,357
2026-06-04T19:30:00+00:00,312.86999999999983,312.8899999999998,312.1899999999998,312.24999999999983,650
2026-06-04T19:35:00+00:00,312.24999999999983,312.41999999999985,311.96999999999986,312.40999999999985,610
2026-06-04T19:40:00+00:00,312.40999999999985,312.4499999999998,312.1499999999998,312.3399999999998,573
2026-06-04T19:45:00+00:00,312.3399999999998,312.59999999999985,312.24999999999983,312.27999999999986,687
2026-06-04T19:50:00+00:00,312.27999999999986,312.8999999999998,312.27999999999986,312.71999999999986,1019
2026-06-04T19:55:00+00:00,312.71999999999986,312.71999999999986,311.92999999999984,312.0199999999998,1707
2026-06-05T13:30:00+00:00,312.0199999999998,315.1299999999998,312.0199999999998,314.21999999999986,1391
2026-06-05T13:35:00+00:00,314.21999999999986,315.17999999999984,314.05999999999983,314.8399999999998,1360
2026-06-05T13:40:00+00:00,314.8399999999998,315.1899999999998,314.23999999999984,314.55999999999983,1543
2026-06-05T13:45:00+00:00,314.55999999999983,315.40999999999985,314.3399999999998,315.34999999999985,1722
2026-06-05T13:50:00+00:00,315.34999999999985,315.3899999999998,313.86999999999983,314.0199999999998,1698
2026-06-05T13:55:00+00:00,314.0199999999998,314.6299999999998,313.9499999999998,314.57999999999987,1240.7301246239795
2026-06-05T14:00:00+00:00,314.57999999999987,314.6799999999999,313.9599999999999,314.2999999999999,1729
2026-06-05T14:05:00+00:00,314.2999999999999,314.5699999999999,313.4699999999999,313.9099999999999,1065.3687518401525
2026-06-05T14:10:00+00:00,313.9099999999999,314.49999999999994,313.6099999999999,314.4799999999999,984.9843210918191
2026-06-05T14:15:00+00:00,314.4799999999999,316.07,314.4699999999999,315.41999999999996,1054.754114263805
2026-06-05T14:20:00+00:00,315.41999999999996,315.46999999999997,314.46999999999997,314.8299999999999,884.6947674837959
2026-06-05T14:25:00+00:00,314.8299999999999,315.00999999999993,314.1899999999999,314.3699999999999,822.0232129783182
2026-06-05T14:30:00+00:00,314.3699999999999,315.2699999999998,314.0699999999999,315.2599999999998,903.6169871986368
2026-06-05T14:35:00+00:00,315.2599999999998,316.6399999999998,315.0099999999998,316.07999999999987,599.5845893640053
2026-06-05T14:40:00+00:00,316.07999999999987,316.3799999999998,315.65999999999985,316.33999999999986,738
2026-06-05T14:45:00+00:00,316.33999999999986,316.49999999999983,315.97999999999985,316.0999999999999,786.7715214357046
2026-06-05T14:50:00+00:00,316.0999999999999,316.1299999999999,313.01999999999987,313.1399999999999,863.1034913756704
2026-06-05T14:55:00+00:00,313.1399999999999,313.6599999999999,312.89999999999986,313.6099999999999,686
2026-06-05T15:00:00+00:00,313.6099999999999,314.1199999999999,313.5599999999999,314.1199999999999,674.4193795480659
2026-06-05T15:05:00+00:00,314.1199999999999,314.2099999999999,313.8699999999999,314.0099999999999,738.4307901582957
2026-06-05T15:10:00+00:00,314.0099999999999,314.22999999999985,313.7099999999998,313.7699999999998,687.7615666049057
2026-06-05T15:15:00+00:00,313.7699999999998,314.1499999999998,313.7699999999998,313.80999999999983,721.2339440619721
2026-06-05T15:20:00+00:00,313.80999999999983,314.05999999999983,313.26999999999975,313.5199999999998,736.4776282357026
2026-06-05T15:25:00+00:00,313.5199999999998,313.87999999999977,313.06999999999977,313.7199999999998,840
2026-06-05T15:30:00+00:00,313.7199999999998,314.3399999999998,313.6499999999998,314.1699999999998,811
2026-06-05T15:35:00+00:00,314.1699999999998,314.4199999999998,313.7799999999998,313.81999999999977,1183
2026-06-05T15:40:00+00:00,313.81999999999977,314.2499999999998,313.6099999999998,313.7199999999998,1288
2026-06-05T15:45:00+00:00,313.7199999999998,313.9099999999998,313.1199999999998,313.3099999999998,751
2026-06-05T15:50:00+00:00,313.3099999999998,313.5899999999998,313.1699999999998,313.3099999999998,627
2026-06-05T15:55:00+00:00,313.3099999999998,313.8299999999998,313.2199999999998,313.7099999999998,619
2026-06-05T16:00:00+00:00,313.7099999999998,313.8299999999998,313.43999999999977,313.69999999999976,586
2026-06-05T16:05:00+00:00,313.69999999999976,313.7399999999998,312.9299999999998,313.18999999999977,903
2026-06-05T16:10:00+00:00,313.18999999999977,313.5899999999998,313.0499999999998,313.3999999999998,968
2026-06-05T16:15:00+00:00,313.3999999999998,313.5299999999998,312.7499999999998,312.9199999999998,995
2026-06-05T16:20:00+00:00,312.9199999999998,313.0799999999998,312.12999999999977,312.37999999999977,995
2026-06-05T16:25:00+00:00,312.37999999999977,312.68999999999977,312.1599999999998,312.3099999999998,714
2026-06-05T16:30:00+00:00,312.3099999999998,312.44999999999976,312.0299999999998,312.2199999999998,1019
2026-06-05T16:35:00+00:00,312.2199999999998,312.2699999999998,311.1499999999998,311.3999999999998,1113
2026-06-05T16:40:00+00:00,311.3999999999998,311.50999999999976,311.0999999999998,311.3099999999998,1264
2026-06-05T16:45:00+00:00,311.3099999999998,311.7499999999998,311.1199999999998,311.7299999999998,1722
2026-06-05T16:50:00+00:00,311.7299999999998,311.93999999999977,311.1399999999998,311.2499999999998,1280
2026-06-05T16:55:00+00:00,311.2499999999998,311.37999999999977,310.94999999999976,311.18999999999977,1059
2026-06-05T17:00:00+00:00,311.18999999999977,311.2899999999998,310.0599999999998,310.1199999999998,1143
2026-06-05T17:05:00+00:00,310.1199999999998,310.3099999999998,309.87999999999977,310.1599999999998,920
2026-06-05T17:10:00+00:00,310.1599999999998,310.8499999999998,310.1599999999998,310.7699999999998,918
2026-06-05T17:15:00+00:00,310.7699999999998,311.0499999999998,310.6499999999998,310.93999999999977,862
2026-06-05T17:20:00+00:00,310.93999999999977,311.6099999999998,310.7499999999998,311.5899999999998,929
2026-06-05T17:25:00+00:00,311.5899999999998,311.8099999999998,311.2099999999998,311.7699999999998,909
2026-06-05T17:30:00+00:00,311.7699999999998,312.1399999999998,311.6599999999998,312.1399999999998,826
2026-06-05T17:35:00+00:00,312.1399999999998,312.2999999999998,311.7999999999998,311.93999999999977,822
2026-06-05T17:40:00+00:00,311.93999999999977,312.1799999999998,311.7699999999998,311.94999999999976,766
2026-06-05T17:45:00+00:00,311.94999999999976,312.19999999999976,311.93999999999977,312.0799999999998,639
2026-06-05T17:50:00+00:00,312.0799999999998,312.4599999999998,311.9999999999998,312.3999999999998,544
2026-06-05T17:55:00+00:00,312.3999999999998,312.94999999999976,312.3699999999998,312.8299999999998,759
2026-06-05T18:00:00+00:00,312.8299999999998,312.93999999999977,312.3399999999998,312.4299999999998,751
2026-06-05T18:05:00+00:00,312.4299999999998,312.5999999999998,312.18999999999977,312.4899999999998,734
2026-06-05T18:10:00+00:00,312.4899999999998,312.5499999999998,312.1499999999998,312.31999999999977,963
2026-06-05T18:15:00+00:00,312.31999999999977,313.0499999999998,312.19999999999976,312.7999999999998,1270
2026-06-05T18:20:00+00:00,312.7999999999998,313.06999999999977,312.3299999999998,312.4699999999998,1081
2026-06-05T18:25:00+00:00,312.4699999999998,312.5299999999998,311.7699999999998,311.8099999999998,1203
2026-06-05T18:30:00+00:00,311.8099999999998,312.3299999999998,311.7499999999998,312.0999999999998,1096
2026-06-05T18:35:00+00:00,312.0999999999998,312.0999999999998,311.0499999999998,311.0999999999998,1490
2026-06-05T18:40:00+00:00,311.0999999999998,311.1199999999998,310.31999999999977,310.3399999999998,1499
2026-06-05T18:45:00+00:00,310.3399999999998,310.6499999999998,310.0599999999998,310.6499999999998,1562
2026-06-05T18:50:00+00:00,310.6499999999998,310.7399999999998,309.93999999999977,310.50999999999976,1059
2026-06-05T18:55:00+00:00,310.50999999999976,310.8699999999998,309.7399999999998,309.7699999999998,1194
2026-06-05T19:00:00+00:00,309.7699999999998,309.9799999999998,309.3999999999998,309.69999999999976,1216
2026-06-05T19:05:00+00:00,309.69999999999976,309.7099999999998,308.9699999999998,309.06999999999977,1242
2026-06-05T19:10:00+00:00,309.06999999999977,309.2099999999998,308.4999999999998,308.7499999999998,1294
2026-06-05T19:15:00+00:00,308.7499999999998,308.75999999999976,307.4199999999998,307.93999999999977,1440
2026-06-05T19:20:00+00:00,307.93999999999977,308.31999999999977,307.69999999999976,308.1799999999998,1291
2026-06-05T19:25:00+00:00,308.1799999999998,309.19999999999976,308.1699999999998,309.19999999999976,1033
2026-06-05T19:30:00+00:00,309.19999999999976,309.2999999999998,308.6599999999998,308.7299999999998,1070
2026-06-05T19:35:00+00:00,308.7299999999998,308.9899999999998,308.5999999999998,308.8499999999998,1028
2026-06-05T19:40:00+00:00,308.8499999999998,308.9199999999998,308.18999999999977,308.3999999999998,1293
2026-06-05T19:45:00+00:00,308.3999999999998,308.7099999999998,308.18999999999977,308.5999999999998,1235
2026-06-05T19:50:00+00:00,308.5999999999998,309.1099999999998,308.2999999999998,309.0899999999998,1667
2026-06-05T19:55:00+00:00,309.0899999999998,309.0899999999998,307.62999999999977,307.69999999999976,1806
2026-06-08T13:30:00+00:00,307.69999999999976,315.3999999999998,307.69999999999976,313.7799999999998,2356
2026-06-08T13:35:00+00:00,313.7799999999998,314.3499999999998,311.9999999999998,312.1399999999998,2448
2026-06-08T13:40:00+00:00,312.1399999999998,312.3399999999998,311.31999999999977,311.7699999999998,2546
2026-06-08T13:45:00+00:00,311.7699999999998,311.9299999999998,310.87999999999977,311.8699999999998,2280
2026-06-08T13:50:00+00:00,311.8699999999998,313.00999999999976,311.7699999999998,312.7699999999998,1867
2026-06-08T13:55:00+00:00,312.7699999999998,312.9599999999998,311.0999999999998,311.19999999999976,1975
2026-06-08T14:00:00+00:00,311.19999999999976,312.2199999999998,310.9999999999998,311.8999999999998,2031
2026-06-08T14:05:00+00:00,311.8999999999998,312.7399999999998,311.5499999999998,311.8099999999998,2026
2026-06-08T14:10:00+00:00,311.8099999999998,311.8599999999998,311.1099999999998,311.1399999999998,1864
2026-06-08T14:15:00+00:00,311.1399999999998,311.18999999999977,310.18999999999977,310.5799999999998,1605
2026-06-08T14:20:00+00:00,310.5799999999998,311.8099999999998,310.4199999999998,311.7699999999998,1654
2026-06-08T14:25:00+00:00,311.7699999999998,312.5499999999998,311.5499999999998,312.25999999999976,1612
2026-06-08T14:30:00+00:00,312.25999999999976,312.7999999999998,312.0399999999998,312.6099999999998,1518
2026-06-08T14:35:00+00:00,312.6099999999998,312.7899999999998,312.2999999999998,312.69999999999976,1524
2026-06-08T14:40:00+00:00,312.69999999999976,313.2099999999998,312.6099999999998,313.12999999999977,1494
2026-06-08T14:45:00+00:00,313.12999999999977,314.6799999999998,313.1099999999998,314.3299999999998,1480
2026-06-08T14:50:00+00:00,314.3299999999998,315.25999999999976,314.2399999999998,314.8599999999998,1225
2026-06-08T14:55:00+00:00,314.8599999999998,315.6199999999998,314.4999999999998,315.4799999999998,1563
2026-06-08T15:00:00+00:00,315.4799999999998,315.6199999999998,314.8099999999998,314.8999999999998,1272
2026-06-08T15:05:00+00:00,314.8999999999998,315.31999999999977,314.81999999999977,315.1599999999998,1078
2026-06-08T15:10:00+00:00,315.1599999999998,315.19999999999976,314.5599999999998,314.5899999999998,964
2026-06-08T15:15:00+00:00,314.5899999999998,314.9099999999998,314.4199999999998,314.56999999999977,1173
2026-06-08T15:20:00+00:00,314.56999999999977,314.8499999999998,314.3099999999998,314.69999999999976,1148
2026-06-08T15:25:00+00:00,314.69999999999976,314.7199999999998,314.12999999999977,314.18999999999977,1269
2026-06-08T15:30:00+00:00,314.18999999999977,314.2499999999998,313.56999999999977,313.8599999999998,1461
2026-06-08T15:35:00+00:00,313.8599999999998,314.44999999999976,313.56999999999977,314.2299999999998,1390
2026-06-08T15:40:00+00:00,314.2299999999998,314.5799999999998,314.0899999999998,314.4199999999998,1162
2026-06-08T15:45:00+00:00,314.4199999999998,314.8599999999998,314.2099999999998,314.3399999999998,1178
2026-06-08T15:50:00+00:00,314.3399999999998,314.6199999999998,314.2199999999998,314.31999999999977,1158
2026-06-08T15:55:00+00:00,314.31999999999977,314.3599999999998,313.7199999999998,313.9099999999998,1425
2026-06-08T16:00:00+00:00,313.9099999999998,314.37999999999977,313.56999999999977,313.9999999999998,1459
2026-06-08T16:05:00+00:00,313.9999999999998,314.4099999999998,313.6699999999998,314.19999999999976,1220
2026-06-08T16:10:00+00:00,314.19999999999976,314.68999999999977,314.1499999999998,314.3399999999998,1271
2026-06-08T16:15:00+00:00,314.3399999999998,315.0299999999998,314.2999999999998,314.9299999999998,970
2026-06-08T16:20:00+00:00,314.9299999999998,315.2799999999998,314.7099999999998,314.8499999999998,1152
2026-06-08T16:25:00+00:00,314.8499999999998,314.9899999999998,313.8999999999998,313.9099999999998,1088
2026-06-08T16:30:00+00:00,313.9099999999998,314.0999999999998,313.4099999999998,313.44999999999976,1296
2026-06-08T16:35:00+00:00,313.44999999999976,313.5599999999998,313.1399999999998,313.3999999999998,1263
2026-06-08T16:40:00+00:00,313.3999999999998,313.5899999999998,313.1799999999998,313.5899999999998,1164
2026-06-08T16:45:00+00:00,313.5899999999998,314.3599999999998,313.4699999999998,314.0499999999998,1029
2026-06-08T16:50:00+00:00,314.0499999999998,314.2699999999998,313.7499999999998,313.8999999999998,1054
2026-06-08T16:55:00+00:00,313.8999999999998,314.0299999999998,313.7299999999998,313.7899999999998,959
2026-06-08T17:00:00+00:00,313.7899999999998,313.8099999999998,313.0599999999998,313.5199999999998,1388
2026-06-08T17:05:00+00:00,313.5199999999998,314.75999999999976,313.0199999999998,313.8599999999998,1649
2026-06-08T17:10:00+00:00,313.8599999999998,313.9799999999998,312.8899999999998,313.7799999999998,1352
2026-06-08T17:15:00+00:00,313.7799999999998,313.9999999999998,312.6099999999998,313.0599999999998,1141
2026-06-08T17:20:00+00:00,313.0599999999998,313.3299999999998,312.4999999999998,312.7499999999998,953
2026-06-08T17:25:00+00:00,312.7499999999998,314.9299999999998,312.50999999999976,314.8699999999998,1423
2026-06-08T17:30:00+00:00,314.8699999999998,317.5999999999998,314.62999999999977,317.3399999999998,1644
2026-06-08T17:35:00+00:00,317.3399999999998,317.3399999999998,311.9099999999998,313.0199999999998,1847
2026-06-08T17:40:00+00:00,313.0199999999998,313.2299999999998,309.00999999999976,309.0599999999998,1695
2026-06-08T17:45:00+00:00,309.0599999999998,309.9199999999998,308.31999999999977,309.2099999999998,1773
2026-06-08T17:50:00+00:00,309.2099999999998,310.4799999999998,307.8599999999998,310.3499999999998,1593
2026-06-08T17:55:00+00:00,310.3499999999998,310.4799999999998,308.3399999999998,308.7299999999998,1317
2026-06-08T18:00:00+00:00,308.7299999999998,309.2899999999998,305.87999999999977,306.12999999999977,1666
2026-06-08T18:05:00+00:00,306.12999999999977,306.93999999999977,304.0299999999998,304.5399999999998,1889
2026-06-08T18:10:00+00:00,304.5399999999998,306.6399999999998,304.5299999999998,304.9099999999998,1465
2026-06-08T18:15:00+00:00,304.9099999999998,306.2799999999998,304.6099999999998,305.44999999999976,1464
2026-06-08T18:20:00+00:00,305.44999999999976,305.75999999999976,304.5499999999998,305.5799999999998,1456
2026-06-08T18:25:00+00:00,305.5799999999998,305.8499999999998,304.0299999999998,305.0499999999998,1408
2026-06-08T18:30:00+00:00,305.0499999999998,305.75999999999976,304.0399999999998,304.12999999999977,1272
2026-06-08T18:35:00+00:00,304.12999999999977,304.69999999999976,303.50999999999976,303.81999999999977,1254
2026-06-08T18:40:00+00:00,303.81999999999977,303.93999999999977,302.9599999999998,303.1199999999998,1343
2026-06-08T18:45:00+00:00,303.1199999999998,304.5799999999998,303.0299999999998,304.06999999999977,1465
2026-06-08T18:50:00+00:00,304.06999999999977,304.37999999999977,303.7099999999998,303.9999999999998,1169
2026-06-08T18:55:00+00:00,303.9999999999998,304.4599999999998,303.8499999999998,304.0899999999998,1185
2026-06-08T19:00:00+00:00,304.0899999999998,304.9899999999998,303.7799999999998,304.8699999999998,1326
2026-06-08T19:05:00+00:00,304.8699999999998,305.0499999999998,304.0599999999998,304.12999999999977,1090
2026-06-08T19:10:00+00:00,304.12999999999977,304.69999999999976,303.8999999999998,304.5199999999998,1162
2026-06-08T19:15:00+00:00,304.5199999999998,305.1499999999998,304.1099999999998,304.2499999999998,1256
2026-06-08T19:20:00+00:00,304.2499999999998,304.5599999999998,302.3499999999998,302.5899999999998,1227
2026-06-08T19:25:00+00:00,302.5899999999998,303.2799999999998,302.4999999999998,302.9699999999998,1207
2026-06-08T19:30:00+00:00,302.9699999999998,303.0299999999998,302.19999999999976,302.31999999999977,1269
2026-06-08T19:35:00+00:00,302.31999999999977,303.3299999999998,302.06999999999977,302.9599999999998,1053
2026-06-08T19:40:00+00:00,302.9599999999998,303.5399999999998,302.5499999999998,303.1199999999998,1058
2026-06-08T19:45:00+00:00,303.1199999999998,303.1399999999998,302.0399999999998,302.3099999999998,1175
2026-06-08T19:50:00+00:00,302.3099999999998,302.5399999999998,301.5199999999998,301.6099999999998,1399
2026-06-08T19:55:00+00:00,301.6099999999998,302.0899999999998,301.3999999999998,301.8699999999998,1657
2026-06-09T13:30:00+00:00,301.8699999999998,301.8699999999998,297.8899999999998,298.19999999999976,1604
2026-06-09T13:35:00+00:00,298.19999999999976,300.5599999999998,297.9599999999998,298.94999999999976,1870
2026-06-09T13:40:00+00:00,298.94999999999976,299.1699999999998,297.3299999999998,297.4799999999998,1930
2026-06-09T13:45:00+00:00,297.4799999999998,298.5199999999998,297.18999999999977,298.4099999999998,2029
2026-06-09T13:50:00+00:00,298.4099999999998,298.4199999999998,297.1199999999998,297.1599999999998,1899
2026-06-09T13:55:00+00:00,297.1599999999998,297.2699999999998,296.2199999999998,296.3999999999998,1815
2026-06-09T14:00:00+00:00,296.3999999999998,296.43999999999977,294.9599999999998,294.9999999999998,1991
2026-06-09T14:05:00+00:00,294.9999999999998,295.3499999999998,294.5299999999998,294.93999999999977,2101
2026-06-09T14:10:00+00:00,294.93999999999977,294.9999999999998,293.7799999999998,294.2999999999998,2251
2026-06-09T14:15:00+00:00,294.2999999999998,294.31999999999977,292.9299999999998,293.06999999999977,2798
2026-06-09T14:20:00+00:00,293.06999999999977,293.8899999999998,292.4799999999998,293.68999999999977,2692
2026-06-09T14:25:00+00:00,293.68999999999977,293.7799999999998,292.56999999999977,292.8099999999998,2118
2026-06-09T14:30:00+00:00,292.8099999999998,292.8999999999998,292.1199999999998,292.62999999999977,2007
2026-06-09T14:35:00+00:00,292.62999999999977,294.0199999999998,292.4999999999998,293.6199999999998,2044
2026-06-09T14:40:00+00:00,293.6199999999998,294.1699999999998,292.9599999999998,293.56999999999977,2008
2026-06-09T14:45:00+00:00,293.56999999999977,293.6099999999998,292.6399999999998,292.8699999999998,2797
2026-06-09T14:50:00+00:00,292.8699999999998,292.9299999999998,292.18999999999977,292.87999999999977,2957
2026-06-09T14:55:00+00:00,292.87999999999977,293.4199999999998,292.8499999999998,293.3999999999998,1615
2026-06-09T15:00:00+00:00,293.3999999999998,293.7499999999998,292.8699999999998,293.19999999999976,1567
2026-06-09T15:05:00+00:00,293.19999999999976,293.56999999999977,292.7999999999998,293.3899999999998,1659
2026-06-09T15:10:00+00:00,293.3899999999998,294.0199999999998,292.9999999999998,293.7499999999998,1440
2026-06-09T15:15:00+00:00,293.7499999999998,293.93999999999977,293.1499999999998,293.56999999999977,1307
2026-06-09T15:20:00+00:00,293.56999999999977,293.68999999999977,292.81999999999977,292.8399999999998,1463
2026-06-09T15:25:00+00:00,292.8399999999998,292.94999999999976,291.7899999999998,291.8599999999998,1746
2026-06-09T15:30:00+00:00,291.8599999999998,292.00999999999976,291.4599999999998,291.6499999999998,1894
2026-06-09T15:35:00+00:00,291.6499999999998,292.2799999999998,291.4899999999998,292.00999999999976,1721
2026-06-09T15:40:00+00:00,292.00999999999976,292.1399999999998,291.4199999999998,291.5199999999998,1481
2026-06-09T15:45:00+00:00,291.5199999999998,291.7699999999998,291.2099999999998,291.6799999999998,1318
2026-06-09T15:50:00+00:00,291.6799999999998,292.1499999999998,291.18999999999977,291.93999999999977,1478
2026-06-09T15:55:00+00:00,291.93999999999977,291.9999999999998,291.2099999999998,291.3299999999998,1907
2026-06-09T16:00:00+00:00,291.3299999999998,291.7799999999998,291.2099999999998,291.3599999999998,1917
2026-06-09T16:05:00+00:00,291.3599999999998,291.5799999999998,290.62999999999977,290.8999999999998,2164
2026-06-09T16:10:00+00:00,290.8999999999998,291.6699999999998,290.8499999999998,291.2799999999998,1971
2026-06-09T16:15:00+00:00,291.2799999999998,291.3699999999998,290.7799999999998,290.8999999999998,1967
2026-06-09T16:20:00+00:00,290.8999999999998,291.1599999999998,290.3299999999998,290.4999999999998,2006
2026-06-09T16:25:00+00:00,290.4999999999998,290.6399999999998,289.7499999999998,289.7499999999998,1494
2026-06-09T16:30:00+00:00,289.7499999999998,290.1199999999998,289.0599999999998,289.1199999999998,2194
2026-06-09T16:35:00+00:00,289.1199999999998,289.6799999999998,288.06999999999977,288.2899999999998,2996
2026-06-09T16:40:00+00:00,288.2899999999998,288.8599999999998,288.06999999999977,288.7199999999998,3068
2026-06-09T16:45:00+00:00,288.7199999999998,289.0399999999998,288.1099999999998,288.5999999999998,2600
2026-06-09T16:50:00+00:00,288.5999999999998,288.8899999999998,288.2199999999998,288.2299999999998,2132
2026-06-09T16:55:00+00:00,288.2299999999998,289.68999999999977,288.2099999999998,289.4799999999998,2394
2026-06-09T17:00:00+00:00,289.4799999999998,290.4199999999998,289.4299999999998,290.2199999999998,2603
2026-06-09T17:05:00+00:00,290.2199999999998,290.4899999999998,290.00999999999976,290.3699999999998,1933
2026-06-09T17:10:00+00:00,290.3699999999998,290.4799999999998,289.8499999999998,290.2699999999998,1985
2026-06-09T17:15:00+00:00,290.2699999999998,290.8599999999998,289.9199999999998,290.8099999999998,1666
2026-06-09T17:20:00+00:00,290.8099999999998,291.3999999999998,290.5299999999998,290.5499999999998,2124
2026-06-09T17:25:00+00:00,290.5499999999998,290.93999999999977,290.37999999999977,290.7399999999998,1675
2026-06-09T17:30:00+00:00,290.7399999999998,290.9899999999998,290.19999999999976,290.9799999999998,1510
2026-06-09T17:35:00+00:00,290.9799999999998,291.0599999999998,290.37999999999977,290.5599999999998,1383
2026-06-09T17:40:00+00:00,290.5599999999998,290.7999999999998,290.2999999999998,290.3399999999998,1347
2026-06-09T17:45:00+00:00,290.3399999999998,290.43999999999977,289.8099999999998,289.8099999999998,1810
2026-06-09T17:50:00+00:00,289.8099999999998,290.4199999999998,289.7699999999998,289.8299999999998,1625
2026-06-09T17:55:00+00:00,289.8299999999998,290.4199999999998,289.81999999999977,289.9699999999998,1161
2026-06-09T18:00:00+00:00,289.9699999999998,290.1799999999998,289.62999999999977,289.7899999999998,1376
2026-06-09T18:05:00+00:00,289.7899999999998,290.3999999999998,289.6699999999998,290.2699999999998,1402
2026-06-09T18:10:00+00:00,290.2699999999998,290.3899999999998,289.8599999999998,290.25999999999976,1338
2026-06-09T18:15:00+00:00,290.25999999999976,290.56999999999977,289.7399999999998,290.44999999999976,1359
2026-06-09T18:20:00+00:00,290.44999999999976,291.0299999999998,290.1699999999998,290.9899999999998,1413
2026-06-09T18:25:00+00:00,290.9899999999998,291.2499999999998,290.3699999999998,291.2499999999998,1349
2026-06-09T18:30:00+00:00,291.2499999999998,291.87999999999977,291.18999999999977,291.8699999999998,1935
2026-06-09T18:35:00+00:00,291.8699999999998,292.1099999999998,291.6599999999998,291.81999999999977,1097
2026-06-09T18:40:00+00:00,291.81999999999977,291.87999999999977,290.7199999999998,290.7799999999998,1487
2026-06-09T18:45:00+00:00,290.7799999999998,291.0899999999998,290.6599999999998,290.8699999999998,1349
2026-06-09T18:50:00+00:00,290.8699999999998,291.1699999999998,290.6499999999998,290.87999999999977,1292
2026-06-09T18:55:00+00:00,290.87999999999977,291.7799999999998,290.7699999999998,291.62999999999977,1372
2026-06-09T19:00:00+00:00,291.62999999999977,292.0599999999998,291.37999999999977,292.0399999999998,1364
2026-06-09T19:05:00+00:00,292.0399999999998,292.2199999999998,291.7099999999998,291.8299999999998,1164
2026-06-09T19:10:00+00:00,291.8299999999998,291.8499999999998,291.2699999999998,291.3399999999998,1299
2026-06-09T19:15:00+00:00,291.3399999999998,291.3899999999998,290.5599999999998,290.7199999999998,1924
2026-06-09T19:20:00+00:00,290.7199999999998,291.1799999999998,290.6099999999998,291.1799999999998,1887
2026-06-09T19:25:00+00:00,291.1799999999998,291.56999999999977,290.94999999999976,291.3899999999998,1625
2026-06-09T19:30:00+00:00,291.3899999999998,291.5499999999998,290.8899999999998,291.1099999999998,1763
2026-06-09T19:35:00+00:00,291.1099999999998,291.1699999999998,290.4599999999998,290.4799999999998,1516
2026-06-09T19:40:00+00:00,290.4799999999998,290.5199999999998,289.4299999999998,289.4899999999998,2348
2026-06-09T19:45:00+00:00,289.4899999999998,289.6399999999998,289.0799999999998,289.3399999999998,1811
2026-06-09T19:50:00+00:00,289.3399999999998,291.94999999999976,289.31999999999977,291.8599999999998,2142
2026-06-09T19:55:00+00:00,291.8599999999998,291.8599999999998,290.4299999999998,290.7399999999998,2282
2026-06-10T13:30:00+00:00,290.7399999999998,291.2399999999998,288.9199999999998,288.9999999999998,2335
2026-06-10T13:35:00+00:00,288.9999999999998,289.94999999999976,288.8299999999998,289.4799999999998,3082
2026-06-10T13:40:00+00:00,289.4799999999998,290.3299999999998,287.6499999999998,290.2099999999998,2490
2026-06-10T13:45:00+00:00,290.2099999999998,290.2099999999998,289.0499999999998,289.4599999999998,2700
2026-06-10T13:50:00+00:00,289.4599999999998,289.62999999999977,288.6499999999998,289.1499999999998,2578
2026-06-10T13:55:00+00:00,289.1499999999998,290.6599999999998,288.7999999999998,289.69999999999976,2288
2026-06-10T14:00:00+00:00,289.69999999999976,291.1599999999998,289.5999999999998,290.5499999999998,2040
2026-06-10T14:05:00+00:00,290.5499999999998,290.81999999999977,290.2799999999998,290.5799999999998,1940
2026-06-10T14:10:00+00:00,290.5799999999998,291.44999999999976,290.18999999999977,290.9999999999998,1709
2026-06-10T14:15:00+00:00,290.9999999999998,291.0199999999998,290.0599999999998,290.7799999999998,1854
2026-06-10T14:20:00+00:00,290.7799999999998,291.1599999999998,290.50999999999976,290.8099999999998,1832
2026-06-10T14:25:00+00:00,290.8099999999998,290.8099999999998,289.5899999999998,289.8599999999998,1675
2026-06-10T14:30:00+00:00,289.8599999999998,290.5299999999998,289.4599999999998,290.3499999999998,2000
2026-06-10T14:35:00+00:00,290.3499999999998,290.8899999999998,289.2999999999998,289.4699999999998,2006
2026-06-10T14:40:00+00:00,289.4699999999998,289.9199999999998,288.9899999999998,289.0199999999998,1533
2026-06-10T14:45:00+00:00,289.0199999999998,289.5499999999998,288.7099999999998,289.5299999999998,1766
2026-06-10T14:50:00+00:00,289.5299999999998,289.7699999999998,289.06999999999977,289.4999999999998,2140
2026-06-10T14:55:00+00:00,289.4999999999998,290.1699999999998,289.3999999999998,289.9799999999998,2265.2313575525814
2026-06-10T15:00:00+00:00,289.9799999999998,290.7899999999998,289.37999999999977,290.2299999999998,2275
2026-06-10T15:05:00+00:00,290.2299999999998,290.4899999999998,289.7299999999998,290.2899999999998,2318
2026-06-10T15:10:00+00:00,290.2899999999998,290.94999999999976,289.7399999999998,290.68999999999977,2652
2026-06-10T15:15:00+00:00,290.68999999999977,290.9199999999998,290.1699999999998,290.57999999999976,2213
2026-06-10T15:20:00+00:00,290.57999999999976,290.6099999999998,290.01999999999975,290.4099999999998,2205
2026-06-10T15:25:00+00:00,290.4099999999998,290.6199999999998,289.9299999999998,290.26999999999975,1949
2026-06-10T15:30:00+00:00,290.26999999999975,290.7999999999998,290.02999999999975,290.6199999999998,2352
2026-06-10T15:35:00+00:00,290.6199999999998,290.9199999999998,290.4799999999998,290.87999999999977,2241
2026-06-10T15:40:00+00:00,290.87999999999977,291.82999999999976,290.70999999999975,291.6799999999998,2246
2026-06-10T15:45:00+00:00,291.6799999999998,291.8499999999998,290.6099999999998,290.8699999999998,3033
2026-06-10T15:50:00+00:00,290.8699999999998,291.3599999999998,290.46999999999974,290.94999999999976,2998
2026-06-10T15:55:00+00:00,290.94999999999976,291.6199999999998,290.4099999999998,291.5599999999998,2672
2026-06-10T16:00:00+00:00,291.5599999999998,291.95999999999975,291.32999999999976,291.63999999999976,2417
2026-06-10T16:05:00+00:00,291.63999999999976,291.68999999999977,291.0399999999998,291.13999999999976,1928
2026-06-10T16:10:00+00:00,291.13999999999976,291.2899999999998,290.81999999999977,291.18999999999977,1945
2026-06-10T16:15:00+00:00,291.18999999999977,291.57999999999976,290.8699999999998,291.5399999999998,2010
2026-06-10T16:20:00+00:00,291.5399999999998,291.64999999999975,291.0599999999998,291.19999999999976,1834
2026-06-10T16:25:00+00:00,291.19999999999976,292.0599999999998,291.14999999999975,292.0599999999998,1488
2026-06-10T16:30:00+00:00,292.0599999999998,292.6099999999998,291.6599999999998,292.58999999999975,1791
2026-06-10T16:35:00+00:00,292.58999999999975,292.93999999999977,292.2399999999998,292.9099999999998,2031
2026-06-10T16:40:00+00:00,292.9099999999998,293.2899999999998,292.6199999999998,293.1699999999998,1806
2026-06-10T16:45:00+00:00,293.1699999999998,293.1699999999998,292.57999999999976,292.9099999999998,2014
2026-06-10T16:50:00+00:00,292.9099999999998,293.19999999999976,292.71999999999974,292.88999999999976,2232
2026-06-10T16:55:00+00:00,292.88999999999976,292.9299999999998,292.06999999999977,292.58999999999975,2018
2026-06-10T17:00:00+00:00,292.58999999999975,293.1699999999998,292.3699999999998,293.0399999999998,1817
2026-06-10T17:05:00+00:00,293.0399999999998,293.07999999999976,292.38999999999976,292.5399999999998,2148
2026-06-10T17:10:00+00:00,292.5399999999998,292.6199999999998,292.12999999999977,292.39999999999975,1798
2026-06-10T17:15:00+00:00,292.39999999999975,292.50999999999976,292.01999999999975,292.2999999999998,1912
2026-06-10T17:20:00+00:00,292.2999999999998,292.94999999999976,292.2299999999998,292.8699999999998,1688
2026-06-10T17:25:00+00:00,292.8699999999998,293.50999999999976,292.7999999999998,293.4799999999998,1573
2026-06-10T17:30:00+00:00,293.4799999999998,293.4899999999998,293.0399999999998,293.21999999999974,1732
2026-06-10T17:35:00+00:00,293.21999999999974,293.27999999999975,292.81999999999977,292.9199999999998,1601
2026-06-10T17:40:00+00:00,292.9199999999998,293.27999999999975,292.83999999999975,292.9799999999998,1654
2026-06-10T17:45:00+00:00,292.9799999999998,293.89999999999975,292.81999999999977,293.7499999999998,2254
2026-06-10T17:50:00+00:00,293.7499999999998,293.77999999999975,292.88999999999976,293.51999999999975,1858
2026-06-10T17:55:00+00:00,293.51999999999975,294.37999999999977,293.4199999999998,294.27999999999975,1498
2026-06-10T18:00:00+00:00,294.27999999999975,294.8499999999998,294.1699999999998,294.8499999999998,1513
2026-06-10T18:05:00+00:00,294.8499999999998,294.96999999999974,294.4899999999998,294.5499999999998,1356
2026-06-10T18:10:00+00:00,294.5499999999998,294.96999999999974,294.5399999999998,294.77999999999975,1326
2026-06-10T18:15:00+00:00,294.77999999999975,295.0499999999998,294.3099999999998,294.63999999999976,1410
2026-06-10T18:20:00+00:00,294.63999999999976,294.96999999999974,294.4799999999998,294.57999999999976,1464
2026-06-10T18:25:00+00:00,294.57999999999976,294.71999999999974,294.31999999999977,294.6199999999998,1354
2026-06-10T18:30:00+00:00,294.6199999999998,294.6199999999998,294.1599999999998,294.21999999999974,1171
2026-06-10T18:35:00+00:00,294.21999999999974,294.2499999999998,293.6799999999998,293.9099999999998,1216
2026-06-10T18:40:00+00:00,293.9099999999998,294.1199999999998,293.70999999999975,293.9299999999998,1188
2026-06-10T18:45:00+00:00,293.9299999999998,294.01999999999975,293.6599999999998,293.71999999999974,1104
2026-06-10T18:50:00+00:00,293.71999999999974,293.7499999999998,293.2399999999998,293.31999999999977,1554
2026-06-10T18:55:00+00:00,293.31999999999977,293.37999999999977,292.9899999999998,293.14999999999975,1141
2026-06-10T19:00:00+00:00,293.14999999999975,293.43999999999977,292.9099999999998,293.2999999999998,1246
2026-06-10T19:05:00+00:00,293.2999999999998,293.62999999999977,293.02999999999975,293.32999999999976,1189
2026-06-10T19:10:00+00:00,293.32999999999976,293.4199999999998,292.9799999999998,293.07999999999976,992
2026-06-10T19:15:00+00:00,293.07999999999976,293.1799999999998,292.6599999999998,292.8599999999998,1173
2026-06-10T19:20:00+00:00,292.8599999999998,292.87999999999977,292.1599999999998,292.2499999999998,1382
2026-06-10T19:25:00+00:00,292.2499999999998,292.3499999999998,291.8699999999998,292.2299999999998,1438
2026-06-10T19:30:00+00:00,292.2299999999998,292.68999999999977,291.9999999999998,292.45999999999975,1571
2026-06-10T19:35:00+00:00,292.45999999999975,292.8099999999998,292.45999999999975,292.70999999999975,1395
2026-06-10T19:40:00+00:00,292.70999999999975,292.88999999999976,292.2399999999998,292.4199999999998,1605
2026-06-10T19:45:00+00:00,292.4199999999998,292.6199999999998,291.89999999999975,292.1699999999998,1245
2026-06-10T19:50:00+00:00,292.1699999999998,292.75999999999976,291.68999999999977,292.6799999999998,1788
2026-06-10T19:55:00+00:00,292.6799999999998,293.2299999999998,291.75999999999976,291.75999999999976,1819
2026-06-11T13:30:00+00:00,291.75999999999976,294.00999999999976,291.31999999999977,291.6199999999998,1682
2026-06-11T13:35:00+00:00,291.6199999999998,292.31999999999977,290.6699999999998,292.2899999999998,1685
2026-06-11T13:40:00+00:00,292.2899999999998,292.58999999999975,291.7299999999998,292.3499999999998,1610
2026-06-11T13:45:00+00:00,292.3499999999998,293.38999999999976,291.95999999999975,292.9999999999998,1978
2026-06-11T13:50:00+00:00,292.9999999999998,294.27999999999975,292.9199999999998,294.0399999999998,1708
2026-06-11T13:55:00+00:00,294.0399999999998,294.0599999999998,291.77999999999975,291.8499999999998,1728
2026-06-11T14:00:00+00:00,291.8499999999998,292.07999999999976,290.63999999999976,291.1699999999998,1784
2026-06-11T14:05:00+00:00,291.1699999999998,291.1699999999998,290.5499999999998,290.8699999999998,1757
2026-06-11T14:10:00+00:00,290.8699999999998,291.0999999999998,290.3599999999998,290.5499999999998,2028
2026-06-11T14:15:00+00:00,290.5499999999998,290.64999999999975,290.1699999999998,290.4299999999998,1758
2026-06-11T14:20:00+00:00,290.4299999999998,291.62999999999977,290.06999999999977,291.3499999999998,2058
2026-06-11T14:25:00+00:00,291.3499999999998,291.56999999999977,290.31999999999977,290.87999999999977,1851
2026-06-11T14:30:00+00:00,290.87999999999977,291.2299999999998,290.19999999999976,290.46999999999974,1533
2026-06-11T14:35:00+00:00,290.46999999999974,291.43999999999977,290.4199999999998,290.95999999999975,1457
2026-06-11T14:40:00+00:00,290.95999999999975,291.2399999999998,290.81999999999977,290.83999999999975,1306
2026-06-11T14:45:00+00:00,290.83999999999975,291.2999999999998,290.7999999999998,291.0499999999998,1637
2026-06-11T14:50:00+00:00,291.0499999999998,291.1099999999998,290.5599999999998,290.88999999999976,1550
2026-06-11T14:55:00+00:00,290.88999999999976,290.94999999999976,289.89999999999975,290.1599999999998,1663
2026-06-11T15:00:00+00:00,290.1599999999998,290.8499999999998,290.0399999999998,290.69999999999976,1838
2026-06-11T15:05:00+00:00,290.69999999999976,291.2299999999998,290.27999999999975,291.1199999999998,1812
2026-06-11T15:10:00+00:00,291.1199999999998,291.26999999999975,290.88999999999976,291.0999999999998,1442
2026-06-11T15:15:00+00:00,291.0999999999998,291.4099999999998,290.9199999999998,291.1699999999998,1266
2026-06-11T15:20:00+00:00,291.1699999999998,292.01999999999975,291.1199999999998,291.96999999999974,1278
2026-06-11T15:25:00+00:00,291.96999999999974,292.1099999999998,291.4799999999998,291.4799999999998,1368
2026-06-11T15:30:00+00:00,291.4799999999998,292.25999999999976,291.3699999999998,292.18999999999977,1777
2026-06-11T15:35:00+00:00,292.18999999999977,292.96999999999974,292.07999999999976,292.89999999999975,1639
2026-06-11T15:40:00+00:00,292.89999999999975,293.37999999999977,292.75999999999976,292.96999999999974,1436
2026-06-11T15:45:00+00:00,292.96999999999974,293.56999999999977,292.71999999999974,293.2899999999998,1510
2026-06-11T15:50:00+00:00,293.2899999999998,293.2899999999998,292.87999999999977,293.14999999999975,1088
2026-06-11T15:55:00+00:00,293.14999999999975,293.8599999999998,293.01999999999975,293.68999999999977,1352
2026-06-11T16:00:00+00:00,293.68999999999977,294.07999999999976,293.56999999999977,293.69999999999976,1454
2026-06-11T16:05:00+00:00,293.69999999999976,294.13999999999976,293.5399999999998,293.96999999999974,1129
2026-06-11T16:10:00+00:00,293.96999999999974,294.25999999999976,293.77999999999975,293.8099999999998,1243
2026-06-11T16:15:00+00:00,293.8099999999998,294.13999999999976,293.7499999999998,293.88999999999976,1184
2026-06-11T16:20:00+00:00,293.88999999999976,294.00999999999976,292.89999999999975,292.95999999999975,1132
2026-06-11T16:25:00+00:00,292.95999999999975,293.5499999999998,292.8499999999998,293.27999999999975,1452
2026-06-11T16:30:00+00:00,293.27999999999975,294.25999999999976,293.18999999999977,294.1199999999998,1458
2026-06-11T16:35:00+00:00,294.1199999999998,294.81999999999977,294.08999999999975,294.1699999999998,1339
2026-06-11T16:40:00+00:00,294.1699999999998,294.3599999999998,293.9899999999998,294.2399999999998,843
2026-06-11T16:45:00+00:00,294.2399999999998,294.4799999999998,294.1699999999998,294.2399999999998,925
2026-06-11T16:50:00+00:00,294.2399999999998,294.4099999999998,294.02999999999975,294.0599999999998,1055
2026-06-11T16:55:00+00:00,294.0599999999998,294.13999999999976,293.9099999999998,294.0499999999998,791
2026-06-11T17:00:00+00:00,294.0499999999998,294.20999999999975,293.3499999999998,293.4299999999998,1256
2026-06-11T17:05:00+00:00,293.4299999999998,294.07999999999976,293.3599999999998,293.93999999999977,1400
2026-06-11T17:10:00+00:00,293.93999999999977,294.07999999999976,293.5999999999998,293.6699999999998,1214
2026-06-11T17:15:00+00:00,293.6699999999998,293.8499999999998,293.4199999999998,293.4899999999998,1001
2026-06-11T17:20:00+00:00,293.4899999999998,293.7299999999998,293.4199999999998,293.6099999999998,1102
2026-06-11T17:25:00+00:00,293.6099999999998,296.26999999999975,293.5999999999998,296.1699999999998,2067
2026-06-11T17:30:00+00:00,296.1699999999998,297.2899999999998,295.8599999999998,297.07999999999976,2349
2026-06-11T17:35:00+00:00,297.07999999999976,297.2499999999998,296.31999999999977,296.43999999999977,1646
2026-06-11T17:40:00+00:00,296.43999999999977,297.13999999999976,296.33999999999975,296.88999999999976,1547
2026-06-11T17:45:00+00:00,296.88999999999976,297.08999999999975,296.1599999999998,296.2899999999998,1429
2026-06-11T17:50:00+00:00,296.2899999999998,296.2899999999998,295.7399999999998,295.9799999999998,1495
2026-06-11T17:55:00+00:00,295.9799999999998,296.14999999999975,295.7999999999998,296.1099999999998,1608
2026-06-11T18:00:00+00:00,296.1099999999998,296.3099999999998,295.52999999999975,295.62999999999977,2002
2026-06-11T18:05:00+00:00,295.62999999999977,295.9999999999998,295.4199999999998,295.8599999999998,1511
2026-06-11T18:10:00+00:00,295.8599999999998,296.1599999999998,295.71999999999974,296.1199999999998,1273
2026-06-11T18:15:00+00:00,296.1199999999998,296.69999999999976,296.01999999999975,296.6799999999998,1190
2026-06-11T18:20:00+00:00,296.6799999999998,296.7399999999998,295.9299999999998,296.00999999999976,1457
2026-06-11T18:25:00+00:00,296.00999999999976,296.14999999999975,295.7999999999998,295.8699999999998,1063
2026-06-11T18:30:00+00:00,295.8699999999998,296.1099999999998,295.76999999999975,295.8499999999998,1052
2026-06-11T18:35:00+00:00,295.8499999999998,295.95999999999975,295.52999999999975,295.5499999999998,884
2026-06-11T18:40:00+00:00,295.5499999999998,295.9099999999998,295.5399999999998,295.7899999999998,823
2026-06-11T18:45:00+00:00,295.7899999999998,296.26999999999975,295.7499999999998,296.14999999999975,763
2026-06-11T18:50:00+00:00,296.14999999999975,296.37999999999977,295.9999999999998,296.0499999999998,919
2026-06-11T18:55:00+00:00,296.0499999999998,296.0599999999998,295.43999999999977,295.4999999999998,929
2026-06-11T19:00:00+00:00,295.4999999999998,295.75999999999976,295.3499999999998,295.69999999999976,970
2026-06-11T19:05:00+00:00,295.69999999999976,295.7499999999998,295.31999999999977,295.6599999999998,1109
2026-06-11T19:10:00+00:00,295.6599999999998,295.81999999999977,295.4799999999998,295.68999999999977,1285
2026-06-11T19:15:00+00:00,295.68999999999977,295.9299999999998,295.6099999999998,295.7499999999998,921
2026-06-11T19:20:00+00:00,295.7499999999998,295.82999999999976,295.4299999999998,295.5499999999998,861
2026-06-11T19:25:00+00:00,295.5499999999998,295.76999999999975,295.37999999999977,295.6599999999998,947
2026-06-11T19:30:00+00:00,295.6599999999998,296.3499999999998,295.5499999999998,296.1599999999998,2169
2026-06-11T19:35:00+00:00,296.1599999999998,296.4799999999998,296.06999999999977,296.20999999999975,1076
2026-06-11T19:40:00+00:00,296.20999999999975,296.4999999999998,296.14999999999975,296.32999999999976,926
2026-06-11T19:45:00+00:00,296.32999999999976,296.3699999999998,295.70999999999975,295.71999999999974,1369
2026-06-11T19:50:00+00:00,295.71999999999974,296.33999999999975,295.01999999999975,296.0499999999998,1905
2026-06-11T19:55:00+00:00,296.0499999999998,296.06999999999977,294.9999999999998,295.7399999999998,2760
2026-06-12T13:30:00+00:00,295.7399999999998,297.3499999999998,294.96999999999974,295.62999999999977,2770
2026-06-12T13:35:00+00:00,295.62999999999977,295.6599999999998,293.8599999999998,293.89999999999975,2624
2026-06-12T13:40:00+00:00,293.89999999999975,294.0499999999998,292.1699999999998,292.6599999999998,3487
2026-06-12T13:45:00+00:00,292.6599999999998,293.1599999999998,291.6699999999998,292.00999999999976,2876
2026-06-12T13:50:00+00:00,292.00999999999976,292.63999999999976,291.6599999999998,291.69999999999976,3010
2026-06-12T13:55:00+00:00,291.69999999999976,292.1599999999998,291.31999999999977,291.33999999999975,2334
2026-06-12T14:00:00+00:00,291.33999999999975,291.94999999999976,290.9199999999998,291.71999999999974,1663
2026-06-12T14:05:00+00:00,291.71999999999974,292.26999999999975,291.4099999999998,291.71999999999974,1528
2026-06-12T14:10:00+00:00,291.71999999999974,292.4899999999998,291.64999999999975,292.26999999999975,1725
2026-06-12T14:15:00+00:00,292.26999999999975,293.52999999999975,292.2399999999998,293.12999999999977,1655
2026-06-12T14:20:00+00:00,293.12999999999977,293.1799999999998,292.2999999999998,292.46999999999974,1418
2026-06-12T14:25:00+00:00,292.46999999999974,292.6199999999998,292.01999999999975,292.25999999999976,1379
2026-06-12T14:30:00+00:00,292.25999999999976,292.62999999999977,291.6799999999998,292.08999999999975,1468
2026-06-12T14:35:00+00:00,292.08999999999975,292.1799999999998,291.71999999999974,291.71999999999974,1245
2026-06-12T14:40:00+00:00,291.71999999999974,291.9999999999998,291.1799999999998,291.4299999999998,1420
2026-06-12T14:45:00+00:00,291.4299999999998,291.62999999999977,290.51999999999975,290.56999999999977,1471
2026-06-12T14:50:00+00:00,290.56999999999977,291.6599999999998,290.32999999999976,291.5499999999998,1992
2026-06-12T14:55:00+00:00,291.5499999999998,292.1599999999998,291.31999999999977,291.9999999999998,1719.059229627718
2026-06-12T15:00:00+00:00,291.9999999999998,292.4699999999998,291.2999999999998,292.37999999999977,1647
2026-06-12T15:05:00+00:00,292.37999999999977,293.1599999999998,292.3299999999998,292.6599999999998,1384
2026-06-12T15:10:00+00:00,292.6599999999998,293.1799999999998,292.5399999999998,292.9899999999998,1231
2026-06-12T15:15:00+00:00,292.9899999999998,293.0899999999998,292.5299999999998,292.9199999999998,1118
2026-06-12T15:20:00+00:00,292.9199999999998,293.25999999999976,292.7999999999998,293.0499999999998,873
2026-06-12T15:25:00+00:00,293.0499999999998,293.25999999999976,292.87999999999977,293.1499999999998,897
2026-06-12T15:30:00+00:00,293.1499999999998,293.1599999999998,292.68999999999977,292.7299999999998,1324
2026-06-12T15:35:00+00:00,292.7299999999998,292.8999999999998,291.8599999999998,291.9899999999998,1714
2026-06-12T15:40:00+00:00,291.9899999999998,292.4099999999998,291.7999999999998,292.1599999999998,1465
2026-06-12T15:45:00+00:00,292.1599999999998,292.2799999999998,291.4099999999998,291.4299999999998,1578
2026-06-12T15:50:00+00:00,291.4299999999998,292.3599999999998,291.2999999999998,292.1599999999998,1818
2026-06-12T15:55:00+00:00,292.1599999999998,292.2499999999998,291.37999999999977,291.6099999999998,1669
2026-06-12T16:00:00+00:00,291.6099999999998,291.9099999999998,291.2999999999998,291.4899999999998,1800
2026-06-12T16:05:00+00:00,291.4899999999998,291.5399999999998,291.0999999999998,291.3999999999998,1322
2026-06-12T16:10:00+00:00,291.3999999999998,292.4999999999998,291.1699999999998,292.19999999999976,1960
2026-06-12T16:15:00+00:00,292.19999999999976,292.44999999999976,291.7999999999998,291.9199999999998,1608
2026-06-12T16:20:00+00:00,291.9199999999998,292.1699999999998,291.75999999999976,292.0299999999998,1397
2026-06-12T16:25:00+00:00,292.0299999999998,292.12999999999977,291.8099999999998,291.8299999999998,1012
2026-06-12T16:30:00+00:00,291.8299999999998,292.0299999999998,291.5499999999998,291.5799999999998,963
2026-06-12T16:35:00+00:00,291.5799999999998,291.62999999999977,291.1399999999998,291.3899999999998,998
2026-06-12T16:40:00+00:00,291.3899999999998,291.7699999999998,291.1199999999998,291.2699999999998,1189
2026-06-12T16:45:00+00:00,291.2699999999998,291.69999999999976,291.2499999999998,291.6099999999998,849
2026-06-12T16:50:00+00:00,291.6099999999998,291.7999999999998,291.43999999999977,291.6599999999998,837
2026-06-12T16:55:00+00:00,291.6599999999998,291.7199999999998,291.0399999999998,291.4099999999998,1004
2026-06-12T17:00:00+00:00,291.4099999999998,291.7699999999998,291.3499999999998,291.6799999999998,956
2026-06-12T17:05:00+00:00,291.6799999999998,291.93999999999977,291.5599999999998,291.6799999999998,1065
2026-06-12T17:10:00+00:00,291.6799999999998,291.8499999999998,291.43999999999977,291.7699999999998,793
2026-06-12T17:15:00+00:00,291.7699999999998,292.3399999999998,291.62999999999977,292.2399999999998,965
2026-06-12T17:20:00+00:00,292.2399999999998,292.5299999999998,292.0599999999998,292.1799999999998,756
2026-06-12T17:25:00+00:00,292.1799999999998,292.2099999999998,291.69999999999976,291.75999999999976,826
2026-06-12T17:30:00+00:00,291.75999999999976,291.7999999999998,291.50999999999976,291.5599999999998,874
2026-06-12T17:35:00+00:00,291.5599999999998,291.6599999999998,291.3599999999998,291.4799999999998,918
2026-06-12T17:40:00+00:00,291.4799999999998,291.5399999999998,290.6799999999998,290.69999999999976,751
2026-06-12T17:45:00+00:00,290.69999999999976,290.87999999999977,290.62999999999977,290.8399999999998,743
2026-06-12T17:50:00+00:00,290.8399999999998,290.93999999999977,290.5999999999998,290.6199999999998,538
2026-06-12T17:55:00+00:00,290.6199999999998,290.6199999999998,290.0999999999998,290.1799999999998,709
2026-06-12T18:00:00+00:00,290.1799999999998,290.3699999999998,289.9699999999998,290.0499999999998,708
2026-06-12T18:05:00+00:00,290.0499999999998,290.37999999999977,289.9199999999998,290.37999999999977,841
2026-06-12T18:10:00+00:00,290.37999999999977,290.87999999999977,290.3699999999998,290.56999999999977,721
2026-06-12T18:15:00+00:00,290.56999999999977,290.6699999999998,290.19999999999976,290.3699999999998,588
2026-06-12T18:20:00+00:00,290.3699999999998,290.5899999999998,290.2999999999998,290.5199999999998,503
2026-06-12T18:25:00+00:00,290.5199999999998,290.6399999999998,290.37999999999977,290.5299999999998,616
2026-06-12T18:30:00+00:00,290.5299999999998,290.87999999999977,290.50999999999976,290.7699999999998,619
2026-06-12T18:35:00+00:00,290.7699999999998,290.9899999999998,290.6799999999998,290.8499999999998,477
2026-06-12T18:40:00+00:00,290.8499999999998,290.9899999999998,290.7099999999998,290.9199999999998,550
2026-06-12T18:45:00+00:00,290.9199999999998,291.0499999999998,290.7999999999998,290.8499999999998,504
2026-06-12T18:50:00+00:00,290.8499999999998,290.9599999999998,290.69999999999976,290.93999999999977,544
2026-06-12T18:55:00+00:00,290.93999999999977,291.00999999999976,290.69999999999976,290.7699999999998,649
2026-06-12T19:00:00+00:00,290.7699999999998,291.2799999999998,290.6499999999998,291.1399999999998,583
2026-06-12T19:05:00+00:00,291.1399999999998,291.18999999999977,290.8099999999998,290.9199999999998,599
2026-06-12T19:10:00+00:00,290.9199999999998,291.00999999999976,290.7999999999998,290.9199999999998,599
2026-06-12T19:15:00+00:00,290.9199999999998,291.0999999999998,290.7199999999998,291.00999999999976,755
2026-06-12T19:20:00+00:00,291.00999999999976,291.1799999999998,290.93999999999977,291.0899999999998,576
2026-06-12T19:25:00+00:00,291.0899999999998,291.1699999999998,290.9099999999998,290.9099999999998,624
2026-06-12T19:30:00+00:00,290.9099999999998,291.0299999999998,290.7199999999998,290.8399999999998,675
2026-06-12T19:35:00+00:00,290.8399999999998,290.9699999999998,290.4699999999998,290.7399999999998,895
2026-06-12T19:40:00+00:00,290.7399999999998,290.87999999999977,290.6099999999998,290.7999999999998,641
2026-06-12T19:45:00+00:00,290.7999999999998,291.1599999999998,290.7699999999998,291.0899999999998,599
2026-06-12T19:50:00+00:00,291.0899999999998,291.6699999999998,290.9599999999998,291.6199999999998,992
2026-06-12T19:55:00+00:00,291.6199999999998,291.9299999999998,291.2199999999998,291.37999999999977,989
2026-06-15T13:30:00+00:00,291.37999999999977,294.3299999999998,291.37999999999977,294.06999999999977,1881
2026-06-15T13:35:00+00:00,294.06999999999977,295.2499999999998,293.81999999999977,294.93999999999977,2047
2026-06-15T13:40:00+00:00,294.93999999999977,296.0899999999998,294.81999999999977,295.3099999999998,1886
2026-06-15T13:45:00+00:00,295.3099999999998,295.7099999999998,295.1499999999998,295.6799999999998,1676
2026-06-15T13:50:00+00:00,295.6799999999998,295.8399999999998,294.94999999999976,295.31999999999977,1797
2026-06-15T13:55:00+00:00,295.31999999999977,296.19999999999976,295.0499999999998,295.4699999999998,1636
2026-06-15T14:00:00+00:00,295.4699999999998,296.19999999999976,295.3399999999998,295.8499999999998,1483
2026-06-15T14:05:00+00:00,295.8499999999998,296.2499999999998,295.5799999999998,295.7899999999998,1260
2026-06-15T14:10:00+00:00,295.7899999999998,296.6099999999998,295.7899999999998,296.1699999999998,1446
2026-06-15T14:15:00+00:00,296.1699999999998,296.5899999999998,295.9299999999998,296.37999999999977,1425
2026-06-15T14:20:00+00:00,296.37999999999977,296.4199999999998,295.7299999999998,295.75999999999976,1547
2026-06-15T14:25:00+00:00,295.75999999999976,296.0899999999998,295.6699999999998,295.93999999999977,1333
2026-06-15T14:30:00+00:00,295.93999999999977,296.62999999999977,295.8899999999998,296.3599999999998,1377
2026-06-15T14:35:00+00:00,296.3599999999998,296.4799999999998,295.69999999999976,295.7199999999998,1503
2026-06-15T14:40:00+00:00,295.7199999999998,296.5199999999998,295.69999999999976,296.4999999999998,1366
2026-06-15T14:45:00+00:00,296.4999999999998,296.9999999999998,296.3999999999998,296.8099999999998,936
2026-06-15T14:50:00+00:00,296.8099999999998,296.9999999999998,296.4999999999998,296.9199999999998,879
2026-06-15T14:55:00+00:00,296.9199999999998,296.9299999999998,296.5599999999998,296.7999999999998,818
2026-06-15T15:00:00+00:00,296.7999999999998,297.1799999999998,296.68999999999977,296.9899999999998,978
2026-06-15T15:05:00+00:00,296.9899999999998,297.06999999999977,296.4299999999998,296.5999999999998,850
2026-06-15T15:10:00+00:00,296.5999999999998,296.7699999999998,296.44999999999976,296.6099999999998,710
2026-06-15T15:15:00+00:00,296.6099999999998,296.8499999999998,296.5899999999998,296.6399999999998,541
2026-06-15T15:20:00+00:00,296.6399999999998,296.8599999999998,296.62999999999977,296.8299999999998,476
2026-06-15T15:25:00+00:00,296.8299999999998,297.1399999999998,296.7399999999998,296.7999999999998,628
2026-06-15T15:30:00+00:00,296.7999999999998,296.9999999999998,296.4899999999998,296.7399999999998,953
2026-06-15T15:35:00+00:00,296.7399999999998,297.06999999999977,296.6699999999998,296.9699999999998,770
2026-06-15T15:40:00+00:00,296.9699999999998,297.50999999999976,296.9599999999998,297.2899999999998,579
2026-06-15T15:45:00+00:00,297.2899999999998,297.8499999999998,297.2899999999998,297.75999999999976,648
2026-06-15T15:50:00+00:00,297.75999999999976,297.8999999999998,297.4999999999998,297.56999999999977,645
2026-06-15T15:55:00+00:00,297.56999999999977,298.0599999999998,297.4999999999998,297.7799999999998,663
2026-06-15T16:00:00+00:00,297.7799999999998,298.06999999999977,297.6099999999998,297.7699999999998,718
2026-06-15T16:05:00+00:00,297.7699999999998,297.8599999999998,297.5399999999998,297.5599999999998,561
2026-06-15T16:10:00+00:00,297.5599999999998,297.6499999999998,297.1799999999998,297.3599999999998,688
2026-06-15T16:15:00+00:00,297.3599999999998,297.4099999999998,297.1599999999998,297.3699999999998,469
2026-06-15T16:20:00+00:00,297.3699999999998,297.6499999999998,297.2899999999998,297.4899999999998,521
2026-06-15T16:25:00+00:00,297.4899999999998,297.6599999999998,297.3999999999998,297.5299999999998,357
2026-06-15T16:30:00+00:00,297.5299999999998,297.6499999999998,297.3499999999998,297.50999999999976,422
2026-06-15T16:35:00+00:00,297.50999999999976,297.5599999999998,297.2299999999998,297.3499999999998,408
2026-06-15T16:40:00+00:00,297.3499999999998,297.3999999999998,297.12999999999977,297.2699999999998,414
2026-06-15T16:45:00+00:00,297.2699999999998,297.2799999999998,296.9799999999998,296.9999999999998,401
2026-06-15T16:50:00+00:00,296.9999999999998,297.18999999999977,296.8499999999998,296.9799999999998,370
2026-06-15T16:55:00+00:00,296.9799999999998,297.2699999999998,296.8599999999998,297.2499999999998,463
2026-06-15T17:00:00+00:00,297.2499999999998,297.2499999999998,296.5499999999998,296.81999999999977,514
2026-06-15T17:05:00+00:00,296.81999999999977,297.00999999999976,296.6199999999998,296.8999999999998,579
2026-06-15T17:10:00+00:00,296.8999999999998,297.0799999999998,296.81999999999977,296.9799999999998,433
2026-06-15T17:15:00+00:00,296.9799999999998,297.3599999999998,296.87999999999977,297.0499999999998,524
2026-06-15T17:20:00+00:00,297.0499999999998,297.4999999999998,296.9899999999998,297.1099999999998,495
2026-06-15T17:25:00+00:00,297.1099999999998,297.2499999999998,296.8099999999998,296.94999999999976,409
2026-06-15T17:30:00+00:00,296.94999999999976,297.0899999999998,296.6799999999998,296.8899999999998,483
2026-06-15T17:35:00+00:00,296.8899999999998,297.2899999999998,296.87999999999977,297.2299999999998,472
2026-06-15T17:40:00+00:00,297.2299999999998,297.2899999999998,296.7999999999998,296.8499999999998,440
2026-06-15T17:45:00+00:00,296.8499999999998,296.9199999999998,296.56999999999977,296.6799999999998,441
2026-06-15T17:50:00+00:00,296.6799999999998,296.6799999999998,296.2099999999998,296.2499999999998,412
2026-06-15T17:55:00+00:00,296.2499999999998,296.3099999999998,295.9099999999998,296.00999999999976,475
2026-06-15T18:00:00+00:00,296.00999999999976,296.1199999999998,295.44999999999976,295.5499999999998,784
2026-06-15T18:05:00+00:00,295.5499999999998,296.0999999999998,295.44999999999976,296.00999999999976,683
2026-06-15T18:10:00+00:00,296.00999999999976,296.0399999999998,295.8499999999998,295.87999999999977,484
2026-06-15T18:15:00+00:00,295.87999999999977,296.0299999999998,295.3999999999998,295.43999999999977,546
2026-06-15T18:20:00+00:00,295.43999999999977,295.8699999999998,295.4299999999998,295.4999999999998,514
2026-06-15T18:25:00+00:00,295.4999999999998,295.5199999999998,295.25999999999976,295.31999999999977,441
2026-06-15T18:30:00+00:00,295.31999999999977,295.9099999999998,295.2999999999998,295.8399999999998,615
2026-06-15T18:35:00+00:00,295.8399999999998,296.1599999999998,295.62999999999977,296.1599999999998,573
2026-06-15T18:40:00+00:00,296.1599999999998,296.5799999999998,296.0599999999998,296.4699999999998,476
2026-06-15T18:45:00+00:00,296.4699999999998,296.6399999999998,296.4299999999998,296.4699999999998,420
2026-06-15T18:50:00+00:00,296.4699999999998,296.6599999999998,296.4199999999998,296.4599999999998,326
2026-06-15T18:55:00+00:00,296.4599999999998,296.69999999999976,296.4299999999998,296.6399999999998,340
2026-06-15T19:00:00+00:00,296.6399999999998,296.7199999999998,296.5299999999998,296.6599999999998,552
2026-06-15T19:05:00+00:00,296.6599999999998,296.75999999999976,296.43999999999977,296.5399999999998,527
2026-06-15T19:10:00+00:00,296.5399999999998,296.7499999999998,296.4799999999998,296.6799999999998,376
2026-06-15T19:15:00+00:00,296.6799999999998,296.7999999999998,296.2699999999998,296.31999999999977,461
2026-06-15T19:20:00+00:00,296.31999999999977,296.4999999999998,296.25999999999976,296.4999999999998,322
2026-06-15T19:25:00+00:00,296.4999999999998,296.9099999999998,296.4099999999998,296.7799999999998,474
2026-06-15T19:30:00+00:00,296.7799999999998,296.9599999999998,296.6199999999998,296.6499999999998,722
2026-06-15T19:35:00+00:00,296.6499999999998,296.69999999999976,296.1599999999998,296.3899999999998,625
2026-06-15T19:40:00+00:00,296.3899999999998,296.6799999999998,296.2999999999998,296.6399999999998,473
2026-06-15T19:45:00+00:00,296.6399999999998,296.7199999999998,296.43999999999977,296.6699999999998,640
2026-06-15T19:50:00+00:00,296.6699999999998,296.6699999999998,295.9099999999998,296.0899999999998,1026
2026-06-15T19:55:00+00:00,296.0899999999998,296.8399999999998,295.87999999999977,296.75999999999976,1207
2026-06-16T13:30:00+00:00,296.75999999999976,296.75999999999976,294.50999999999976,296.4999999999998,1018
2026-06-16T13:35:00+00:00,296.4999999999998,296.75999999999976,294.9099999999998,294.93999999999977,1782
2026-06-16T13:40:00+00:00,294.93999999999977,295.6599999999998,294.2499999999998,295.6599999999998,1344
2026-06-16T13:45:00+00:00,295.6599999999998,296.2399999999998,295.5399999999998,295.9999999999998,1362
2026-06-16T13:50:00+00:00,295.9999999999998,297.7899999999998,295.9799999999998,297.7699999999998,1211
2026-06-16T13:55:00+00:00,297.7699999999998,298.2299999999998,297.3399999999998,297.3399999999998,1222
2026-06-16T14:00:00+00:00,297.3399999999998,298.0799999999998,297.1199999999998,297.7999999999998,1576
2026-06-16T14:05:00+00:00,297.7999999999998,297.8399999999998,297.3599999999998,297.4799999999998,1455
2026-06-16T14:10:00+00:00,297.4799999999998,298.0799999999998,297.44999999999976,297.6699999999998,1581
2026-06-16T14:15:00+00:00,297.6699999999998,298.2799999999998,297.6399999999998,297.8999999999998,1558
2026-06-16T14:20:00+00:00,297.8999999999998,298.2299999999998,297.4099999999998,297.7999999999998,1755
2026-06-16T14:25:00+00:00,297.7999999999998,297.93999999999977,296.9999999999998,297.7699999999998,1781
2026-06-16T14:30:00+00:00,297.7699999999998,298.1799999999998,297.37999999999977,297.4099999999998,1440
2026-06-16T14:35:00+00:00,297.4099999999998,297.81999999999977,297.2199999999998,297.7199999999998,1533
2026-06-16T14:40:00+00:00,297.7199999999998,298.00999999999976,297.4799999999998,297.5799999999998,1426
2026-06-16T14:45:00+00:00,297.5799999999998,298.2499999999998,297.5199999999998,298.0199999999998,1318
2026-06-16T14:50:00+00:00,298.0199999999998,298.25999999999976,297.7299999999998,298.1099999999998,1002
2026-06-16T14:55:00+00:00,298.1099999999998,298.3099999999998,297.7199999999998,297.81999999999977,1427
2026-06-16T15:00:00+00:00,297.81999999999977,298.1499999999998,297.7699999999998,298.0599999999998,1175
2026-06-16T15:05:00+00:00,298.0599999999998,298.5199999999998,297.9799999999998,298.3699999999998,937
2026-06-16T15:10:00+00:00,298.3699999999998,298.4899999999998,298.0899999999998,298.37999999999977,831
2026-06-16T15:15:00+00:00,298.37999999999977,298.3999999999998,297.7699999999998,297.7799999999998,723
2026-06-16T15:20:00+00:00,297.7799999999998,298.4099999999998,297.4799999999998,298.3599999999998,1120
2026-06-16T15:25:00+00:00,298.3599999999998,298.7199999999998,298.2199999999998,298.4299999999998,1147
2026-06-16T15:30:00+00:00,298.4299999999998,298.50999999999976,297.81999999999977,298.0899999999998,927
2026-06-16T15:35:00+00:00,298.0899999999998,298.7399999999998,297.7999999999998,298.6599999999998,964
2026-06-16T15:40:00+00:00,298.6599999999998,298.7399999999998,298.2899999999998,298.3899999999998,1157
2026-06-16T15:45:00+00:00,298.3899999999998,298.6699999999998,298.2999999999998,298.6199999999998,1300
2026-06-16T15:50:00+00:00,298.6199999999998,298.8499999999998,298.31999999999977,298.5399999999998,1368
2026-06-16T15:55:00+00:00,298.5399999999998,298.7099999999998,298.3299999999998,298.43999999999977,1363
2026-06-16T16:00:00+00:00,298.43999999999977,298.93999999999977,298.3499999999998,298.5499999999998,1304
2026-06-16T16:05:00+00:00,298.5499999999998,298.8399999999998,298.4299999999998,298.7699999999998,878
2026-06-16T16:10:00+00:00,298.7699999999998,299.4799999999998,298.7499999999998,299.3899999999998,1021
2026-06-16T16:15:00+00:00,299.3899999999998,299.56999999999977,299.1599999999998,299.2999999999998,917
2026-06-16T16:20:00+00:00,299.2999999999998,299.44999999999976,299.12999999999977,299.2999999999998,936
2026-06-16T16:25:00+00:00,299.2999999999998,299.4799999999998,299.00999999999976,299.1799999999998,588
2026-06-16T16:30:00+00:00,299.1799999999998,299.5499999999998,299.0899999999998,299.2099999999998,791
2026-06-16T16:35:00+00:00,299.2099999999998,299.4799999999998,299.1699999999998,299.3699999999998,848
2026-06-16T16:40:00+00:00,299.3699999999998,299.4699999999998,299.0799999999998,299.3299999999998,954
2026-06-16T16:45:00+00:00,299.3299999999998,299.9599999999998,299.2799999999998,299.8599999999998,661
2026-06-16T16:50:00+00:00,299.8599999999998,300.0499999999998,299.50999999999976,299.6599999999998,911
2026-06-16T16:55:00+00:00,299.6599999999998,299.8599999999998,299.50999999999976,299.7299999999998,802
2026-06-16T17:00:00+00:00,299.7299999999998,299.7499999999998,299.3599999999998,299.4599999999998,845
2026-06-16T17:05:00+00:00,299.4599999999998,299.7999999999998,299.4099999999998,299.7699999999998,540
2026-06-16T17:10:00+00:00,299.7699999999998,300.00999999999976,299.7099999999998,299.94999999999976,533
2026-06-16T17:15:00+00:00,299.94999999999976,300.7399999999998,299.93999999999977,300.4599999999998,681
2026-06-16T17:20:00+00:00,300.4599999999998,300.6399999999998,300.2999999999998,300.3899999999998,812
2026-06-16T17:25:00+00:00,300.3899999999998,300.6799999999998,300.37999999999977,300.5799999999998,615
2026-06-16T17:30:00+00:00,300.5799999999998,300.7499999999998,300.3899999999998,300.4699999999998,603
2026-06-16T17:35:00+00:00,300.4699999999998,300.5599999999998,300.0899999999998,300.2099999999998,591
2026-06-16T17:40:00+00:00,300.2099999999998,300.37999999999977,300.1099999999998,300.1499999999998,792
2026-06-16T17:45:00+00:00,300.1499999999998,300.19999999999976,299.8999999999998,300.1499999999998,577
2026-06-16T17:50:00+00:00,300.1499999999998,300.2299999999998,299.6499999999998,299.94999999999976,643
2026-06-16T17:55:00+00:00,299.94999999999976,300.0799999999998,299.7799999999998,299.87999999999977,582
2026-06-16T18:00:00+00:00,299.87999999999977,299.8999999999998,299.6599999999998,299.7499999999998,661
2026-06-16T18:05:00+00:00,299.7499999999998,300.0499999999998,299.4899999999998,299.5299999999998,500
2026-06-16T18:10:00+00:00,299.5299999999998,299.5599999999998,299.2099999999998,299.3099999999998,488
2026-06-16T18:15:00+00:00,299.3099999999998,299.37999999999977,299.1199999999998,299.1399999999998,566
2026-06-16T18:20:00+00:00,299.1399999999998,299.18999999999977,298.8499999999998,298.9599999999998,517
2026-06-16T18:25:00+00:00,298.9599999999998,299.2799999999998,298.9099999999998,298.9699999999998,411
2026-06-16T18:30:00+00:00,298.9699999999998,299.1099999999998,298.9099999999998,298.9799999999998,415
2026-06-16T18:35:00+00:00,298.9799999999998,299.7799999999998,298.9599999999998,299.7799999999998,635
2026-06-16T18:40:00+00:00,299.7799999999998,299.9199999999998,299.7199999999998,299.8399999999998,582
2026-06-16T18:45:00+00:00,299.8399999999998,299.87999999999977,299.62999999999977,299.6799999999998,472
2026-06-16T18:50:00+00:00,299.6799999999998,299.8299999999998,299.56999999999977,299.5799999999998,419
2026-06-16T18:55:00+00:00,299.5799999999998,299.7899999999998,299.43999999999977,299.43999999999977,458
2026-06-16T19:00:00+00:00,299.43999999999977,299.5399999999998,299.0999999999998,299.1099999999998,519
2026-06-16T19:05:00+00:00,299.1099999999998,299.2699999999998,298.9699999999998,299.2699999999998,658
2026-06-16T19:10:00+00:00,299.2699999999998,299.3399999999998,299.0999999999998,299.2199999999998,664
2026-06-16T19:15:00+00:00,299.2199999999998,299.3699999999998,298.9599999999998,299.1699999999998,786
2026-06-16T19:20:00+00:00,299.1699999999998,299.19999999999976,298.7499999999998,298.75999999999976,660
2026-06-16T19:25:00+00:00,298.75999999999976,299.0199999999998,298.50999999999976,298.5399999999998,631
2026-06-16T19:30:00+00:00,298.5399999999998,298.8399999999998,298.5199999999998,298.68999999999977,682
2026-06-16T19:35:00+00:00,298.68999999999977,298.8999999999998,298.6099999999998,298.8499999999998,748
2026-06-16T19:40:00+00:00,298.8499999999998,298.9899999999998,298.75999999999976,298.8399999999998,699
2026-06-16T19:45:00+00:00,298.8399999999998,299.2999999999998,298.8099999999998,299.2699999999998,652
2026-06-16T19:50:00+00:00,299.2699999999998,299.6199999999998,298.9599999999998,299.56999999999977,1375
2026-06-16T19:55:00+00:00,299.56999999999977,299.7699999999998,299.12999999999977,299.6199999999998,2319
2026-06-17T13:30:00+00:00,299.6199999999998,302.1699999999998,299.6199999999998,300.50999999999976,1201
2026-06-17T13:35:00+00:00,300.50999999999976,301.1499999999998,300.1499999999998,301.0199999999998,1105
2026-06-17T13:40:00+00:00,301.0199999999998,302.06999999999977,300.75999999999976,301.4799999999998,1335
2026-06-17T13:45:00+00:00,301.4799999999998,301.5799999999998,300.0999999999998,300.0999999999998,1130
2026-06-17T13:50:00+00:00,300.0999999999998,300.8699999999998,299.5199999999998,300.8399999999998,1360
2026-06-17T13:55:00+00:00,300.8399999999998,301.00999999999976,300.56999999999977,300.62999999999977,861
2026-06-17T14:00:00+00:00,300.62999999999977,300.81999999999977,299.6799999999998,299.8599999999998,846
2026-06-17T14:05:00+00:00,299.8599999999998,300.6399999999998,299.7999999999998,300.5399999999998,951
2026-06-17T14:10:00+00:00,300.5399999999998,300.7499999999998,300.25999999999976,300.68999999999977,776
2026-06-17T14:15:00+00:00,300.68999999999977,300.8699999999998,300.2299999999998,300.6099999999998,887
2026-06-17T14:20:00+00:00,300.6099999999998,300.94999999999976,300.2799999999998,300.9199999999998,874
2026-06-17T14:25:00+00:00,300.9199999999998,301.19999999999976,300.6599999999998,300.7299999999998,838
2026-06-17T14:30:00+00:00,300.7299999999998,300.7999999999998,299.9199999999998,300.06999999999977,797
2026-06-17T14:35:00+00:00,300.06999999999977,300.06999999999977,299.1599999999998,299.1799999999998,1051
2026-06-17T14:40:00+00:00,299.1799999999998,299.9999999999998,298.9899999999998,299.8699999999998,1003
2026-06-17T14:45:00+00:00,299.8699999999998,300.1399999999998,299.0499999999998,299.5799999999998,1563
2026-06-17T14:50:00+00:00,299.5799999999998,299.5999999999998,298.8899999999998,298.8899999999998,840
2026-06-17T14:55:00+00:00,298.8899999999998,298.9999999999998,298.62999999999977,298.75999999999976,801.4253544620517
2026-06-17T15:00:00+00:00,298.75999999999976,298.96999999999974,297.7399999999997,297.7499999999997,925
2026-06-17T15:05:00+00:00,297.7499999999997,297.9399999999997,297.50999999999976,297.52999999999975,832
2026-06-17T15:10:00+00:00,297.52999999999975,297.88999999999976,297.3699999999997,297.70999999999975,783
2026-06-17T15:15:00+00:00,297.70999999999975,298.39999999999975,297.6899999999997,298.07999999999976,936
2026-06-17T15:20:00+00:00,298.07999999999976,298.2999999999997,297.96999999999974,298.2999999999997,761
2026-06-17T15:25:00+00:00,298.2999999999997,298.2999999999997,297.45999999999975,297.6799999999997,776
2026-06-17T15:30:00+00:00,297.6799999999997,297.72999999999973,297.37999999999977,297.65999999999974,876
2026-06-17T15:35:00+00:00,297.65999999999974,297.7499999999997,297.27999999999975,297.32999999999976,929
2026-06-17T15:40:00+00:00,297.32999999999976,297.50999999999976,296.94999999999976,297.03999999999974,652
2026-06-17T15:45:00+00:00,297.03999999999974,297.6899999999997,296.91999999999973,297.58999999999975,779
2026-06-17T15:50:00+00:00,297.58999999999975,298.1199999999997,297.5599999999997,298.10999999999973,695
2026-06-17T15:55:00+00:00,298.10999999999973,299.0599999999997,298.06999999999977,298.83999999999975,687
2026-06-17T16:00:00+00:00,298.83999999999975,299.4399999999997,298.8099999999997,299.16999999999973,692
2026-06-17T16:05:00+00:00,299.16999999999973,299.2999999999997,298.51999999999975,298.52999999999975,787
2026-06-17T16:10:00+00:00,298.52999999999975,298.82999999999976,298.40999999999974,298.69999999999976,582
2026-06-17T16:15:00+00:00,298.69999999999976,299.01999999999975,298.66999999999973,299.00999999999976,487
2026-06-17T16:20:00+00:00,299.00999999999976,299.0599999999997,298.62999999999977,298.90999999999974,424
2026-06-17T16:25:00+00:00,298.90999999999974,299.14999999999975,298.85999999999973,298.85999999999973,367
2026-06-17T16:30:00+00:00,298.85999999999973,298.96999999999974,298.66999999999973,298.9399999999997,468
2026-06-17T16:35:00+00:00,298.9399999999997,299.01999999999975,298.4899999999997,298.6799999999997,481
2026-06-17T16:40:00+00:00,298.6799999999997,298.81999999999977,298.53999999999974,298.7499999999997,577
2026-06-17T16:45:00+00:00,298.7499999999997,298.7499999999997,298.40999999999974,298.66999999999973,419
2026-06-17T16:50:00+00:00,298.66999999999973,298.76999999999975,298.4899999999997,298.6899999999997,332
2026-06-17T16:55:00+00:00,298.6899999999997,298.7999999999997,298.35999999999973,298.45999999999975,434
2026-06-17T17:00:00+00:00,298.45999999999975,298.4899999999997,297.4899999999997,297.53999999999974,712
2026-06-17T17:05:00+00:00,297.53999999999974,297.56999999999977,296.97999999999973,297.09999999999974,765
2026-06-17T17:10:00+00:00,297.09999999999974,297.37999999999977,296.90999999999974,296.95999999999975,591
2026-06-17T17:15:00+00:00,296.95999999999975,297.3099999999997,296.85999999999973,297.3099999999997,699
2026-06-17T17:20:00+00:00,297.3099999999997,297.50999999999976,297.08999999999975,297.09999999999974,581
2026-06-17T17:25:00+00:00,297.09999999999974,297.2399999999997,296.84999999999974,297.09999999999974,505
2026-06-17T17:30:00+00:00,297.09999999999974,297.09999999999974,296.70999999999975,296.7499999999997,521
2026-06-17T17:35:00+00:00,296.7499999999997,297.40999999999974,296.72999999999973,297.3699999999997,481
2026-06-17T17:40:00+00:00,297.3699999999997,297.38999999999976,297.08999999999975,297.15999999999974,420
2026-06-17T17:45:00+00:00,297.15999999999974,297.4999999999997,297.1199999999997,297.45999999999975,476
2026-06-17T17:50:00+00:00,297.45999999999975,297.88999999999976,297.4399999999997,297.6899999999997,381
2026-06-17T17:55:00+00:00,297.6899999999997,297.7999999999997,297.45999999999975,297.7499999999997,503
2026-06-17T18:00:00+00:00,297.7499999999997,297.7999999999997,296.4999999999997,296.53999999999974,1583
2026-06-17T18:05:00+00:00,296.53999999999974,296.81999999999977,295.97999999999973,296.5499999999997,1851
2026-06-17T18:10:00+00:00,296.5499999999997,296.64999999999975,295.9399999999997,296.09999999999974,1373
2026-06-17T18:15:00+00:00,296.09999999999974,296.8099999999997,296.08999999999975,296.63999999999976,1263
2026-06-17T18:20:00+00:00,296.63999999999976,296.64999999999975,295.87999999999977,295.89999999999975,968
2026-06-17T18:25:00+00:00,295.89999999999975,296.13999999999976,295.58999999999975,296.12999999999977,1272
2026-06-17T18:30:00+00:00,296.12999999999977,296.6199999999997,295.46999999999974,295.53999999999974,1929
2026-06-17T18:35:00+00:00,295.53999999999974,296.25999999999976,295.47999999999973,295.7999999999997,1613
2026-06-17T18:40:00+00:00,295.7999999999997,296.69999999999976,295.7499999999997,296.50999999999976,1766
2026-06-17T18:45:00+00:00,296.50999999999976,296.58999999999975,295.7499999999997,295.7499999999997,1128
2026-06-17T18:50:00+00:00,295.7499999999997,295.9399999999997,295.53999999999974,295.53999999999974,1247
2026-06-17T18:55:00+00:00,295.53999999999974,295.5599999999997,294.6199999999997,294.8699999999997,1618
2026-06-17T19:00:00+00:00,294.8699999999997,295.35999999999973,294.66999999999973,295.19999999999976,1834
2026-06-17T19:05:00+00:00,295.19999999999976,295.60999999999973,295.10999999999973,295.27999999999975,1365
2026-06-17T19:10:00+00:00,295.27999999999975,296.10999999999973,295.0499999999997,295.78999999999974,1395
2026-06-17T19:15:00+00:00,295.78999999999974,295.9299999999997,295.34999999999974,295.35999999999973,1295
2026-06-17T19:20:00+00:00,295.35999999999973,295.65999999999974,295.0499999999997,295.34999999999974,1559
2026-06-17T19:25:00+00:00,295.34999999999974,295.72999999999973,295.27999999999975,295.44999999999976,1247
2026-06-17T19:30:00+00:00,295.44999999999976,295.64999999999975,295.13999999999976,295.40999999999974,1483
2026-06-17T19:35:00+00:00,295.40999999999974,295.69999999999976,295.13999999999976,295.31999999999977,1242
2026-06-17T19:40:00+00:00,295.31999999999977,295.51999999999975,294.8699999999997,295.1799999999997,1774
2026-06-17T19:45:00+00:00,295.1799999999997,295.5599999999997,295.0499999999997,295.2999999999997,1463
2026-06-17T19:50:00+00:00,295.2999999999997,295.87999999999977,294.85999999999973,295.65999999999974,1897
2026-06-17T19:55:00+00:00,295.65999999999974,296.4999999999997,295.52999999999975,296.14999999999975,2031
2026-06-18T13:30:00+00:00,296.14999999999975,300.58999999999975,296.14999999999975,298.34999999999974,1831
2026-06-18T13:35:00+00:00,298.34999999999974,298.39999999999975,295.88999999999976,296.58999999999975,1968
2026-06-18T13:40:00+00:00,296.58999999999975,297.91999999999973,295.97999999999973,297.89999999999975,1422
2026-06-18T13:45:00+00:00,297.89999999999975,298.27999999999975,297.3699999999997,298.2499999999997,1715
2026-06-18T13:50:00+00:00,298.2499999999997,298.87999999999977,297.8099999999997,298.39999999999975,1390
2026-06-18T13:55:00+00:00,298.39999999999975,298.9399999999997,298.13999999999976,298.46999999999974,1470
2026-06-18T14:00:00+00:00,298.46999999999974,299.34999999999974,298.28999999999974,299.06999999999977,1635
2026-06-18T14:05:00+00:00,299.06999999999977,299.71999999999974,298.7499999999997,299.52999999999975,1382
2026-06-18T14:10:00+00:00,299.52999999999975,299.65999999999974,299.00999999999976,299.16999999999973,1164
2026-06-18T14:15:00+00:00,299.16999999999973,299.7499999999997,298.84999999999974,299.51999999999975,1382
2026-06-18T14:20:00+00:00,299.51999999999975,299.57999999999976,298.4899999999997,299.37999999999977,1421
2026-06-18T14:25:00+00:00,299.37999999999977,299.88999999999976,298.9399999999997,299.8699999999997,1406
2026-06-18T14:30:00+00:00,299.8699999999997,300.00999999999976,298.78999999999974,299.15999999999974,1407
2026-06-18T14:35:00+00:00,299.15999999999974,299.72999999999973,298.95999999999975,299.6899999999997,1092
2026-06-18T14:40:00+00:00,299.6899999999997,300.01999999999975,299.4299999999997,299.9399999999997,1020
2026-06-18T14:45:00+00:00,299.9399999999997,300.84999999999974,299.81999999999977,300.62999999999977,1002
2026-06-18T14:50:00+00:00,300.62999999999977,300.6899999999997,299.62999999999977,299.7399999999997,1165
2026-06-18T14:55:00+00:00,299.7399999999997,300.12999999999977,299.39999999999975,299.44999999999976,1107
2026-06-18T15:00:00+00:00,299.44999999999976,299.4899999999997,298.1899999999997,298.52999999999975,1234
2026-06-18T15:05:00+00:00,298.52999999999975,298.84999999999974,298.1799999999997,298.60999999999973,1145
2026-06-18T15:10:00+00:00,298.60999999999973,299.00999999999976,298.3099999999997,298.32999999999976,1125
2026-06-18T15:15:00+00:00,298.32999999999976,298.41999999999973,297.4999999999997,297.65999999999974,1066
2026-06-18T15:20:00+00:00,297.65999999999974,297.78999999999974,297.4299999999997,297.5499999999997,928
2026-06-18T15:25:00+00:00,297.5499999999997,297.77999999999975,297.2399999999997,297.3699999999997,864
2026-06-18T15:30:00+00:00,297.3699999999997,297.5499999999997,297.13999999999976,297.41999999999973,1121
2026-06-18T15:35:00+00:00,297.41999999999973,297.66999999999973,297.02999999999975,297.37999999999977,1179
2026-06-18T15:40:00+00:00,297.37999999999977,297.37999999999977,296.41999999999973,296.4899999999997,957
2026-06-18T15:45:00+00:00,296.4899999999997,296.57999999999976,296.2399999999997,296.57999999999976,1115
2026-06-18T15:50:00+00:00,296.57999999999976,297.6199999999997,296.52999999999975,297.6199999999997,978
2026-06-18T15:55:00+00:00,297.6199999999997,297.88999999999976,297.45999999999975,297.60999999999973,777
2026-06-18T16:00:00+00:00,297.60999999999973,298.00999999999976,297.22999999999973,297.2399999999997,785
2026-06-18T16:05:00+00:00,297.2399999999997,297.4899999999997,297.01999999999975,297.08999999999975,860
2026-06-18T16:10:00+00:00,297.08999999999975,297.38999999999976,296.96999999999974,297.31999999999977,657
2026-06-18T16:15:00+00:00,297.31999999999977,297.66999999999973,297.16999999999973,297.57999999999976,742
2026-06-18T16:20:00+00:00,297.57999999999976,297.78999999999974,297.41999999999973,297.4299999999997,823
2026-06-18T16:25:00+00:00,297.4299999999997,297.77999999999975,297.31999999999977,297.70999999999975,662
2026-06-18T16:30:00+00:00,297.70999999999975,297.77999999999975,297.2999999999997,297.40999999999974,557
2026-06-18T16:35:00+00:00,297.40999999999974,297.96999999999974,297.37999999999977,297.84999999999974,582
2026-06-18T16:40:00+00:00,297.84999999999974,297.89999999999975,297.39999999999975,297.70999999999975,590
2026-06-18T16:45:00+00:00,297.70999999999975,297.72999999999973,297.41999999999973,297.5599999999997,568
2026-06-18T16:50:00+00:00,297.5599999999997,297.57999999999976,297.2999999999997,297.32999999999976,662
2026-06-18T16:55:00+00:00,297.32999999999976,297.4299999999997,297.09999999999974,297.34999999999974,686
2026-06-18T17:00:00+00:00,297.34999999999974,298.16999999999973,297.25999999999976,298.08999999999975,768
2026-06-18T17:05:00+00:00,298.08999999999975,298.38999999999976,298.06999999999977,298.06999999999977,574
2026-06-18T17:10:00+00:00,298.06999999999977,298.4999999999997,298.03999999999974,298.39999999999975,544
2026-06-18T17:15:00+00:00,298.39999999999975,298.64999999999975,298.27999999999975,298.46999999999974,489
2026-06-18T17:20:00+00:00,298.46999999999974,298.51999999999975,297.9899999999997,297.9899999999997,528
2026-06-18T17:25:00+00:00,297.9899999999997,298.16999999999973,297.84999999999974,298.06999999999977,556
2026-06-18T17:30:00+00:00,298.06999999999977,298.26999999999975,298.0499999999997,298.06999999999977,441
2026-06-18T17:35:00+00:00,298.06999999999977,298.19999999999976,297.94999999999976,298.07999999999976,594
2026-06-18T17:40:00+00:00,298.07999999999976,298.08999999999975,297.78999999999974,297.81999999999977,470
2026-06-18T17:45:00+00:00,297.81999999999977,298.01999999999975,297.62999999999977,297.9299999999997,513
2026-06-18T17:50:00+00:00,297.9299999999997,298.15999999999974,297.84999999999974,297.9899999999997,363
2026-06-18T17:55:00+00:00,297.9899999999997,297.9999999999997,297.62999999999977,297.83999999999975,522
2026-06-18T18:00:00+00:00,297.83999999999975,297.91999999999973,297.51999999999975,297.57999999999976,585
2026-06-18T18:05:00+00:00,297.57999999999976,297.76999999999975,297.40999999999974,297.4299999999997,597
2026-06-18T18:10:00+00:00,297.4299999999997,297.89999999999975,297.2999999999997,297.8099999999997,605
2026-06-18T18:15:00+00:00,297.8099999999997,297.9399999999997,297.5599999999997,297.82999999999976,634
2026-06-18T18:20:00+00:00,297.82999999999976,297.89999999999975,297.5499999999997,297.56999999999977,442
2026-06-18T18:25:00+00:00,297.56999999999977,297.63999999999976,297.2999999999997,297.35999999999973,583
2026-06-18T18:30:00+00:00,297.35999999999973,297.82999999999976,297.34999999999974,297.65999999999974,626
2026-06-18T18:35:00+00:00,297.65999999999974,297.88999999999976,297.57999999999976,297.63999999999976,572
2026-06-18T18:40:00+00:00,297.63999999999976,297.9399999999997,297.57999999999976,297.9299999999997,382
2026-06-18T18:45:00+00:00,297.9299999999997,298.34999999999974,297.91999999999973,298.19999999999976,514
2026-06-18T18:50:00+00:00,298.19999999999976,298.35999999999973,298.13999999999976,298.13999999999976,457
2026-06-18T18:55:00+00:00,298.13999999999976,298.2499999999997,297.83999999999975,297.95999999999975,528
2026-06-18T19:00:00+00:00,297.95999999999975,298.03999999999974,297.8099999999997,297.85999999999973,397
2026-06-18T19:05:00+00:00,297.85999999999973,297.94999999999976,297.58999999999975,297.58999999999975,426
2026-06-18T19:10:00+00:00,297.58999999999975,297.59999999999974,297.32999999999976,297.3699999999997,616
2026-06-18T19:15:00+00:00,297.3699999999997,297.59999999999974,297.3099999999997,297.59999999999974,567
2026-06-18T19:20:00+00:00,297.59999999999974,297.70999999999975,297.40999999999974,297.50999999999976,432
2026-06-18T19:25:00+00:00,297.50999999999976,297.76999999999975,297.4899999999997,297.60999999999973,616
2026-06-18T19:30:00+00:00,297.60999999999973,297.62999999999977,297.3099999999997,297.4999999999997,791
2026-06-18T19:35:00+00:00,297.4999999999997,297.81999999999977,297.4999999999997,297.7399999999997,441
2026-06-18T19:40:00+00:00,297.7399999999997,297.95999999999975,297.63999999999976,297.81999999999977,665
2026-06-18T19:45:00+00:00,297.81999999999977,298.12999999999977,297.7999999999997,297.87999999999977,671
2026-06-18T19:50:00+00:00,297.87999999999977,299.4999999999997,297.76999999999975,298.22999999999973,1528
2026-06-18T19:55:00+00:00,298.22999999999973,298.83999999999975,298.00999999999976,298.10999999999973,1151
2026-06-22T13:30:00+00:00,298.10999999999973,300.57999999999976,297.47999999999973,298.69999999999976,1391
2026-06-22T13:35:00+00:00,298.69999999999976,301.50999999999976,298.51999999999975,301.4299999999997,1414
2026-06-22T13:40:00+00:00,301.4299999999997,302.25999999999976,301.10999999999973,301.81999999999977,1489
2026-06-22T13:45:00+00:00,301.81999999999977,302.00999999999976,300.83999999999975,301.5599999999997,1428
2026-06-22T13:50:00+00:00,301.5599999999997,302.2999999999997,300.7999999999997,301.4399999999997,1219
2026-06-22T13:55:00+00:00,301.4399999999997,302.0499999999997,300.78999999999974,301.96999999999974,893
2026-06-22T14:00:00+00:00,301.96999999999974,302.37999999999977,301.82999999999976,302.07999999999976,1123
2026-06-22T14:05:00+00:00,302.07999999999976,302.70999999999975,301.78999999999974,302.63999999999976,914
2026-06-22T14:10:00+00:00,302.63999999999976,302.64999999999975,301.96999999999974,302.09999999999974,964
2026-06-22T14:15:00+00:00,302.09999999999974,302.15999999999974,301.06999999999977,301.76999999999975,1052
2026-06-22T14:20:00+00:00,301.76999999999975,301.78999999999974,301.28999999999974,301.53999999999974,1025
2026-06-22T14:25:00+00:00,301.53999999999974,301.9399999999997,301.2999999999997,301.44999999999976,1175
2026-06-22T14:30:00+00:00,301.44999999999976,301.47999999999973,300.5499999999997,300.58999999999975,1446
2026-06-22T14:35:00+00:00,300.58999999999975,300.75999999999976,299.8099999999997,300.34999999999974,1175
2026-06-22T14:40:00+00:00,300.34999999999974,300.57999999999976,299.88999999999976,299.94999999999976,1102
2026-06-22T14:45:00+00:00,299.94999999999976,300.38999999999976,299.89999999999975,300.13999999999976,1223
2026-06-22T14:50:00+00:00,300.13999999999976,300.25999999999976,299.64999999999975,299.91999999999973,1053
2026-06-22T14:55:00+00:00,299.91999999999973,300.35999999999973,299.65999999999974,300.0499999999997,899
2026-06-22T15:00:00+00:00,300.0499999999997,300.66999999999973,300.01999999999975,300.0499999999997,912
2026-06-22T15:05:00+00:00,300.0499999999997,300.10999999999973,299.3099999999997,299.45999999999975,1059
2026-06-22T15:10:00+00:00,299.45999999999975,300.50999999999976,299.39999999999975,300.34999999999974,978
2026-06-22T15:15:00+00:00,300.34999999999974,300.4999999999997,300.03999999999974,300.1799999999997,1060
2026-06-22T15:20:00+00:00,300.1799999999997,300.40999999999974,299.39999999999975,300.40999999999974,865
2026-06-22T15:25:00+00:00,300.40999999999974,300.51999999999975,299.85999999999973,300.16999999999973,934
2026-06-22T15:30:00+00:00,300.16999999999973,300.58999999999975,299.9999999999997,300.4399999999997,975
2026-06-22T15:35:00+00:00,300.4399999999997,300.9899999999997,300.41999999999973,300.95999999999975,852
2026-06-22T15:40:00+00:00,300.95999999999975,301.52999999999975,300.94999999999976,301.33999999999975,601
2026-06-22T15:45:00+00:00,301.33999999999975,301.69999999999976,300.52999999999975,300.57999999999976,820
2026-06-22T15:50:00+00:00,300.57999999999976,301.00999999999976,300.57999999999976,300.83999999999975,921
2026-06-22T15:55:00+00:00,300.83999999999975,301.20999999999975,300.77999999999975,301.1799999999997,956
2026-06-22T16:00:00+00:00,301.1799999999997,301.22999999999973,300.60999999999973,300.65999999999974,998
2026-06-22T16:05:00+00:00,300.65999999999974,301.21999999999974,300.60999999999973,300.9899999999997,1063
2026-06-22T16:10:00+00:00,300.9899999999997,301.13999999999976,300.78999999999974,301.07999999999976,740
2026-06-22T16:15:00+00:00,301.07999999999976,301.1199999999997,300.75999999999976,300.95999999999975,592
2026-06-22T16:20:00+00:00,300.95999999999975,301.25999999999976,300.6799999999997,300.7999999999997,632
2026-06-22T16:25:00+00:00,300.7999999999997,300.89999999999975,300.40999999999974,300.77999999999975,709
2026-06-22T16:30:00+00:00,300.77999999999975,300.97999999999973,300.53999999999974,300.58999999999975,659
2026-06-22T16:35:00+00:00,300.58999999999975,300.6899999999997,300.35999999999973,300.4899999999997,720
2026-06-22T16:40:00+00:00,300.4899999999997,300.64999999999975,300.15999999999974,300.39999999999975,717
2026-06-22T16:45:00+00:00,300.39999999999975,300.76999999999975,300.28999999999974,300.50999999999976,616
2026-06-22T16:50:00+00:00,300.50999999999976,300.69999999999976,300.37999999999977,300.44999999999976,514
2026-06-22T16:55:00+00:00,300.44999999999976,300.63999999999976,300.16999999999973,300.21999999999974,506
2026-06-22T17:00:00+00:00,300.21999999999974,300.32999999999976,299.8699999999997,300.22999999999973,565
2026-06-22T17:05:00+00:00,300.22999999999973,300.26999999999975,299.8099999999997,299.96999999999974,589
2026-06-22T17:10:00+00:00,299.96999999999974,300.06999999999977,299.69999999999976,299.83999999999975,533
2026-06-22T17:15:00+00:00,299.83999999999975,300.1799999999997,299.83999999999975,300.09999999999974,441
2026-06-22T17:20:00+00:00,300.09999999999974,300.39999999999975,300.07999999999976,300.1799999999997,387
2026-06-22T17:25:00+00:00,300.1799999999997,300.2399999999997,299.90999999999974,300.1199999999997,405
2026-06-22T17:30:00+00:00,300.1199999999997,300.1199999999997,299.7999999999997,299.96999999999974,520
2026-06-22T17:35:00+00:00,299.96999999999974,299.96999999999974,299.5599999999997,299.8099999999997,673
2026-06-22T17:40:00+00:00,299.8099999999997,300.12999999999977,299.53999999999974,299.58999999999975,653
2026-06-22T17:45:00+00:00,299.58999999999975,300.00999999999976,299.50999999999976,299.89999999999975,581
2026-06-22T17:50:00+00:00,299.89999999999975,300.10999999999973,299.6199999999997,299.6199999999997,475
2026-06-22T17:55:00+00:00,299.6199999999997,299.82999999999976,299.58999999999975,299.59999999999974,441
2026-06-22T18:00:00+00:00,299.59999999999974,299.6199999999997,298.91999999999973,298.94999999999976,605
2026-06-22T18:05:00+00:00,298.94999999999976,299.12999999999977,298.88999999999976,299.02999999999975,398
2026-06-22T18:10:00+00:00,299.02999999999975,299.0499999999997,298.84999999999974,298.95999999999975,352
2026-06-22T18:15:00+00:00,298.95999999999975,299.26999999999975,298.89999999999975,299.15999999999974,430
2026-06-22T18:20:00+00:00,299.15999999999974,299.47999999999973,299.09999999999974,299.2499999999997,544
2026-06-22T18:25:00+00:00,299.2499999999997,299.3099999999997,299.08999999999975,299.21999999999974,320
2026-06-22T18:30:00+00:00,299.21999999999974,299.2999999999997,298.8699999999997,298.96999999999974,358
2026-06-22T18:35:00+00:00,298.96999999999974,299.20999999999975,298.94999999999976,299.13999999999976,271
2026-06-22T18:40:00+00:00,299.13999999999976,299.3099999999997,299.0499999999997,299.1199999999997,377
2026-06-22T18:45:00+00:00,299.1199999999997,299.4999999999997,299.08999999999975,299.37999999999977,431
2026-06-22T18:50:00+00:00,299.37999999999977,299.4399999999997,298.9299999999997,299.1899999999997,481
2026-06-22T18:55:00+00:00,299.1899999999997,299.38999999999976,299.08999999999975,299.31999999999977,377
2026-06-22T19:00:00+00:00,299.31999999999977,299.62999999999977,299.16999999999973,299.44999999999976,449
2026-06-22T19:05:00+00:00,299.44999999999976,299.4899999999997,299.12999999999977,299.31999999999977,385
2026-06-22T19:10:00+00:00,299.31999999999977,299.50999999999976,299.22999999999973,299.34999999999974,382
2026-06-22T19:15:00+00:00,299.34999999999974,299.53999999999974,299.33999999999975,299.39999999999975,421
2026-06-22T19:20:00+00:00,299.39999999999975,299.5599999999997,299.15999999999974,299.31999999999977,563
2026-06-22T19:25:00+00:00,299.31999999999977,299.4299999999997,299.21999999999974,299.32999999999976,427
2026-06-22T19:30:00+00:00,299.32999999999976,299.3699999999997,297.69999999999976,297.97999999999973,1150
2026-06-22T19:35:00+00:00,297.97999999999973,297.97999999999973,297.2399999999997,297.44999999999976,896
2026-06-22T19:40:00+00:00,297.44999999999976,297.6199999999997,297.26999999999975,297.53999999999974,659
2026-06-22T19:45:00+00:00,297.53999999999974,297.82999999999976,297.1199999999997,297.37999999999977,1018
2026-06-22T19:50:00+00:00,297.37999999999977,297.89999999999975,297.13999999999976,297.82999999999976,1694
2026-06-22T19:55:00+00:00,297.82999999999976,297.9399999999997,297.0599999999997,297.26999999999975,2626
2026-06-23T13:30:00+00:00,297.26999999999975,298.46999999999974,295.38999999999976,297.25999999999976,2322
2026-06-23T13:35:00+00:00,297.25999999999976,299.34999999999974,296.39999999999975,299.03999999999974,2777
2026-06-23T13:40:00+00:00,299.03999999999974,300.85999999999973,299.00999999999976,300.66999999999973,2100
2026-06-23T13:45:00+00:00,300.66999999999973,301.91999999999973,300.44999999999976,300.62999999999977,2463
2026-06-23T13:50:00+00:00,300.62999999999977,300.75999999999976,298.3699999999997,298.58999999999975,2079
2026-06-23T13:55:00+00:00,298.58999999999975,299.58999999999975,298.37999999999977,299.2999999999997,2314
2026-06-23T14:00:00+00:00,299.2999999999997,299.9399999999997,299.03999999999974,299.58999999999975,2084
2026-06-23T14:05:00+00:00,299.58999999999975,300.01999999999975,299.10999999999973,299.9299999999997,2072
2026-06-23T14:10:00+00:00,299.9299999999997,300.26999999999975,299.64999999999975,299.65999999999974,2121
2026-06-23T14:15:00+00:00,299.65999999999974,300.16999999999973,299.5499999999997,299.76999999999975,2019
2026-06-23T14:20:00+00:00,299.76999999999975,299.9999999999997,299.14999999999975,299.7499999999997,1804
2026-06-23T14:25:00+00:00,299.7499999999997,300.84999999999974,299.64999999999975,300.76999999999975,2061
2026-06-23T14:30:00+00:00,300.76999999999975,301.14999999999975,300.28999999999974,300.71999999999974,1721
2026-06-23T14:35:00+00:00,300.71999999999974,300.75999999999976,299.88999999999976,299.90999999999974,1764
2026-06-23T14:40:00+00:00,299.90999999999974,300.72999999999973,299.81999999999977,300.58999999999975,1729
2026-06-23T14:45:00+00:00,300.58999999999975,300.75999999999976,300.0599999999997,300.28999999999974,1689
2026-06-23T14:50:00+00:00,300.28999999999974,300.4899999999997,299.88999999999976,300.37999999999977,1654
2026-06-23T14:55:00+00:00,300.37999999999977,300.4999999999997,299.7999999999997,300.32999999999976,1861
2026-06-23T15:00:00+00:00,300.32999999999976,300.58999999999975,299.6899999999997,299.9299999999997,1673
2026-06-23T15:05:00+00:00,299.9299999999997,299.9999999999997,299.46999999999974,299.90999999999974,1342
2026-06-23T15:10:00+00:00,299.90999999999974,300.2499999999997,299.32999999999976,299.37999999999977,1599
2026-06-23T15:15:00+00:00,299.37999999999977,299.5499999999997,298.7999999999997,298.90999999999974,1563
2026-06-23T15:20:00+00:00,298.90999999999974,299.2499999999997,298.7999999999997,298.90999999999974,1120
2026-06-23T15:25:00+00:00,298.90999999999974,299.07999999999976,298.64999999999975,298.77999999999975,1465
2026-06-23T15:30:00+00:00,298.77999999999975,298.85999999999973,298.09999999999974,298.20999999999975,1573
2026-06-23T15:35:00+00:00,298.20999999999975,298.5599999999997,297.63999999999976,297.8099999999997,1507
2026-06-23T15:40:00+00:00,297.8099999999997,298.1799999999997,297.75999999999976,297.97999999999973,1396
2026-06-23T15:45:00+00:00,297.97999999999973,298.26999999999975,297.7399999999997,298.1199999999997,1344
2026-06-23T15:50:00+00:00,298.1199999999997,298.37999999999977,297.9899999999997,298.15999999999974,1264
2026-06-23T15:55:00+00:00,298.15999999999974,298.4999999999997,297.9299999999997,298.3099999999997,1081
2026-06-23T16:00:00+00:00,298.3099999999997,298.66999999999973,298.19999999999976,298.62999999999977,1089
2026-06-23T16:05:00+00:00,298.62999999999977,298.9299999999997,298.5599999999997,298.83999999999975,944
2026-06-23T16:10:00+00:00,298.83999999999975,299.03999999999974,298.35999999999973,298.4899999999997,916
2026-06-23T16:15:00+00:00,298.4899999999997,299.16999999999973,298.4399999999997,299.13999999999976,978
2026-06-23T16:20:00+00:00,299.13999999999976,299.13999999999976,298.7399999999997,298.89999999999975,1174
2026-06-23T16:25:00+00:00,298.89999999999975,299.15999999999974,298.78999999999974,298.82999999999976,1070
2026-06-23T16:30:00+00:00,298.82999999999976,298.94999999999976,298.4899999999997,298.71999999999974,1046
2026-06-23T16:35:00+00:00,298.71999999999974,298.9299999999997,298.4899999999997,298.9299999999997,831
2026-06-23T16:40:00+00:00,298.9299999999997,299.1199999999997,298.77999999999975,298.84999999999974,833
2026-06-23T16:45:00+00:00,298.84999999999974,299.14999999999975,298.64999999999975,298.90999999999974,990
2026-06-23T16:50:00+00:00,298.90999999999974,299.22999999999973,298.72999999999973,299.1199999999997,855
2026-06-23T16:55:00+00:00,299.1199999999997,299.53999999999974,299.07999999999976,299.2499999999997,852
2026-06-23T17:00:00+00:00,299.2499999999997,299.26999999999975,298.16999999999973,298.26999999999975,1046
2026-06-23T17:05:00+00:00,298.26999999999975,299.0499999999997,298.2499999999997,299.0499999999997,800
2026-06-23T17:10:00+00:00,299.0499999999997,299.64999999999975,299.01999999999975,299.28999999999974,838
2026-06-23T17:15:00+00:00,299.28999999999974,299.39999999999975,299.1799999999997,299.2499999999997,627
2026-06-23T17:20:00+00:00,299.2499999999997,299.6899999999997,299.2499999999997,299.57999999999976,678
2026-06-23T17:25:00+00:00,299.57999999999976,299.76999999999975,299.47999999999973,299.64999999999975,609
2026-06-23T17:30:00+00:00,299.64999999999975,299.96999999999974,299.53999999999974,299.9399999999997,743
2026-06-23T17:35:00+00:00,299.9399999999997,300.06999999999977,299.4999999999997,299.66999999999973,710
2026-06-23T17:40:00+00:00,299.66999999999973,299.7399999999997,299.3099999999997,299.62999999999977,616
2026-06-23T17:45:00+00:00,299.62999999999977,300.34999999999974,299.53999999999974,300.13999999999976,946
2026-06-23T17:50:00+00:00,300.13999999999976,300.20999999999975,299.56999999999977,299.56999999999977,939
2026-06-23T17:55:00+00:00,299.56999999999977,299.69999999999976,299.1799999999997,299.20999999999975,801
2026-06-23T18:00:00+00:00,299.20999999999975,299.64999999999975,299.16999999999973,299.20999999999975,871
2026-06-23T18:05:00+00:00,299.20999999999975,299.27999999999975,298.7999999999997,298.9899999999997,740
2026-06-23T18:10:00+00:00,298.9899999999997,299.14999999999975,298.71999999999974,299.0499999999997,864
2026-06-23T18:15:00+00:00,299.0499999999997,299.14999999999975,298.57999999999976,298.75999999999976,803
2026-06-23T18:20:00+00:00,298.75999999999976,299.10999999999973,298.64999999999975,298.78999999999974,889
2026-06-23T18:25:00+00:00,298.78999999999974,298.90999999999974,298.6199999999997,298.76999999999975,840
2026-06-23T18:30:00+00:00,298.76999999999975,298.90999999999974,298.39999999999975,298.50999999999976,764
2026-06-23T18:35:00+00:00,298.50999999999976,298.56999999999977,297.9899999999997,298.33999999999975,828
2026-06-23T18:40:00+00:00,298.33999999999975,298.39999999999975,297.9999999999997,298.15999999999974,862
2026-06-23T18:45:00+00:00,298.15999999999974,298.2999999999997,297.9899999999997,298.14999999999975,934
2026-06-23T18:50:00+00:00,298.14999999999975,298.4999999999997,297.69999999999976,297.90999999999974,889
2026-06-23T18:55:00+00:00,297.90999999999974,298.09999999999974,297.72999999999973,297.7999999999997,712
2026-06-23T19:00:00+00:00,297.7999999999997,297.91999999999973,297.66999999999973,297.83999999999975,836
2026-06-23T19:05:00+00:00,297.83999999999975,298.13999999999976,297.16999999999973,297.39999999999975,1092
2026-06-23T19:10:00+00:00,297.39999999999975,297.84999999999974,297.0499999999997,297.12999999999977,950
2026-06-23T19:15:00+00:00,297.12999999999977,297.16999999999973,295.58999999999975,295.89999999999975,1169
2026-06-23T19:20:00+00:00,295.89999999999975,296.51999999999975,295.88999999999976,296.51999999999975,1121
2026-06-23T19:25:00+00:00,296.51999999999975,296.77999999999975,296.08999999999975,296.10999999999973,1033
2026-06-23T19:30:00+00:00,296.10999999999973,296.32999999999976,295.89999999999975,296.2999999999997,1085
2026-06-23T19:35:00+00:00,296.2999999999997,296.70999999999975,295.95999999999975,296.34999999999974,1325
2026-06-23T19:40:00+00:00,296.34999999999974,296.4899999999997,295.72999999999973,295.9899999999997,1247
2026-06-23T19:45:00+00:00,295.9899999999997,296.4299999999997,295.69999999999976,296.06999999999977,1290
2026-06-23T19:50:00+00:00,296.06999999999977,296.75999999999976,295.9899999999997,296.70999999999975,1944
2026-06-23T19:55:00+00:00,296.70999999999975,296.72999999999973,294.44999999999976,294.5499999999997,2172
2026-06-24T13:30:00+00:00,294.5499999999997,296.70999999999975,293.4399999999997,295.8699999999997,1286
2026-06-24T13:35:00+00:00,295.8699999999997,296.40999999999974,295.01999999999975,295.60999999999973,918
2026-06-24T13:40:00+00:00,295.60999999999973,296.2399999999997,295.2399999999997,295.87999999999977,1122
2026-06-24T13:45:00+00:00,295.87999999999977,296.5499999999997,295.56999999999977,296.09999999999974,1167
2026-06-24T13:50:00+00:00,296.09999999999974,296.47999999999973,295.7999999999997,296.28999999999974,1061
2026-06-24T13:55:00+00:00,296.28999999999974,296.2999999999997,294.72999999999973,295.0499999999997,1098
2026-06-24T14:00:00+00:00,295.0499999999997,295.26999999999975,294.4999999999997,294.87999999999977,1199
2026-06-24T14:05:00+00:00,294.87999999999977,295.1799999999997,294.6799999999997,294.9899999999997,1090
2026-06-24T14:10:00+00:00,294.9899999999997,295.76999999999975,294.78999999999974,295.08999999999975,931
2026-06-24T14:15:00+00:00,295.08999999999975,295.76999999999975,294.94999999999976,295.52999999999975,998
2026-06-24T14:20:00+00:00,295.52999999999975,296.4899999999997,295.35999999999973,295.76999999999975,1147
2026-06-24T14:25:00+00:00,295.76999999999975,296.08999999999975,295.38999999999976,295.6899999999997,866
2026-06-24T14:30:00+00:00,295.6899999999997,296.07999999999976,295.62999999999977,295.84999999999974,773
2026-06-24T14:35:00+00:00,295.84999999999974,295.94999999999976,295.37999999999977,295.84999999999974,861
2026-06-24T14:40:00+00:00,295.84999999999974,296.8699999999997,295.77999999999975,296.70999999999975,1008
2026-06-24T14:45:00+00:00,296.70999999999975,297.33999999999975,296.6899999999997,297.1799999999997,1014
2026-06-24T14:50:00+00:00,297.1799999999997,297.53999999999974,297.09999999999974,297.1799999999997,764
2026-06-24T14:55:00+00:00,297.1799999999997,297.43999999999977,297.10999999999973,297.38999999999976,806.0017793594307
2026-06-24T15:00:00+00:00,297.38999999999976,297.85999999999973,297.18999999999977,297.5499999999997,910
2026-06-24T15:05:00+00:00,297.5499999999997,297.7499999999998,296.9999999999998,297.06999999999977,784
2026-06-24T15:10:00+00:00,297.06999999999977,297.90999999999974,296.95999999999975,297.81999999999977,877
2026-06-24T15:15:00+00:00,297.81999999999977,297.93999999999977,297.4299999999998,297.81999999999977,712
2026-06-24T15:20:00+00:00,297.81999999999977,298.62999999999977,297.5499999999997,298.2399999999997,909
2026-06-24T15:25:00+00:00,298.2399999999997,299.20999999999975,297.8099999999998,299.09999999999974,837
2026-06-24T15:30:00+00:00,299.09999999999974,299.56999999999977,299.00999999999976,299.40999999999974,1049
2026-06-24T15:35:00+00:00,299.40999999999974,299.81999999999977,299.2399999999997,299.3699999999998,810
2026-06-24T15:40:00+00:00,299.3699999999998,299.41999999999973,298.4899999999997,298.50999999999976,772
2026-06-24T15:45:00+00:00,298.50999999999976,299.37999999999977,298.40999999999974,299.2999999999997,977
2026-06-24T15:50:00+00:00,299.2999999999997,299.96999999999974,299.2999999999997,299.7499999999998,751
2026-06-24T15:55:00+00:00,299.7499999999998,300.02999999999975,299.58999999999975,299.75999999999976,583
2026-06-24T16:00:00+00:00,299.75999999999976,299.8099999999998,299.08999999999975,299.25999999999976,717
2026-06-24T16:05:00+00:00,299.25999999999976,299.3699999999998,299.02999999999975,299.18999999999977,677
2026-06-24T16:10:00+00:00,299.18999999999977,299.37999999999977,298.91999999999973,299.01999999999975,602
2026-06-24T16:15:00+00:00,299.01999999999975,299.22999999999973,298.66999999999973,298.66999999999973,591
2026-06-24T16:20:00+00:00,298.66999999999973,298.76999999999975,298.13999999999976,298.69999999999976,715
2026-06-24T16:25:00+00:00,298.69999999999976,298.69999999999976,298.33999999999975,298.38999999999976,508
2026-06-24T16:30:00+00:00,298.38999999999976,298.38999999999976,297.83999999999975,298.07999999999976,587
2026-06-24T16:35:00+00:00,298.07999999999976,298.28999999999974,297.64999999999975,297.8099999999998,861
2026-06-24T16:40:00+00:00,297.8099999999998,297.97999999999973,297.45999999999975,297.58999999999975,818
2026-06-24T16:45:00+00:00,297.58999999999975,297.83999999999975,297.34999999999974,297.7999999999997,707
2026-06-24T16:50:00+00:00,297.7999999999997,297.9299999999998,297.28999999999974,297.34999999999974,534
2026-06-24T16:55:00+00:00,297.34999999999974,297.77999999999975,297.16999999999973,297.6799999999998,649
2026-06-24T17:00:00+00:00,297.6799999999998,297.70999999999975,297.43999999999977,297.59999999999974,655
2026-06-24T17:05:00+00:00,297.59999999999974,297.65999999999974,296.64999999999975,296.7399999999997,772
2026-06-24T17:10:00+00:00,296.7399999999997,297.19999999999976,296.7399999999997,296.95999999999975,575
2026-06-24T17:15:00+00:00,296.95999999999975,296.9999999999998,296.20999999999975,296.57999999999976,981
2026-06-24T17:20:00+00:00,296.57999999999976,296.7999999999997,296.13999999999976,296.69999999999976,952
2026-06-24T17:25:00+00:00,296.69999999999976,297.22999999999973,296.38999999999976,296.71999999999974,998
2026-06-24T17:30:00+00:00,296.71999999999974,296.95999999999975,296.1799999999998,296.65999999999974,1129
2026-06-24T17:35:00+00:00,296.65999999999974,297.18999999999977,296.44999999999976,296.9299999999998,1159
2026-06-24T17:40:00+00:00,296.9299999999998,296.9999999999998,296.07999999999976,296.1799999999998,940
2026-06-24T17:45:00+00:00,296.1799999999998,296.64999999999975,296.06999999999977,296.51999999999975,1125
2026-06-24T17:50:00+00:00,296.51999999999975,296.60999999999973,296.2499999999998,296.33999999999975,942
2026-06-24T17:55:00+00:00,296.33999999999975,296.58999999999975,295.89999999999975,295.91999999999973,687
2026-06-24T18:00:00+00:00,295.91999999999973,296.77999999999975,295.88999999999976,296.63999999999976,1203
2026-06-24T18:05:00+00:00,296.63999999999976,296.7999999999997,296.13999999999976,296.2499999999998,956
2026-06-24T18:10:00+00:00,296.2499999999998,296.26999999999975,295.7399999999997,295.85999999999973,788
2026-06-24T18:15:00+00:00,295.85999999999973,296.51999999999975,295.85999999999973,296.2499999999998,717
2026-06-24T18:20:00+00:00,296.2499999999998,296.43999999999977,296.08999999999975,296.38999999999976,620
2026-06-24T18:25:00+00:00,296.38999999999976,296.52999999999975,296.15999999999974,296.3099999999998,679
2026-06-24T18:30:00+00:00,296.3099999999998,296.51999999999975,296.19999999999976,296.41999999999973,672
2026-06-24T18:35:00+00:00,296.41999999999973,296.4299999999998,295.60999999999973,295.76999999999975,811
2026-06-24T18:40:00+00:00,295.76999999999975,295.83999999999975,295.19999999999976,295.53999999999974,1026
2026-06-24T18:45:00+00:00,295.53999999999974,295.57999999999976,294.72999999999973,294.82999999999976,839
2026-06-24T18:50:00+00:00,294.82999999999976,294.89999999999975,294.4899999999997,294.75999999999976,828
2026-06-24T18:55:00+00:00,294.75999999999976,295.51999999999975,294.57999999999976,295.50999999999976,908
2026-06-24T19:00:00+00:00,295.50999999999976,295.76999999999975,295.13999999999976,295.68999999999977,721
2026-06-24T19:05:00+00:00,295.68999999999977,295.68999999999977,295.0599999999998,295.51999999999975,734
2026-06-24T19:10:00+00:00,295.51999999999975,295.5499999999997,295.25999999999976,295.33999999999975,747
2026-06-24T19:15:00+00:00,295.33999999999975,295.52999999999975,295.13999999999976,295.38999999999976,585
2026-06-24T19:20:00+00:00,295.38999999999976,295.4999999999998,295.19999999999976,295.28999999999974,632
2026-06-24T19:25:00+00:00,295.28999999999974,295.5599999999998,295.20999999999975,295.26999999999975,642
2026-06-24T19:30:00+00:00,295.26999999999975,295.44999999999976,295.0499999999997,295.2499999999998,728
2026-06-24T19:35:00+00:00,295.2499999999998,295.32999999999976,294.78999999999974,294.9899999999997,805
2026-06-24T19:40:00+00:00,294.9899999999997,295.46999999999974,294.84999999999974,295.34999999999974,628
2026-06-24T19:45:00+00:00,295.34999999999974,295.70999999999975,295.10999999999973,295.2499999999998,861
2026-06-24T19:50:00+00:00,295.2499999999998,295.60999999999973,294.39999999999975,295.47999999999973,1537
2026-06-24T19:55:00+00:00,295.47999999999973,295.56999999999977,293.2499999999998,293.62999999999977,2236
2026-06-25T13:30:00+00:00,293.62999999999977,293.62999999999977,285.03999999999974,285.95999999999975,2514
2026-06-25T13:35:00+00:00,285.95999999999975,286.1199999999998,281.41999999999973,281.4299999999998,2950
2026-06-25T13:40:00+00:00,281.4299999999998,281.51999999999975,278.18999999999977,278.33999999999975,2882
2026-06-25T13:45:00+00:00,278.33999999999975,280.2499999999998,278.33999999999975,280.03999999999974,3266
2026-06-25T13:50:00+00:00,280.03999999999974,280.2399999999997,278.44999999999976,278.44999999999976,2772
2026-06-25T13:55:00+00:00,278.44999999999976,279.64999999999975,277.97999999999973,279.18999999999977,2501
2026-06-25T14:00:00+00:00,279.18999999999977,280.4899999999997,279.13999999999976,280.27999999999975,2546
2026-06-25T14:05:00+00:00,280.27999999999975,280.35999999999973,279.35999999999973,279.88999999999976,2328
2026-06-25T14:10:00+00:00,279.88999999999976,280.2499999999998,278.28999999999974,278.7399999999997,2268
2026-06-25T14:15:00+00:00,278.7399999999997,279.4999999999998,277.78999999999974,279.41999999999973,2622
2026-06-25T14:20:00+00:00,279.41999999999973,280.09999999999974,278.31999999999977,278.35999999999973,2306
2026-06-25T14:25:00+00:00,278.35999999999973,279.9999999999998,278.33999999999975,279.93999999999977,2478
2026-06-25T14:30:00+00:00,279.93999999999977,280.33999999999975,279.34999999999974,279.8099999999998,2347
2026-06-25T14:35:00+00:00,279.8099999999998,280.3099999999998,279.34999999999974,280.0599999999998,2174
2026-06-25T14:40:00+00:00,280.0599999999998,280.35999999999973,278.94999999999976,280.02999999999975,2795
2026-06-25T14:45:00+00:00,280.02999999999975,280.27999999999975,279.25999999999976,279.34999999999974,2346
2026-06-25T14:50:00+00:00,279.34999999999974,279.8099999999998,278.7399999999997,279.25999999999976,2583
2026-06-25T14:55:00+00:00,279.25999999999976,279.53999999999974,277.8099999999998,277.9299999999998,2935
2026-06-25T15:00:00+00:00,277.9299999999998,278.40999999999974,277.58999999999975,277.87999999999977,2069
2026-06-25T15:05:00+00:00,277.87999999999977,278.1799999999998,277.10999999999973,278.1199999999998,2142
2026-06-25T15:10:00+00:00,278.1199999999998,278.15999999999974,277.13999999999976,277.35999999999973,1909
2026-06-25T15:15:00+00:00,277.35999999999973,277.4299999999998,276.85999999999973,277.1799999999998,2549
2026-06-25T15:20:00+00:00,277.1799999999998,277.50999999999976,276.75999999999976,277.19999999999976,2543
2026-06-25T15:25:00+00:00,277.19999999999976,278.2999999999997,276.75999999999976,277.93999999999977,2677
2026-06-25T15:30:00+00:00,277.93999999999977,279.1799999999998,277.87999999999977,278.70999999999975,2659
2026-06-25T15:35:00+00:00,278.70999999999975,279.5499999999997,278.69999999999976,278.87999999999977,2444
2026-06-25T15:40:00+00:00,278.87999999999977,279.7999999999997,278.45999999999975,279.5599999999998,2453
2026-06-25T15:45:00+00:00,279.5599999999998,279.95999999999975,279.31999999999977,279.41999999999973,2425
2026-06-25T15:50:00+00:00,279.41999999999973,279.46999999999974,278.45999999999975,278.65999999999974,2261
2026-06-25T15:55:00+00:00,278.65999999999974,279.09999999999974,277.97999999999973,278.16999999999973,2326
2026-06-25T16:00:00+00:00,278.16999999999973,278.50999999999976,277.9299999999998,278.27999999999975,2372
2026-06-25T16:05:00+00:00,278.27999999999975,278.46999999999974,277.76999999999975,278.03999999999974,2093
2026-06-25T16:10:00+00:00,278.03999999999974,278.22999999999973,276.63999999999976,276.76999999999975,2192
2026-06-25T16:15:00+00:00,276.76999999999975,276.97999999999973,275.85999999999973,275.8699999999998,2207
2026-06-25T16:20:00+00:00,275.8699999999998,276.52999999999975,275.18999999999977,275.44999999999976,2302
2026-06-25T16:25:00+00:00,275.44999999999976,275.7399999999997,274.7999999999997,274.8699999999998,1664
2026-06-25T16:30:00+00:00,274.8699999999998,275.12999999999977,274.46999999999974,274.96999999999974,2152
2026-06-25T16:35:00+00:00,274.96999999999974,275.33999999999975,274.08999999999975,274.60999999999973,2234
2026-06-25T16:40:00+00:00,274.60999999999973,275.31999999999977,274.2999999999997,275.02999999999975,2253
2026-06-25T16:45:00+00:00,275.02999999999975,275.18999999999977,274.43999999999977,274.84999999999974,2355
2026-06-25T16:50:00+00:00,274.84999999999974,275.32999999999976,274.4899999999997,274.94999999999976,2029
2026-06-25T16:55:00+00:00,274.94999999999976,275.46999999999974,274.7999999999997,275.44999999999976,1647
2026-06-25T17:00:00+00:00,275.44999999999976,277.01999999999975,275.2999999999997,276.7399999999997,1893
2026-06-25T17:05:00+00:00,276.7399999999997,277.52999999999975,276.56999999999977,277.40999999999974,1945
2026-06-25T17:10:00+00:00,277.40999999999974,277.8699999999998,277.33999999999975,277.50999999999976,2122
2026-06-25T17:15:00+00:00,277.50999999999976,278.26999999999975,277.45999999999975,277.75999999999976,1947
2026-06-25T17:20:00+00:00,277.75999999999976,278.09999999999974,277.5499999999997,277.60999999999973,1853
2026-06-25T17:25:00+00:00,277.60999999999973,278.66999999999973,277.33999999999975,278.3099999999998,2204
2026-06-25T17:30:00+00:00,278.3099999999998,278.44999999999976,277.9899999999997,278.09999999999974,1997
2026-06-25T17:35:00+00:00,278.09999999999974,278.22999999999973,277.28999999999974,277.53999999999974,2076
2026-06-25T17:40:00+00:00,277.53999999999974,277.93999999999977,277.35999999999973,277.40999999999974,1927
2026-06-25T17:45:00+00:00,277.40999999999974,277.40999999999974,276.5499999999997,277.02999999999975,1803
2026-06-25T17:50:00+00:00,277.02999999999975,277.10999999999973,276.4999999999998,276.53999999999974,2422
2026-06-25T17:55:00+00:00,276.53999999999974,277.14999999999975,276.53999999999974,277.07999999999976,2234
2026-06-25T18:00:00+00:00,277.07999999999976,277.25999999999976,276.5599999999998,277.07999999999976,2659
2026-06-25T18:05:00+00:00,277.07999999999976,278.7999999999997,276.93999999999977,278.72999999999973,2518
2026-06-25T18:10:00+00:00,278.72999999999973,279.19999999999976,278.44999999999976,278.58999999999975,2500
2026-06-25T18:15:00+00:00,278.58999999999975,280.34999999999974,278.3699999999998,280.2399999999997,2293
2026-06-25T18:20:00+00:00,280.2399999999997,280.50999999999976,279.70999999999975,280.00999999999976,2031
2026-06-25T18:25:00+00:00,280.00999999999976,280.02999999999975,279.34999999999974,279.65999999999974,2016
2026-06-25T18:30:00+00:00,279.65999999999974,279.95999999999975,279.13999999999976,279.88999999999976,2191
2026-06-25T18:35:00+00:00,279.88999999999976,280.5499999999997,279.6799999999998,280.20999999999975,2111
2026-06-25T18:40:00+00:00,280.20999999999975,280.52999999999975,280.01999999999975,280.08999999999975,1651
2026-06-25T18:45:00+00:00,280.08999999999975,280.08999999999975,279.58999999999975,279.84999999999974,1975
2026-06-25T18:50:00+00:00,279.84999999999974,279.90999999999974,279.34999999999974,279.68999999999977,1773
2026-06-25T18:55:00+00:00,279.68999999999977,279.83999999999975,279.37999999999977,279.70999999999975,1487
2026-06-25T19:00:00+00:00,279.70999999999975,279.76999999999975,279.14999999999975,279.3099999999998,1706
2026-06-25T19:05:00+00:00,279.3099999999998,279.3699999999998,278.46999999999974,278.7999999999997,1790
2026-06-25T19:10:00+00:00,278.7999999999997,278.8699999999998,276.63999999999976,276.81999999999977,2115
2026-06-25T19:15:00+00:00,276.81999999999977,277.4999999999998,276.63999999999976,277.0499999999997,2346
2026-06-25T19:20:00+00:00,277.0499999999997,278.40999999999974,276.3699999999998,277.83999999999975,2415
2026-06-25T19:25:00+00:00,277.83999999999975,278.1799999999998,276.9899999999997,277.0499999999997,1977
2026-06-25T19:30:00+00:00,277.0499999999997,277.3699999999998,276.3699999999998,276.90999999999974,2189
2026-06-25T19:35:00+00:00,276.90999999999974,276.93999999999977,275.93999999999977,276.09999999999974,1976
2026-06-25T19:40:00+00:00,276.09999999999974,276.28999999999974,275.66999999999973,275.6799999999998,2136
2026-06-25T19:45:00+00:00,275.6799999999998,275.94999999999976,274.88999999999976,275.51999999999975,1906
2026-06-25T19:50:00+00:00,275.51999999999975,277.6799999999998,275.50999999999976,277.12999999999977,1877
2026-06-25T19:55:00+00:00,277.12999999999977,277.2499999999998,274.2399999999997,275.51999999999975,3257
2026-06-26T13:30:00+00:00,275.51999999999975,278.22999999999973,274.53999999999974,277.1199999999998,1883
2026-06-26T13:35:00+00:00,277.1199999999998,277.91999999999973,276.43999999999977,277.10999999999973,1323
2026-06-26T13:40:00+00:00,277.10999999999973,278.44999999999976,276.53999999999974,277.14999999999975,1482
2026-06-26T13:45:00+00:00,277.14999999999975,277.26999999999975,276.33999999999975,276.6199999999998,1643
2026-06-26T13:50:00+00:00,276.6199999999998,277.14999999999975,275.9299999999998,276.69999999999976,1448
2026-06-26T13:55:00+00:00,276.69999999999976,277.57999999999976,275.77999999999975,275.94999999999976,1328
2026-06-26T14:00:00+00:00,275.94999999999976,277.5499999999997,275.8099999999998,277.41999999999973,1465
2026-06-26T14:05:00+00:00,277.41999999999973,278.66999999999973,277.34999999999974,278.1799999999998,1363
2026-06-26T14:10:00+00:00,278.1799999999998,278.66999999999973,278.03999999999974,278.4899999999997,1359
2026-06-26T14:15:00+00:00,278.4899999999997,278.64999999999975,277.7499999999998,277.75999999999976,1414
2026-06-26T14:20:00+00:00,277.75999999999976,278.18999999999977,277.2399999999997,277.95999999999975,1284
2026-06-26T14:25:00+00:00,277.95999999999975,279.25999999999976,277.65999999999974,278.5599999999998,1198
2026-06-26T14:30:00+00:00,278.5599999999998,280.2999999999997,278.40999999999974,279.94999999999976,1277
2026-06-26T14:35:00+00:00,279.94999999999976,280.09999999999974,279.33999999999975,279.59999999999974,1309
2026-06-26T14:40:00+00:00,279.59999999999974,280.34999999999974,278.97999999999973,279.6799999999998,1243
2026-06-26T14:45:00+00:00,279.6799999999998,280.21999999999974,279.2399999999997,280.07999999999976,1080
2026-06-26T14:50:00+00:00,280.07999999999976,280.22999999999973,279.52999999999975,279.9999999999998,1234
2026-06-26T14:55:00+00:00,279.9999999999998,280.53999999999974,279.9299999999998,280.14999999999975,1416.2464282895257
2026-06-26T15:00:00+00:00,280.14999999999975,280.77999999999975,280.06999999999977,280.5999999999998,1392
2026-06-26T15:05:00+00:00,280.5999999999998,280.6699999999998,279.96999999999974,280.12999999999977,1314
2026-06-26T15:10:00+00:00,280.12999999999977,280.33999999999975,279.4799999999998,279.8599999999998,1273
2026-06-26T15:15:00+00:00,279.8599999999998,280.14999999999975,279.51999999999975,280.12999999999977,1249
2026-06-26T15:20:00+00:00,280.12999999999977,280.31999999999977,278.6799999999998,279.56999999999977,1268
2026-06-26T15:25:00+00:00,279.56999999999977,279.58999999999975,278.93999999999977,279.2899999999998,1070
2026-06-26T15:30:00+00:00,279.2899999999998,279.76999999999975,278.0399999999998,278.4199999999998,1181
2026-06-26T15:35:00+00:00,278.4199999999998,278.93999999999977,278.32999999999976,278.81999999999977,1124
2026-06-26T15:40:00+00:00,278.81999999999977,278.93999999999977,277.8499999999998,278.4099999999998,1357
2026-06-26T15:45:00+00:00,278.4099999999998,278.52999999999975,277.9299999999998,278.43999999999977,907
2026-06-26T15:50:00+00:00,278.43999999999977,278.6799999999998,277.31999999999977,277.58999999999975,1480
2026-06-26T15:55:00+00:00,277.58999999999975,277.9099999999998,277.31999999999977,277.46999999999974,1337
2026-06-26T16:00:00+00:00,277.46999999999974,277.62999999999977,276.5999999999998,276.69999999999976,1195
2026-06-26T16:05:00+00:00,276.69999999999976,276.8599999999998,276.1199999999998,276.1699999999998,1038
2026-06-26T16:10:00+00:00,276.1699999999998,276.56999999999977,275.8699999999998,276.27999999999975,1189
2026-06-26T16:15:00+00:00,276.27999999999975,276.4799999999998,275.71999999999974,275.8499999999998,1016
2026-06-26T16:20:00+00:00,275.8499999999998,276.4199999999998,275.5499999999998,276.07999999999976,1207
2026-06-26T16:25:00+00:00,276.07999999999976,276.9199999999998,275.71999999999974,276.1699999999998,1033
2026-06-26T16:30:00+00:00,276.1699999999998,277.7399999999998,276.1699999999998,277.71999999999974,928
2026-06-26T16:35:00+00:00,277.71999999999974,277.83999999999975,277.08999999999975,277.56999999999977,971
2026-06-26T16:40:00+00:00,277.56999999999977,278.4199999999998,277.5499999999998,278.3499999999998,950
2026-06-26T16:45:00+00:00,278.3499999999998,279.14999999999975,278.21999999999974,278.94999999999976,1139
2026-06-26T16:50:00+00:00,278.94999999999976,279.6799999999998,278.83999999999975,279.25999999999976,879
2026-06-26T16:55:00+00:00,279.25999999999976,279.4199999999998,279.00999999999976,279.2299999999998,834
2026-06-26T17:00:00+00:00,279.2299999999998,279.3699999999998,278.7299999999998,278.8099999999998,844
2026-06-26T17:05:00+00:00,278.8099999999998,279.4899999999998,278.7899999999998,279.45999999999975,845
2026-06-26T17:10:00+00:00,279.45999999999975,279.6799999999998,278.87999999999977,279.13999999999976,635
2026-06-26T17:15:00+00:00,279.13999999999976,279.4199999999998,278.94999999999976,278.96999999999974,793
2026-06-26T17:20:00+00:00,278.96999999999974,279.3499999999998,278.87999999999977,279.1799999999998,800
2026-06-26T17:25:00+00:00,279.1799999999998,279.6199999999998,279.06999999999977,279.4899999999998,843
2026-06-26T17:30:00+00:00,279.4899999999998,279.88999999999976,279.31999999999977,279.8099999999998,935
2026-06-26T17:35:00+00:00,279.8099999999998,279.82999999999976,279.4099999999998,279.6199999999998,748
2026-06-26T17:40:00+00:00,279.6199999999998,280.1699999999998,279.52999999999975,279.68999999999977,799
2026-06-26T17:45:00+00:00,279.68999999999977,280.00999999999976,279.02999999999975,279.0499999999998,888
2026-06-26T17:50:00+00:00,279.0499999999998,279.39999999999975,278.9299999999998,279.3499999999998,692
2026-06-26T17:55:00+00:00,279.3499999999998,279.6099999999998,279.01999999999975,279.51999999999975,646
2026-06-26T18:00:00+00:00,279.51999999999975,280.63999999999976,279.20999999999975,280.5599999999998,1091
2026-06-26T18:05:00+00:00,280.5599999999998,280.9899999999998,280.3099999999998,280.9299999999998,815
2026-06-26T18:10:00+00:00,280.9299999999998,281.6099999999998,280.9199999999998,281.33999999999975,877
2026-06-26T18:15:00+00:00,281.33999999999975,281.6199999999998,280.93999999999977,281.1699999999998,852
2026-06-26T18:20:00+00:00,281.1699999999998,281.26999999999975,280.13999999999976,280.43999999999977,1087
2026-06-26T18:25:00+00:00,280.43999999999977,280.6099999999998,280.12999999999977,280.4999999999998,835
2026-06-26T18:30:00+00:00,280.4999999999998,282.08999999999975,280.3699999999998,282.01999999999975,1186
2026-06-26T18:35:00+00:00,282.01999999999975,282.1199999999998,281.07999999999976,281.1199999999998,918
2026-06-26T18:40:00+00:00,281.1199999999998,281.8499999999998,281.07999999999976,281.46999999999974,1015
2026-06-26T18:45:00+00:00,281.46999999999974,281.64999999999975,280.8699999999998,281.07999999999976,1055
2026-06-26T18:50:00+00:00,281.07999999999976,281.21999999999974,280.5499999999998,280.7299999999998,986
2026-06-26T18:55:00+00:00,280.7299999999998,281.13999999999976,280.63999999999976,280.9999999999998,877
2026-06-26T19:00:00+00:00,280.9999999999998,281.6599999999998,280.88999999999976,281.2499999999998,902
2026-06-26T19:05:00+00:00,281.2499999999998,281.63999999999976,280.62999999999977,281.44999999999976,911
2026-06-26T19:10:00+00:00,281.44999999999976,282.12999999999977,281.21999999999974,281.69999999999976,1030
2026-06-26T19:15:00+00:00,281.69999999999976,282.13999999999976,281.37999999999977,282.01999999999975,941
2026-06-26T19:20:00+00:00,282.01999999999975,282.01999999999975,279.70999999999975,280.76999999999975,1687
2026-06-26T19:25:00+00:00,280.76999999999975,281.0499999999998,280.27999999999975,280.43999999999977,1186
2026-06-26T19:30:00+00:00,280.43999999999977,281.6799999999998,280.38999999999976,281.4999999999998,1163
2026-06-26T19:35:00+00:00,281.4999999999998,281.5599999999998,280.37999999999977,280.88999999999976,1130
2026-06-26T19:40:00+00:00,280.88999999999976,281.7399999999998,280.81999999999977,281.58999999999975,946
2026-06-26T19:45:00+00:00,281.58999999999975,281.9899999999998,281.27999999999975,281.5599999999998,1338
2026-06-26T19:50:00+00:00,281.5599999999998,286.07999999999976,281.5499999999998,285.5499999999998,2358
2026-06-26T19:55:00+00:00,285.5499999999998,286.2399999999998,281.5399999999998,281.8499999999998,2170
2026-06-29T13:30:00+00:00,281.8499999999998,288.50999999999976,281.8499999999998,286.58999999999975,1981
2026-06-29T13:35:00+00:00,286.58999999999975,286.58999999999975,284.71999999999974,286.00999999999976,1831
2026-06-29T13:40:00+00:00,286.00999999999976,286.31999999999977,284.07999999999976,284.2399999999998,1720
2026-06-29T13:45:00+00:00,284.2399999999998,285.4099999999998,283.87999999999977,284.2299999999998,1960
2026-06-29T13:50:00+00:00,284.2299999999998,285.4999999999998,284.0499999999998,284.6599999999998,1685
2026-06-29T13:55:00+00:00,284.6599999999998,284.7899999999998,283.81999999999977,284.20999999999975,1581
2026-06-29T14:00:00+00:00,284.20999999999975,284.31999999999977,283.81999999999977,284.0399999999998,1691
2026-06-29T14:05:00+00:00,284.0399999999998,284.2399999999998,282.81999999999977,282.95999999999975,1777
2026-06-29T14:10:00+00:00,282.95999999999975,283.1099999999998,282.02999999999975,282.1099999999998,1773
2026-06-29T14:15:00+00:00,282.1099999999998,282.6099999999998,281.9799999999998,282.32999999999976,2128
2026-06-29T14:20:00+00:00,282.32999999999976,282.39999999999975,281.6199999999998,281.63999999999976,1596
2026-06-29T14:25:00+00:00,281.63999999999976,281.82999999999976,280.75999999999976,281.0599999999998,1795
2026-06-29T14:30:00+00:00,281.0599999999998,282.0999999999998,280.64999999999975,282.06999999999977,2246
2026-06-29T14:35:00+00:00,282.06999999999977,282.5399999999998,281.6199999999998,281.7299999999998,2011
2026-06-29T14:40:00+00:00,281.7299999999998,281.9799999999998,281.2899999999998,281.83999999999975,2125
2026-06-29T14:45:00+00:00,281.83999999999975,282.4199999999998,281.5399999999998,282.19999999999976,1987
2026-06-29T14:50:00+00:00,282.19999999999976,283.12999999999977,282.1699999999998,282.7999999999998,1658
2026-06-29T14:55:00+00:00,282.7999999999998,282.82999999999976,282.1199999999998,282.12999999999977,1635
2026-06-29T15:00:00+00:00,282.12999999999977,282.43999999999977,281.87999999999977,282.00999999999976,1586
2026-06-29T15:05:00+00:00,282.00999999999976,282.1599999999998,281.6199999999998,282.06999999999977,1575
2026-06-29T15:10:00+00:00,282.06999999999977,282.38999999999976,281.01999999999975,282.20999999999975,1366
2026-06-29T15:15:00+00:00,282.20999999999975,282.75999999999976,282.1799999999998,282.4899999999998,1554
2026-06-29T15:20:00+00:00,282.4899999999998,282.6699999999998,281.82999999999976,282.02999999999975,1227
2026-06-29T15:25:00+00:00,282.02999999999975,282.6699999999998,281.9999999999998,282.64999999999975,1471
2026-06-29T15:30:00+00:00,282.64999999999975,282.76999999999975,282.1699999999998,282.1699999999998,1531
2026-06-29T15:35:00+00:00,282.1699999999998,282.75999999999976,282.1699999999998,282.50999999999976,1122
2026-06-29T15:40:00+00:00,282.50999999999976,283.0599999999998,282.19999999999976,282.9799999999998,1172
2026-06-29T15:45:00+00:00,282.9799999999998,282.9799999999998,282.4999999999998,282.71999999999974,1104
2026-06-29T15:50:00+00:00,282.71999999999974,283.31999999999977,282.68999999999977,282.75999999999976,1101
2026-06-29T15:55:00+00:00,282.75999999999976,282.7899999999998,281.7499999999998,281.81999999999977,1146
2026-06-29T16:00:00+00:00,281.81999999999977,281.8699999999998,281.1699999999998,281.58999999999975,1201
2026-06-29T16:05:00+00:00,281.58999999999975,281.9299999999998,281.06999999999977,281.20999999999975,1161
2026-06-29T16:10:00+00:00,281.20999999999975,281.21999999999974,280.64999999999975,280.7299999999998,957
2026-06-29T16:15:00+00:00,280.7299999999998,281.13999999999976,280.52999999999975,280.7399999999998,1028
2026-06-29T16:20:00+00:00,280.7399999999998,281.39999999999975,280.71999999999974,281.0499999999998,967
2026-06-29T16:25:00+00:00,281.0499999999998,281.2499999999998,280.81999999999977,280.81999999999977,838
2026-06-29T16:30:00+00:00,280.81999999999977,281.02999999999975,280.44999999999976,280.5599999999998,915
2026-06-29T16:35:00+00:00,280.5599999999998,280.83999999999975,280.2399999999998,280.8099999999998,914
2026-06-29T16:40:00+00:00,280.8099999999998,281.1099999999998,280.4199999999998,280.46999999999974,910
2026-06-29T16:45:00+00:00,280.46999999999974,280.6099999999998,280.18999999999977,280.27999999999975,816
2026-06-29T16:50:00+00:00,280.27999999999975,281.0499999999998,280.2299999999998,280.75999999999976,789
2026-06-29T16:55:00+00:00,280.75999999999976,280.7899999999998,280.4899999999998,280.63999999999976,522
2026-06-29T17:00:00+00:00,280.63999999999976,280.7999999999998,280.3499999999998,280.52999999999975,790
2026-06-29T17:05:00+00:00,280.52999999999975,280.77999999999975,280.32999999999976,280.4199999999998,768
2026-06-29T17:10:00+00:00,280.4199999999998,280.52999999999975,280.1699999999998,280.38999999999976,726
2026-06-29T17:15:00+00:00,280.38999999999976,281.44999999999976,280.38999999999976,281.38999999999976,937
2026-06-29T17:20:00+00:00,281.38999999999976,281.8699999999998,281.32999999999976,281.76999999999975,833
2026-06-29T17:25:00+00:00,281.76999999999975,281.83999999999975,281.4199999999998,281.75999999999976,930
2026-06-29T17:30:00+00:00,281.75999999999976,282.1799999999998,281.6199999999998,282.08999999999975,821
2026-06-29T17:35:00+00:00,282.08999999999975,282.18999999999977,281.64999999999975,281.87999999999977,614
2026-06-29T17:40:00+00:00,281.87999999999977,281.93999999999977,281.63999999999976,281.81999999999977,456
2026-06-29T17:45:00+00:00,281.81999999999977,282.4899999999998,281.7399999999998,282.46999999999974,739
2026-06-29T17:50:00+00:00,282.46999999999974,282.57999999999976,281.9899999999998,281.9899999999998,767
2026-06-29T17:55:00+00:00,281.9899999999998,282.45999999999975,281.9099999999998,282.31999999999977,817
2026-06-29T18:00:00+00:00,282.31999999999977,282.3599999999998,281.71999999999974,281.7299999999998,829
2026-06-29T18:05:00+00:00,281.7299999999998,281.82999999999976,281.31999999999977,281.4299999999998,696
2026-06-29T18:10:00+00:00,281.4299999999998,281.87999999999977,281.39999999999975,281.69999999999976,479
2026-06-29T18:15:00+00:00,281.69999999999976,281.9999999999998,281.56999999999977,281.6799999999998,734
2026-06-29T18:20:00+00:00,281.6799999999998,281.9199999999998,281.1699999999998,281.38999999999976,724
2026-06-29T18:25:00+00:00,281.38999999999976,281.9099999999998,281.31999999999977,281.8499999999998,680
2026-06-29T18:30:00+00:00,281.8499999999998,282.63999999999976,281.7499999999998,282.45999999999975,1026
2026-06-29T18:35:00+00:00,282.45999999999975,282.56999999999977,282.1699999999998,282.2399999999998,635
2026-06-29T18:40:00+00:00,282.2399999999998,282.46999999999974,281.94999999999976,282.4099999999998,1028
2026-06-29T18:45:00+00:00,282.4099999999998,282.57999999999976,281.77999999999975,281.95999999999975,709
2026-06-29T18:50:00+00:00,281.95999999999975,282.07999999999976,281.75999999999976,281.96999999999974,594
2026-06-29T18:55:00+00:00,281.96999999999974,282.37999999999977,281.93999999999977,282.3599999999998,603
2026-06-29T19:00:00+00:00,282.3599999999998,283.32999999999976,282.21999999999974,283.08999999999975,886
2026-06-29T19:05:00+00:00,283.08999999999975,283.21999999999974,282.81999999999977,283.0499999999998,699
2026-06-29T19:10:00+00:00,283.0499999999998,283.19999999999976,282.88999999999976,282.89999999999975,680
2026-06-29T19:15:00+00:00,282.89999999999975,283.12999999999977,282.5999999999998,282.88999999999976,921
2026-06-29T19:20:00+00:00,282.88999999999976,283.00999999999976,282.7499999999998,282.81999999999977,615
2026-06-29T19:25:00+00:00,282.81999999999977,283.18999999999977,282.8099999999998,282.9899999999998,702
2026-06-29T19:30:00+00:00,282.9899999999998,283.0499999999998,282.13999999999976,282.32999999999976,699
2026-06-29T19:35:00+00:00,282.32999999999976,282.62999999999977,282.07999999999976,282.6099999999998,750
2026-06-29T19:40:00+00:00,282.6099999999998,282.6699999999998,281.8499999999998,282.0599999999998,750
2026-06-29T19:45:00+00:00,282.0599999999998,282.46999999999974,281.88999999999976,282.20999999999975,855
2026-06-29T19:50:00+00:00,282.20999999999975,282.71999999999974,282.07999999999976,282.33999999999975,1012
2026-06-29T19:55:00+00:00,282.33999999999975,282.44999999999976,281.5499999999998,282.1099999999998,1667
2026-06-30T13:30:00+00:00,282.1099999999998,283.7499999999998,280.9099999999998,283.50999999999976,1420
2026-06-30T13:35:00+00:00,283.50999999999976,285.12999999999977,282.7899999999998,284.6599999999998,1523
2026-06-30T13:40:00+00:00,284.6599999999998,285.06999999999977,283.3699999999998,283.4799999999998,973
2026-06-30T13:45:00+00:00,283.4799999999998,284.94999999999976,283.12999999999977,284.52999999999975,1108
2026-06-30T13:50:00+00:00,284.52999999999975,285.4899999999998,284.4999999999998,285.3599999999998,1076
2026-06-30T13:55:00+00:00,285.3599999999998,285.62999999999977,285.0399999999998,285.5599999999998,1013
2026-06-30T14:00:00+00:00,285.5599999999998,286.2399999999998,285.37999999999977,285.9199999999998,1216
2026-06-30T14:05:00+00:00,285.9199999999998,286.25999999999976,285.37999999999977,285.51999999999975,1216
2026-06-30T14:10:00+00:00,285.51999999999975,286.26999999999975,285.02999999999975,286.12999999999977,1207
2026-06-30T14:15:00+00:00,286.12999999999977,286.50999999999976,285.9199999999998,286.25999999999976,1067
2026-06-30T14:20:00+00:00,286.25999999999976,286.5399999999998,285.81999999999977,286.43999999999977,909
2026-06-30T14:25:00+00:00,286.43999999999977,286.5599999999998,286.0999999999998,286.25999999999976,819
2026-06-30T14:30:00+00:00,286.25999999999976,286.5599999999998,286.25999999999976,286.45999999999975,695
2026-06-30T14:35:00+00:00,286.45999999999975,286.50999999999976,285.8499999999998,286.13999999999976,897
2026-06-30T14:40:00+00:00,286.13999999999976,286.14999999999975,285.56999999999977,285.82999999999976,753
2026-06-30T14:45:00+00:00,285.82999999999976,286.13999999999976,285.6799999999998,285.8099999999998,776
2026-06-30T14:50:00+00:00,285.8099999999998,287.20999999999975,285.6799999999998,286.88999999999976,1172
2026-06-30T14:55:00+00:00,286.88999999999976,287.38999999999976,286.4099999999998,287.1199999999998,1130
2026-06-30T15:00:00+00:00,287.1199999999998,287.64999999999975,286.94999999999976,287.5999999999998,713
2026-06-30T15:05:00+00:00,287.5999999999998,287.63999999999976,286.95999999999975,287.31999999999977,574
2026-06-30T15:10:00+00:00,287.31999999999977,287.6699999999998,287.1199999999998,287.14999999999975,425
2026-06-30T15:15:00+00:00,287.14999999999975,288.01999999999975,286.9199999999998,287.9799999999998,584
2026-06-30T15:20:00+00:00,287.9799999999998,288.89999999999975,287.89999999999975,288.77999999999975,901
2026-06-30T15:25:00+00:00,288.77999999999975,288.94999999999976,288.3599999999998,288.5399999999998,735
2026-06-30T15:30:00+00:00,288.5399999999998,289.1599999999998,288.44999999999976,288.9899999999998,922
2026-06-30T15:35:00+00:00,288.9899999999998,289.3699999999998,288.81999999999977,289.33999999999975,711
2026-06-30T15:40:00+00:00,289.33999999999975,289.46999999999974,288.58999999999975,288.69999999999976,702
2026-06-30T15:45:00+00:00,288.69999999999976,289.6599999999998,288.69999999999976,289.62999999999977,670
2026-06-30T15:50:00+00:00,289.62999999999977,289.6799999999998,289.01999999999975,289.0399999999998,701
2026-06-30T15:55:00+00:00,289.0399999999998,289.26999999999975,288.8499999999998,289.0399999999998,624
2026-06-30T16:00:00+00:00,289.0399999999998,289.4999999999998,289.0399999999998,289.2899999999998,608
2026-06-30T16:05:00+00:00,289.2899999999998,289.2899999999998,288.4799999999998,288.76999999999975,665
2026-06-30T16:10:00+00:00,288.76999999999975,288.95999999999975,288.1099999999998,288.56999999999977,721
2026-06-30T16:15:00+00:00,288.56999999999977,288.7899999999998,288.3599999999998,288.51999999999975,632
2026-06-30T16:20:00+00:00,288.51999999999975,288.5999999999998,288.25999999999976,288.4299999999998,460
2026-06-30T16:25:00+00:00,288.4299999999998,288.77999999999975,288.2399999999998,288.44999999999976,545
2026-06-30T16:30:00+00:00,288.44999999999976,288.88999999999976,288.38999999999976,288.71999999999974,604
2026-06-30T16:35:00+00:00,288.71999999999974,288.93999999999977,288.5999999999998,288.87999999999977,418
2026-06-30T16:40:00+00:00,288.87999999999977,289.0599999999998,288.6699999999998,289.01999999999975,451
2026-06-30T16:45:00+00:00,289.01999999999975,289.27999999999975,288.88999999999976,289.2299999999998,505
2026-06-30T16:50:00+00:00,289.2299999999998,289.44999999999976,288.9899999999998,289.32999999999976,422
2026-06-30T16:55:00+00:00,289.32999999999976,289.51999999999975,289.0999999999998,289.4999999999998,478
2026-06-30T17:00:00+00:00,289.4999999999998,289.9799999999998,289.4099999999998,289.88999999999976,514
2026-06-30T17:05:00+00:00,289.88999999999976,289.9199999999998,289.3499999999998,289.4299999999998,436
2026-06-30T17:10:00+00:00,289.4299999999998,289.7499999999998,289.20999999999975,289.2999999999998,615
2026-06-30T17:15:00+00:00,289.2999999999998,289.2999999999998,288.6099999999998,288.68999999999977,430
2026-06-30T17:20:00+00:00,288.68999999999977,289.1599999999998,288.62999999999977,289.06999999999977,512
2026-06-30T17:25:00+00:00,289.06999999999977,289.21999999999974,288.71999999999974,288.7299999999998,300
2026-06-30T17:30:00+00:00,288.7299999999998,288.88999999999976,288.5499999999998,288.70999999999975,392
2026-06-30T17:35:00+00:00,288.70999999999975,288.7899999999998,288.52999999999975,288.6599999999998,402
2026-06-30T17:40:00+00:00,288.6599999999998,288.8599999999998,288.5999999999998,288.6799999999998,417
2026-06-30T17:45:00+00:00,288.6799999999998,288.81999999999977,288.5499999999998,288.7999999999998,373
2026-06-30T17:50:00+00:00,288.7999999999998,289.00999999999976,288.5399999999998,288.6699999999998,420
2026-06-30T17:55:00+00:00,288.6699999999998,288.8699999999998,288.46999999999974,288.69999999999976,362
2026-06-30T18:00:00+00:00,288.69999999999976,289.4899999999998,288.4099999999998,289.0599999999998,840
2026-06-30T18:05:00+00:00,289.0599999999998,289.21999999999974,288.71999999999974,288.8499999999998,595
2026-06-30T18:10:00+00:00,288.8499999999998,289.26999999999975,288.81999999999977,289.26999999999975,375
2026-06-30T18:15:00+00:00,289.26999999999975,289.26999999999975,288.89999999999975,289.1799999999998,421
2026-06-30T18:20:00+00:00,289.1799999999998,289.3099999999998,289.01999999999975,289.0399999999998,382
2026-06-30T18:25:00+00:00,289.0399999999998,289.14999999999975,288.14999999999975,288.37999999999977,551
2026-06-30T18:30:00+00:00,288.37999999999977,288.50999999999976,287.5599999999998,287.5999999999998,619
2026-06-30T18:35:00+00:00,287.5999999999998,287.9299999999998,287.4299999999998,287.68999999999977,675
2026-06-30T18:40:00+00:00,287.68999999999977,287.8699999999998,287.58999999999975,287.7499999999998,372
2026-06-30T18:45:00+00:00,287.7499999999998,287.82999999999976,287.3699999999998,287.4899999999998,390
2026-06-30T18:50:00+00:00,287.4899999999998,287.4999999999998,287.0399999999998,287.06999999999977,465
2026-06-30T18:55:00+00:00,287.06999999999977,287.3099999999998,286.9799999999998,287.3099999999998,475
2026-06-30T19:00:00+00:00,287.3099999999998,287.87999999999977,287.25999999999976,287.76999999999975,837
2026-06-30T19:05:00+00:00,287.76999999999975,287.8699999999998,287.3499999999998,287.82999999999976,544
2026-06-30T19:10:00+00:00,287.82999999999976,288.00999999999976,287.70999999999975,287.8499999999998,469
2026-06-30T19:15:00+00:00,287.8499999999998,287.9999999999998,287.6199999999998,287.64999999999975,581
2026-06-30T19:20:00+00:00,287.64999999999975,288.2899999999998,287.56999999999977,288.01999999999975,651
2026-06-30T19:25:00+00:00,288.01999999999975,288.45999999999975,287.6799999999998,287.7999999999998,715
2026-06-30T19:30:00+00:00,287.7999999999998,288.2999999999998,287.7999999999998,288.06999999999977,693
2026-06-30T19:35:00+00:00,288.06999999999977,288.27999999999975,287.88999999999976,288.14999999999975,544
2026-06-30T19:40:00+00:00,288.14999999999975,288.39999999999975,288.06999999999977,288.20999999999975,605
2026-06-30T19:45:00+00:00,288.20999999999975,288.27999999999975,287.8499999999998,287.8699999999998,717
2026-06-30T19:50:00+00:00,287.8699999999998,288.7399999999998,287.6799999999998,288.39999999999975,1546
2026-06-30T19:55:00+00:00,288.39999999999975,290.21999999999974,288.39999999999975,289.4199999999998,2628
2026-07-01T13:30:00+00:00,289.4199999999998,293.63999999999976,289.4199999999998,292.46999999999974,1982
2026-07-01T13:35:00+00:00,292.46999999999974,293.1099999999998,291.2299999999998,292.2399999999998,2010
2026-07-01T13:40:00+00:00,292.2399999999998,292.51999999999975,291.2399999999998,291.32999999999976,1583
2026-07-01T13:45:00+00:00,291.32999999999976,291.4099999999998,289.4999999999998,290.6599999999998,1605
2026-07-01T13:50:00+00:00,290.6599999999998,291.5599999999998,290.31999999999977,291.5499999999998,1581
2026-07-01T13:55:00+00:00,291.5499999999998,292.95999999999975,291.37999999999977,292.7399999999998,1642
2026-07-01T14:00:00+00:00,292.7399999999998,293.06999999999977,291.8599999999998,292.27999999999975,1541
2026-07-01T14:05:00+00:00,292.27999999999975,293.43999999999977,292.25999999999976,292.8099999999998,1344
2026-07-01T14:10:00+00:00,292.8099999999998,293.4899999999998,292.44999999999976,293.19999999999976,1075
2026-07-01T14:15:00+00:00,293.19999999999976,293.45999999999975,292.81999999999977,293.0599999999998,1160
2026-07-01T14:20:00+00:00,293.0599999999998,293.14999999999975,292.18999999999977,292.75999999999976,997
2026-07-01T14:25:00+00:00,292.75999999999976,293.7899999999998,292.32999999999976,293.33999999999975,1089
2026-07-01T14:30:00+00:00,293.33999999999975,293.81999999999977,293.01999999999975,293.38999999999976,1270
2026-07-01T14:35:00+00:00,293.38999999999976,293.94999999999976,293.3099999999998,293.8699999999998,1054
2026-07-01T14:40:00+00:00,293.8699999999998,295.13999999999976,293.7299999999998,295.1099999999998,997
2026-07-01T14:45:00+00:00,295.1099999999998,295.1699999999998,294.2899999999998,295.1699999999998,1497
2026-07-01T14:50:00+00:00,295.1699999999998,295.27999999999975,294.6699999999998,294.76999999999975,1236
2026-07-01T14:55:00+00:00,294.76999999999975,295.37999999999977,294.39999999999975,294.95999999999975,1443.2097852591835
2026-07-01T15:00:00+00:00,294.95999999999975,295.41999999999973,294.75999999999976,295.1799999999997,1398
2026-07-01T15:05:00+00:00,295.1799999999997,295.65999999999974,294.85999999999973,295.00999999999976,1269
2026-07-01T15:10:00+00:00,295.00999999999976,295.35999999999973,294.60999999999973,294.90999999999974,1168
2026-07-01T15:15:00+00:00,294.90999999999974,295.9999999999997,294.81999999999977,295.97999999999973,1168
2026-07-01T15:20:00+00:00,295.97999999999973,296.83999999999975,295.90999999999974,296.68999999999977,1113
2026-07-01T15:25:00+00:00,296.68999999999977,296.90999999999974,295.84999999999974,296.1199999999997,1040
2026-07-01T15:30:00+00:00,296.1199999999997,296.1199999999997,295.14999999999975,295.2999999999997,1145
2026-07-01T15:35:00+00:00,295.2999999999997,295.38999999999976,295.0499999999997,295.0599999999997,947
2026-07-01T15:40:00+00:00,295.0599999999997,295.60999999999973,295.0599999999997,295.26999999999975,988
2026-07-01T15:45:00+00:00,295.26999999999975,295.57999999999976,295.14999999999975,295.5499999999997,869
2026-07-01T15:50:00+00:00,295.5499999999997,295.7499999999997,295.28999999999974,295.51999999999975,852
2026-07-01T15:55:00+00:00,295.51999999999975,295.7399999999997,294.93999999999977,295.51999999999975,898
2026-07-01T16:00:00+00:00,295.51999999999975,295.91999999999973,295.35999999999973,295.71999999999974,734
2026-07-01T16:05:00+00:00,295.71999999999974,296.01999999999975,295.57999999999976,295.76999999999975,620
2026-07-01T16:10:00+00:00,295.76999999999975,295.96999999999974,295.46999999999974,295.56999999999977,677
2026-07-01T16:15:00+00:00,295.56999999999977,295.66999999999973,295.2499999999997,295.5599999999997,724
2026-07-01T16:20:00+00:00,295.5599999999997,295.6799999999997,295.39999999999975,295.60999999999973,716
2026-07-01T16:25:00+00:00,295.60999999999973,295.7999999999997,295.2499999999997,295.27999999999975,694
2026-07-01T16:30:00+00:00,295.27999999999975,295.37999999999977,294.6199999999997,294.8099999999997,725
2026-07-01T16:35:00+00:00,294.8099999999997,295.08999999999975,294.65999999999974,294.82999999999976,695
2026-07-01T16:40:00+00:00,294.82999999999976,295.03999999999974,294.65999999999974,294.89999999999975,630
2026-07-01T16:45:00+00:00,294.89999999999975,294.9899999999997,294.65999999999974,294.75999999999976,592
2026-07-01T16:50:00+00:00,294.75999999999976,295.13999999999976,294.6799999999997,294.87999999999977,661
2026-07-01T16:55:00+00:00,294.87999999999977,294.87999999999977,294.43999999999977,294.58999999999975,662
2026-07-01T17:00:00+00:00,294.58999999999975,294.69999999999976,294.25999999999976,294.41999999999973,716
2026-07-01T17:05:00+00:00,294.41999999999973,294.94999999999976,294.2499999999997,294.64999999999975,731
2026-07-01T17:10:00+00:00,294.64999999999975,294.76999999999975,294.2999999999997,294.7399999999997,674
2026-07-01T17:15:00+00:00,294.7399999999997,294.77999999999975,294.2999999999997,294.31999999999977,538
2026-07-01T17:20:00+00:00,294.31999999999977,294.76999999999975,294.2499999999997,294.45999999999975,589
2026-07-01T17:25:00+00:00,294.45999999999975,294.57999999999976,294.28999999999974,294.38999999999976,543
2026-07-01T17:30:00+00:00,294.38999999999976,294.56999999999977,294.2499999999997,294.56999999999977,573
2026-07-01T17:35:00+00:00,294.56999999999977,294.9299999999997,294.45999999999975,294.59999999999974,694
2026-07-01T17:40:00+00:00,294.59999999999974,294.76999999999975,294.39999999999975,294.45999999999975,564
2026-07-01T17:45:00+00:00,294.45999999999975,294.68999999999977,294.27999999999975,294.52999999999975,563
2026-07-01T17:50:00+00:00,294.52999999999975,295.3099999999997,294.35999999999973,295.28999999999974,734
2026-07-01T17:55:00+00:00,295.28999999999974,295.28999999999974,293.4899999999997,294.01999999999975,1454
2026-07-01T18:00:00+00:00,294.01999999999975,294.52999999999975,292.9999999999997,293.88999999999976,1100
2026-07-01T18:05:00+00:00,293.88999999999976,295.14999999999975,293.22999999999973,294.90999999999974,1006
2026-07-01T18:10:00+00:00,294.90999999999974,295.0499999999997,294.68999999999977,294.8699999999997,985
2026-07-01T18:15:00+00:00,294.8699999999997,295.39999999999975,294.62999999999977,295.32999999999976,688
2026-07-01T18:20:00+00:00,295.32999999999976,295.38999999999976,294.83999999999975,294.91999999999973,679
2026-07-01T18:25:00+00:00,294.91999999999973,295.2999999999997,294.84999999999974,295.10999999999973,711
2026-07-01T18:30:00+00:00,295.10999999999973,295.53999999999974,295.09999999999974,295.28999999999974,723
2026-07-01T18:35:00+00:00,295.28999999999974,295.53999999999974,295.07999999999976,295.16999999999973,629
2026-07-01T18:40:00+00:00,295.16999999999973,295.8699999999997,295.16999999999973,295.71999999999974,690
2026-07-01T18:45:00+00:00,295.71999999999974,295.7999999999997,295.45999999999975,295.70999999999975,665
2026-07-01T18:50:00+00:00,295.70999999999975,295.72999999999973,295.2499999999997,295.3099999999997,755
2026-07-01T18:55:00+00:00,295.3099999999997,295.4999999999997,294.95999999999975,295.07999999999976,734
2026-07-01T19:00:00+00:00,295.07999999999976,295.22999999999973,294.90999999999974,295.00999999999976,726
2026-07-01T19:05:00+00:00,295.00999999999976,295.25999999999976,294.75999999999976,294.84999999999974,670
2026-07-01T19:10:00+00:00,294.84999999999974,295.02999999999975,294.72999999999973,294.91999999999973,477
2026-07-01T19:15:00+00:00,294.91999999999973,295.18999999999977,294.8099999999997,294.8699999999997,661
2026-07-01T19:20:00+00:00,294.8699999999997,294.96999999999974,294.46999999999974,294.7499999999997,543
2026-07-01T19:25:00+00:00,294.7499999999997,294.76999999999975,294.31999999999977,294.31999999999977,726
2026-07-01T19:30:00+00:00,294.31999999999977,294.66999999999973,294.27999999999975,294.33999999999975,763
2026-07-01T19:35:00+00:00,294.33999999999975,294.6799999999997,294.31999999999977,294.53999999999974,651
2026-07-01T19:40:00+00:00,294.53999999999974,294.62999999999977,294.32999999999976,294.5599999999997,598
2026-07-01T19:45:00+00:00,294.5599999999997,294.71999999999974,293.9999999999997,294.20999999999975,776
2026-07-01T19:50:00+00:00,294.20999999999975,295.46999999999974,294.09999999999974,294.9999999999997,1370
2026-07-01T19:55:00+00:00,294.9999999999997,295.59999999999974,294.34999999999974,294.51999999999975,2118
2026-07-02T13:30:00+00:00,294.51999999999975,300.07999999999976,293.90999999999974,298.51999999999975,1796
2026-07-02T13:35:00+00:00,298.51999999999975,300.46999999999974,298.4299999999997,300.44999999999976,1790
2026-07-02T13:40:00+00:00,300.44999999999976,301.44999999999976,300.07999999999976,300.62999999999977,1674
2026-07-02T13:45:00+00:00,300.62999999999977,302.66999999999973,300.62999999999977,302.50999999999976,1684
2026-07-02T13:50:00+00:00,302.50999999999976,302.96999999999974,301.78999999999974,302.06999999999977,1535
2026-07-02T13:55:00+00:00,302.06999999999977,303.10999999999973,301.83999999999975,303.10999999999973,1228
2026-07-02T14:00:00+00:00,303.10999999999973,303.6799999999997,302.95999999999975,303.32999999999976,1596
2026-07-02T14:05:00+00:00,303.32999999999976,303.9299999999997,303.03999999999974,303.88999999999976,1388
2026-07-02T14:10:00+00:00,303.88999999999976,304.81999999999977,303.4299999999997,304.01999999999975,1470
2026-07-02T14:15:00+00:00,304.01999999999975,304.83999999999975,303.88999999999976,304.66999999999973,1464
2026-07-02T14:20:00+00:00,304.66999999999973,305.40999999999974,304.56999999999977,304.91999999999973,1372
2026-07-02T14:25:00+00:00,304.91999999999973,305.64999999999975,304.45999999999975,305.2999999999997,1645
2026-07-02T14:30:00+00:00,305.2999999999997,306.95999999999975,305.13999999999976,306.00999999999976,1961
2026-07-02T14:35:00+00:00,306.00999999999976,306.13999999999976,305.21999999999974,305.62999999999977,1672
2026-07-02T14:40:00+00:00,305.62999999999977,306.75999999999976,305.62999999999977,306.72999999999973,1802
2026-07-02T14:45:00+00:00,306.72999999999973,307.09999999999974,305.85999999999973,305.87999999999977,1800
2026-07-02T14:50:00+00:00,305.87999999999977,306.83999999999975,305.63999999999976,306.62999999999977,1542
2026-07-02T14:55:00+00:00,306.62999999999977,307.3699999999997,306.6199999999997,307.1899999999997,1546.3371118012421
2026-07-02T15:00:00+00:00,307.1899999999997,308.1199999999997,306.8699999999997,306.9299999999997,1760
2026-07-02T15:05:00+00:00,306.9299999999997,307.1399999999997,305.7299999999997,307.10999999999973,1942
2026-07-02T15:10:00+00:00,307.10999999999973,308.0999999999997,306.6199999999997,307.7099999999997,1609
2026-07-02T15:15:00+00:00,307.7099999999997,307.7299999999997,306.35999999999973,307.2599999999997,1552
2026-07-02T15:20:00+00:00,307.2599999999997,307.60999999999973,306.9799999999997,307.5599999999997,1665
2026-07-02T15:25:00+00:00,307.5599999999997,307.5699999999997,305.5799999999997,305.6799999999997,1519
2026-07-02T15:30:00+00:00,305.6799999999997,307.0799999999997,305.6799999999997,306.5599999999997,1485
2026-07-02T15:35:00+00:00,306.5599999999997,307.2099999999997,306.41999999999973,306.7899999999997,1417
2026-07-02T15:40:00+00:00,306.7899999999997,306.8799999999997,305.9399999999997,305.9499999999997,1238
2026-07-02T15:45:00+00:00,305.9499999999997,306.41999999999973,305.6399999999997,306.1399999999997,1262
2026-07-02T15:50:00+00:00,306.1399999999997,306.3899999999997,305.5899999999997,306.2399999999997,1343
2026-07-02T15:55:00+00:00,306.2399999999997,306.3499999999997,305.8299999999997,305.91999999999973,1241
2026-07-02T16:00:00+00:00,305.91999999999973,307.0399999999997,305.9099999999997,307.0299999999997,1212
2026-07-02T16:05:00+00:00,307.0299999999997,307.2699999999997,306.7699999999997,306.9399999999997,1287
2026-07-02T16:10:00+00:00,306.9399999999997,307.3999999999997,306.8299999999997,307.3499999999997,1260
2026-07-02T16:15:00+00:00,307.3499999999997,308.2199999999997,307.2499999999997,308.0299999999997,1469
2026-07-02T16:20:00+00:00,308.0299999999997,308.2399999999997,307.6799999999997,308.1399999999997,1176
2026-07-02T16:25:00+00:00,308.1399999999997,308.7699999999997,307.9699999999997,308.4299999999997,1363
2026-07-02T16:30:00+00:00,308.4299999999997,308.7799999999997,308.0599999999997,308.7599999999997,1312
2026-07-02T16:35:00+00:00,308.7599999999997,308.7599999999997,308.2299999999997,308.3899999999997,1596
2026-07-02T16:40:00+00:00,308.3899999999997,308.4399999999997,307.3399999999997,307.7299999999997,1262
2026-07-02T16:45:00+00:00,307.7299999999997,308.1399999999997,306.9899999999997,308.0999999999997,1107
2026-07-02T16:50:00+00:00,308.0999999999997,308.7299999999997,307.7899999999997,308.5699999999997,1082
2026-07-02T16:55:00+00:00,308.5699999999997,308.8299999999997,308.2499999999997,308.6499999999997,1219
2026-07-02T17:00:00+00:00,308.6499999999997,308.7399999999997,307.4899999999997,307.6399999999997,1347
2026-07-02T17:05:00+00:00,307.6399999999997,308.6199999999997,307.3999999999997,308.5999999999997,1045
2026-07-02T17:10:00+00:00,308.5999999999997,308.6599999999997,308.1499999999997,308.4899999999997,1012
2026-07-02T17:15:00+00:00,308.4899999999997,308.6499999999997,307.9499999999997,308.0699999999997,949
2026-07-02T17:20:00+00:00,308.0699999999997,308.3299999999997,307.9399999999997,308.1899999999997,1026
2026-07-02T17:25:00+00:00,308.1899999999997,308.2399999999997,307.5599999999997,308.0999999999997,911
2026-07-02T17:30:00+00:00,308.0999999999997,308.4099999999997,307.7799999999997,307.8299999999997,895
2026-07-02T17:35:00+00:00,307.8299999999997,308.3399999999997,307.7199999999997,308.10999999999973,1144
2026-07-02T17:40:00+00:00,308.10999999999973,308.4899999999997,307.9299999999997,308.4899999999997,932
2026-07-02T17:45:00+00:00,308.4899999999997,308.60999999999973,307.7699999999997,308.2599999999997,1183
2026-07-02T17:50:00+00:00,308.2599999999997,308.41999999999973,307.9699999999997,308.0499999999997,913
2026-07-02T17:55:00+00:00,308.0499999999997,308.1399999999997,307.3999999999997,307.6499999999997,903
2026-07-02T18:00:00+00:00,307.6499999999997,308.0899999999997,307.41999999999973,307.9699999999997,1080
2026-07-02T18:05:00+00:00,307.9699999999997,308.10999999999973,307.5099999999997,307.8199999999997,1091
2026-07-02T18:10:00+00:00,307.8199999999997,308.0299999999997,307.7299999999997,307.9299999999997,866
2026-07-02T18:15:00+00:00,307.9299999999997,308.1399999999997,307.1399999999997,307.3799999999997,1085
2026-07-02T18:20:00+00:00,307.3799999999997,307.9099999999997,307.3699999999997,307.5299999999997,628
2026-07-02T18:25:00+00:00,307.5299999999997,307.8499999999997,307.4299999999997,307.6199999999997,694
2026-07-02T18:30:00+00:00,307.6199999999997,308.2099999999997,307.5799999999997,307.8299999999997,719
2026-07-02T18:35:00+00:00,307.8299999999997,308.0799999999997,307.6299999999997,307.66999999999973,783
2026-07-02T18:40:00+00:00,307.66999999999973,307.9899999999997,307.4399999999997,307.8699999999997,871
2026-07-02T18:45:00+00:00,307.8699999999997,307.9599999999997,307.6499999999997,307.6899999999997,670
2026-07-02T18:50:00+00:00,307.6899999999997,308.1299999999997,307.66999999999973,307.8699999999997,797
2026-07-02T18:55:00+00:00,307.8699999999997,308.41999999999973,307.85999999999973,307.9599999999997,822
2026-07-02T19:00:00+00:00,307.9599999999997,308.4699999999997,307.66999999999973,307.7599999999997,928
2026-07-02T19:05:00+00:00,307.7599999999997,308.5599999999997,307.7499999999997,308.41999999999973,931
2026-07-02T19:10:00+00:00,308.41999999999973,308.6299999999997,307.9499999999997,308.0899999999997,829
2026-07-02T19:15:00+00:00,308.0899999999997,308.35999999999973,307.7699999999997,308.2399999999997,807
2026-07-02T19:20:00+00:00,308.2399999999997,308.2999999999997,307.7799999999997,307.9399999999997,877
2026-07-02T19:25:00+00:00,307.9399999999997,307.9799999999997,307.5699999999997,307.7399999999997,887
2026-07-02T19:30:00+00:00,307.7399999999997,308.4599999999997,307.6299999999997,308.3699999999997,940
2026-07-02T19:35:00+00:00,308.3699999999997,308.8199999999997,308.2399999999997,308.5599999999997,883
2026-07-02T19:40:00+00:00,308.5599999999997,308.7799999999997,308.0899999999997,308.2599999999997,1031
2026-07-02T19:45:00+00:00,308.2599999999997,308.3399999999997,307.5099999999997,307.8699999999997,1256
2026-07-02T19:50:00+00:00,307.8699999999997,308.8399999999997,307.8699999999997,308.35999999999973,1677
2026-07-02T19:55:00+00:00,308.35999999999973,309.7299999999997,308.35999999999973,308.6299999999997,1773
2026-07-06T13:30:00+00:00,308.6299999999997,309.2599999999997,307.3099999999997,309.0399999999997,1660
2026-07-06T13:35:00+00:00,309.0399999999997,309.7499999999997,308.4899999999997,309.6799999999997,1798
2026-07-06T13:40:00+00:00,309.6799999999997,310.1599999999997,308.3899999999997,309.5499999999997,1589
2026-07-06T13:45:00+00:00,309.5499999999997,310.2599999999997,309.2799999999997,309.7099999999997,1694
2026-07-06T13:50:00+00:00,309.7099999999997,310.2399999999997,308.6999999999997,309.4699999999997,1814
2026-07-06T13:55:00+00:00,309.4699999999997,310.0699999999997,309.0899999999997,309.7999999999997,1670
2026-07-06T14:00:00+00:00,309.7999999999997,309.9399999999997,309.2899999999997,309.6199999999997,1639
2026-07-06T14:05:00+00:00,309.6199999999997,310.0699999999997,309.3399999999997,309.8699999999997,1814
2026-07-06T14:10:00+00:00,309.8699999999997,310.2699999999997,309.1499999999997,310.1399999999997,1762
2026-07-06T14:15:00+00:00,310.1399999999997,311.2299999999997,309.7599999999997,311.2299999999997,1437
2026-07-06T14:20:00+00:00,311.2299999999997,311.6899999999997,310.8699999999997,311.3799999999997,1567
2026-07-06T14:25:00+00:00,311.3799999999997,312.0899999999997,311.3499999999997,311.9799999999997,1422
2026-07-06T14:30:00+00:00,311.9799999999997,312.1499999999997,311.5299999999997,311.5499999999997,1482
2026-07-06T14:35:00+00:00,311.5499999999997,312.1399999999997,311.5499999999997,311.9299999999997,1217
2026-07-06T14:40:00+00:00,311.9299999999997,312.10999999999973,311.5499999999997,311.6999999999997,1167
2026-07-06T14:45:00+00:00,311.6999999999997,312.6399999999997,311.5899999999997,312.3499999999997,1134
2026-07-06T14:50:00+00:00,312.3499999999997,312.7199999999997,312.2699999999997,312.5599999999997,1210
2026-07-06T14:55:00+00:00,312.5599999999997,312.8899999999997,312.3899999999997,312.7999999999997,1028
2026-07-06T15:00:00+00:00,312.7999999999997,313.2299999999997,312.7899999999997,313.1199999999997,1086
2026-07-06T15:05:00+00:00,313.1199999999997,313.2399999999997,312.7499999999997,312.9699999999997,1026
2026-07-06T15:10:00+00:00,312.9699999999997,313.5199999999997,312.8799999999997,313.1899999999997,888
2026-07-06T15:15:00+00:00,313.1899999999997,313.7099999999997,312.9799999999997,313.5499999999997,925
2026-07-06T15:20:00+00:00,313.5499999999997,313.7999999999997,313.2299999999997,313.2699999999997,1154
2026-07-06T15:25:00+00:00,313.2699999999997,313.91999999999973,313.2399999999997,313.8399999999997,1038
2026-07-06T15:30:00+00:00,313.8399999999997,314.0499999999997,313.66999999999973,313.9399999999997,846
2026-07-06T15:35:00+00:00,313.9399999999997,314.3799999999997,313.8799999999997,314.1599999999997,982
2026-07-06T15:40:00+00:00,314.1599999999997,314.4299999999997,314.0399999999997,314.41999999999973,859
2026-07-06T15:45:00+00:00,314.41999999999973,314.5099999999997,313.7299999999997,313.8999999999997,692
2026-07-06T15:50:00+00:00,313.8999999999997,314.2399999999997,313.7599999999997,313.7799999999997,840
2026-07-06T15:55:00+00:00,313.7799999999997,313.9599999999997,313.6899999999997,313.9499999999997,663
2026-07-06T16:00:00+00:00,313.9499999999997,314.0799999999997,313.60999999999973,313.7499999999997,771
2026-07-06T16:05:00+00:00,313.7499999999997,313.7899999999997,313.1499999999997,313.1499999999997,683
2026-07-06T16:10:00+00:00,313.1499999999997,313.4599999999997,313.10999999999973,313.2999999999997,648
2026-07-06T16:15:00+00:00,313.2999999999997,313.3199999999997,312.66999999999973,313.1199999999997,708
2026-07-06T16:20:00+00:00,313.1199999999997,313.1499999999997,312.6799999999997,312.9399999999997,636
2026-07-06T16:25:00+00:00,312.9399999999997,312.9399999999997,312.5599999999997,312.5699999999997,615
2026-07-06T16:30:00+00:00,312.5699999999997,312.8499999999997,312.1599999999997,312.6399999999997,702
2026-07-06T16:35:00+00:00,312.6399999999997,312.6899999999997,312.1999999999997,312.3699999999997,648
2026-07-06T16:40:00+00:00,312.3699999999997,313.0799999999997,312.3299999999997,312.8799999999997,701
2026-07-06T16:45:00+00:00,312.8799999999997,313.2999999999997,312.7799999999997,313.2599999999997,511
2026-07-06T16:50:00+00:00,313.2599999999997,313.2899999999997,312.7499999999997,312.9699999999997,578
2026-07-06T16:55:00+00:00,312.9699999999997,313.1199999999997,312.8099999999997,312.8499999999997,564
2026-07-06T17:00:00+00:00,312.8499999999997,313.1399999999997,312.7899999999997,313.1299999999997,594
2026-07-06T17:05:00+00:00,313.1299999999997,313.2199999999997,312.6299999999997,312.7499999999997,560
2026-07-06T17:10:00+00:00,312.7499999999997,313.0699999999997,312.7199999999997,313.0399999999997,469
2026-07-06T17:15:00+00:00,313.0399999999997,313.2299999999997,312.8399999999997,312.9899999999997,556
2026-07-06T17:20:00+00:00,312.9899999999997,313.2199999999997,312.8299999999997,312.8899999999997,647
2026-07-06T17:25:00+00:00,312.8899999999997,313.0299999999997,312.6599999999997,312.6999999999997,429
2026-07-06T17:30:00+00:00,312.6999999999997,312.8899999999997,312.4299999999997,312.5999999999997,635
2026-07-06T17:35:00+00:00,312.5999999999997,312.9099999999997,312.5299999999997,312.7299999999997,535
2026-07-06T17:40:00+00:00,312.7299999999997,312.8499999999997,312.60999999999973,312.66999999999973,573
2026-07-06T17:45:00+00:00,312.66999999999973,313.0099999999997,312.6199999999997,312.8099999999997,591
2026-07-06T17:50:00+00:00,312.8099999999997,313.0499999999997,312.6599999999997,312.66999999999973,529
2026-07-06T17:55:00+00:00,312.66999999999973,313.0599999999997,312.6599999999997,313.0599999999997,374
2026-07-06T18:00:00+00:00,313.0599999999997,313.1499999999997,312.7099999999997,312.9099999999997,504
2026-07-06T18:05:00+00:00,312.9099999999997,313.16999999999973,312.8299999999997,313.0199999999997,505
2026-07-06T18:10:00+00:00,313.0199999999997,313.2899999999997,312.85999999999973,313.2499999999997,423
2026-07-06T18:15:00+00:00,313.2499999999997,313.4799999999997,313.1599999999997,313.2499999999997,523
2026-07-06T18:20:00+00:00,313.2499999999997,313.3799999999997,313.0899999999997,313.3199999999997,427
2026-07-06T18:25:00+00:00,313.3199999999997,313.4799999999997,313.10999999999973,313.35999999999973,467
2026-07-06T18:30:00+00:00,313.35999999999973,313.7899999999997,313.3499999999997,313.5999999999997,462
2026-07-06T18:35:00+00:00,313.5999999999997,313.6199999999997,313.1899999999997,313.3099999999997,474
2026-07-06T18:40:00+00:00,313.3099999999997,313.6999999999997,313.2699999999997,313.5399999999997,480
2026-07-06T18:45:00+00:00,313.5399999999997,313.6599999999997,313.3399999999997,313.4999999999997,607
2026-07-06T18:50:00+00:00,313.4999999999997,313.7999999999997,313.4599999999997,313.6999999999997,312
2026-07-06T18:55:00+00:00,313.6999999999997,313.7199999999997,313.4999999999997,313.5599999999997,266
2026-07-06T19:00:00+00:00,313.5599999999997,313.6599999999997,313.2699999999997,313.41999999999973,555
2026-07-06T19:05:00+00:00,313.41999999999973,313.6899999999997,313.41999999999973,313.5299999999997,473
2026-07-06T19:10:00+00:00,313.5299999999997,313.7199999999997,313.4599999999997,313.5099999999997,484
2026-07-06T19:15:00+00:00,313.5099999999997,313.6599999999997,313.3299999999997,313.4999999999997,508
2026-07-06T19:20:00+00:00,313.4999999999997,313.7999999999997,313.4799999999997,313.6899999999997,462
2026-07-06T19:25:00+00:00,313.6899999999997,313.8899999999997,313.6299999999997,313.7399999999997,478
2026-07-06T19:30:00+00:00,313.7399999999997,313.9799999999997,313.6599999999997,313.8499999999997,558
2026-07-06T19:35:00+00:00,313.8499999999997,314.0199999999997,313.7699999999997,313.8899999999997,352
2026-07-06T19:40:00+00:00,313.8899999999997,314.0699999999997,313.85999999999973,313.91999999999973,410
2026-07-06T19:45:00+00:00,313.91999999999973,314.0099999999997,313.2199999999997,313.2599999999997,647
2026-07-06T19:50:00+00:00,313.2599999999997,313.3699999999997,312.5699999999997,312.7199999999997,994
2026-07-06T19:55:00+00:00,312.7199999999997,313.2999999999997,312.4299999999997,313.0699999999997,1726
2026-07-07T13:30:00+00:00,313.0699999999997,315.7799999999997,313.0399999999997,313.1899999999997,1572
2026-07-07T13:35:00+00:00,313.1899999999997,313.6499999999997,310.4699999999997,311.4599999999997,1567
2026-07-07T13:40:00+00:00,311.4599999999997,312.9999999999997,311.4599999999997,312.3499999999997,1255
2026-07-07T13:45:00+00:00,312.3499999999997,312.5599999999997,311.8299999999997,312.1999999999997,1030
2026-07-07T13:50:00+00:00,312.1999999999997,313.10999999999973,311.7999999999997,311.7999999999997,1032
2026-07-07T13:55:00+00:00,311.7999999999997,311.9099999999997,311.41999999999973,311.8799999999997,1260
2026-07-07T14:00:00+00:00,311.8799999999997,311.9699999999997,311.4299999999997,311.8099999999997,1281
2026-07-07T14:05:00+00:00,311.8099999999997,312.5899999999997,311.7499999999997,312.35999999999973,1298
2026-07-07T14:10:00+00:00,312.35999999999973,312.8499999999997,311.6599999999997,312.10999999999973,1223
2026-07-07T14:15:00+00:00,312.10999999999973,312.5999999999997,311.8299999999997,311.9699999999997,1434
2026-07-07T14:20:00+00:00,311.9699999999997,312.3899999999997,311.5599999999997,311.5799999999997,1230
2026-07-07T14:25:00+00:00,311.5799999999997,312.1399999999997,311.4999999999997,311.7199999999997,1601
2026-07-07T14:30:00+00:00,311.7199999999997,312.66999999999973,311.2899999999997,312.5799999999997,1396
2026-07-07T14:35:00+00:00,312.5799999999997,313.6799999999997,312.4999999999997,313.3299999999997,1668
2026-07-07T14:40:00+00:00,313.3299999999997,313.7399999999997,312.5699999999997,312.8199999999997,1585
2026-07-07T14:45:00+00:00,312.8199999999997,313.2999999999997,312.41999999999973,312.9099999999997,1322
2026-07-07T14:50:00+00:00,312.9099999999997,313.2799999999997,312.3299999999997,312.6599999999997,1105
2026-07-07T14:55:00+00:00,312.6599999999997,313.2899999999997,312.5399999999997,313.1299999999997,979
2026-07-07T15:00:00+00:00,313.1299999999997,313.5199999999997,312.9599999999997,313.3499999999997,1080
2026-07-07T15:05:00+00:00,313.3499999999997,314.1799999999997,313.3299999999997,313.5599999999997,1062
2026-07-07T15:10:00+00:00,313.5599999999997,313.8399999999997,313.3499999999997,313.6199999999997,731
2026-07-07T15:15:00+00:00,313.6199999999997,313.9499999999997,313.4599999999997,313.9399999999997,898
2026-07-07T15:20:00+00:00,313.9399999999997,314.4299999999997,313.8799999999997,314.0199999999997,987
2026-07-07T15:25:00+00:00,314.0199999999997,314.41999999999973,313.7199999999997,314.4099999999997,840
2026-07-07T15:30:00+00:00,314.4099999999997,314.4699999999997,314.0599999999997,314.2599999999997,591
2026-07-07T15:35:00+00:00,314.2599999999997,314.5599999999997,314.1999999999997,314.3899999999997,784
2026-07-07T15:40:00+00:00,314.3899999999997,314.7399999999997,314.3299999999997,314.66999999999973,671
2026-07-07T15:45:00+00:00,314.66999999999973,315.0299999999997,314.6299999999997,314.6799999999997,703
2026-07-07T15:50:00+00:00,314.6799999999997,314.9499999999997,314.5599999999997,314.5599999999997,596
2026-07-07T15:55:00+00:00,314.5599999999997,314.8399999999997,314.4699999999997,314.5799999999997,568
2026-07-07T16:00:00+00:00,314.5799999999997,314.6799999999997,314.1999999999997,314.5499999999997,714
2026-07-07T16:05:00+00:00,314.5499999999997,314.5499999999997,313.7699999999997,314.1599999999997,771
2026-07-07T16:10:00+00:00,314.1599999999997,314.1899999999997,313.4099999999997,313.4099999999997,617
2026-07-07T16:15:00+00:00,313.4099999999997,314.35999999999973,312.9599999999997,314.0199999999997,1032
2026-07-07T16:20:00+00:00,314.0199999999997,314.1299999999997,313.3299999999997,313.6499999999997,742
2026-07-07T16:25:00+00:00,313.6499999999997,313.7599999999997,313.3399999999997,313.4799999999997,633
2026-07-07T16:30:00+00:00,313.4799999999997,313.5899999999997,313.0899999999997,313.3099999999997,548
2026-07-07T16:35:00+00:00,313.3099999999997,314.1499999999997,313.2199999999997,314.1499999999997,504
2026-07-07T16:40:00+00:00,314.1499999999997,314.2299999999997,313.8399999999997,313.9099999999997,519
2026-07-07T16:45:00+00:00,313.9099999999997,314.2299999999997,313.8399999999997,314.1799999999997,499
2026-07-07T16:50:00+00:00,314.1799999999997,314.2599999999997,314.0199999999997,314.0299999999997,459
2026-07-07T16:55:00+00:00,314.0299999999997,314.3399999999997,313.91999999999973,313.91999999999973,420
2026-07-07T17:00:00+00:00,313.91999999999973,313.9399999999997,313.3999999999997,313.4799999999997,523
2026-07-07T17:05:00+00:00,313.4799999999997,313.5299999999997,312.7299999999997,312.7499999999997,583
2026-07-07T17:10:00+00:00,312.7499999999997,313.2099999999997,312.5899999999997,313.0899999999997,603
2026-07-07T17:15:00+00:00,313.0899999999997,313.3099999999997,312.9999999999997,313.3099999999997,447
2026-07-07T17:20:00+00:00,313.3099999999997,313.5399999999997,313.10999999999973,313.1199999999997,602
2026-07-07T17:25:00+00:00,313.1199999999997,313.3399999999997,313.0799999999997,313.0899999999997,492
2026-07-07T17:30:00+00:00,313.0899999999997,313.3099999999997,312.9999999999997,313.1299999999997,437
2026-07-07T17:35:00+00:00,313.1299999999997,313.2099999999997,312.9399999999997,313.0899999999997,443
2026-07-07T17:40:00+00:00,313.0899999999997,313.16999999999973,312.8899999999997,313.0099999999997,384
2026-07-07T17:45:00+00:00,313.0099999999997,313.2599999999997,312.8499999999997,312.85999999999973,448
2026-07-07T17:50:00+00:00,312.85999999999973,313.0699999999997,312.4499999999997,312.5599999999997,445
2026-07-07T17:55:00+00:00,312.5599999999997,312.5999999999997,312.1799999999997,312.1799999999997,396
2026-07-07T18:00:00+00:00,312.1799999999997,312.6299999999997,312.16999999999973,312.4899999999997,574
2026-07-07T18:05:00+00:00,312.4899999999997,312.6399999999997,312.3399999999997,312.3399999999997,651
2026-07-07T18:10:00+00:00,312.3399999999997,312.7099999999997,312.3399999999997,312.4999999999997,566
2026-07-07T18:15:00+00:00,312.4999999999997,312.6199999999997,312.3499999999997,312.4399999999997,496
2026-07-07T18:20:00+00:00,312.4399999999997,312.5199999999997,312.2699999999997,312.4299999999997,423
2026-07-07T18:25:00+00:00,312.4299999999997,313.0399999999997,312.3799999999997,312.9399999999997,495
2026-07-07T18:30:00+00:00,312.9399999999997,313.1199999999997,312.5799999999997,312.8799999999997,445
2026-07-07T18:35:00+00:00,312.8799999999997,313.16999999999973,312.8799999999997,313.1199999999997,387
2026-07-07T18:40:00+00:00,313.1199999999997,313.4899999999997,312.7899999999997,313.3399999999997,503
2026-07-07T18:45:00+00:00,313.3399999999997,313.3899999999997,312.8999999999997,313.1999999999997,539
2026-07-07T18:50:00+00:00,313.1999999999997,313.2899999999997,312.4999999999997,312.5199999999997,769
2026-07-07T18:55:00+00:00,312.5199999999997,312.91999999999973,312.16999999999973,312.2999999999997,783
2026-07-07T19:00:00+00:00,312.2999999999997,312.8199999999997,311.9899999999997,312.5999999999997,699
2026-07-07T19:05:00+00:00,312.5999999999997,312.5999999999997,311.9399999999997,311.9899999999997,672
2026-07-07T19:10:00+00:00,311.9899999999997,312.2099999999997,311.8799999999997,312.1999999999997,649
2026-07-07T19:15:00+00:00,312.1999999999997,312.1999999999997,311.8799999999997,312.1199999999997,726
2026-07-07T19:20:00+00:00,312.1199999999997,312.5399999999997,311.9599999999997,312.5199999999997,714
2026-07-07T19:25:00+00:00,312.5199999999997,312.60999999999973,312.1299999999997,312.1999999999997,589
2026-07-07T19:30:00+00:00,312.1999999999997,312.6399999999997,312.16999999999973,312.4099999999997,714
2026-07-07T19:35:00+00:00,312.4099999999997,312.6199999999997,312.0099999999997,312.2299999999997,629
2026-07-07T19:40:00+00:00,312.2299999999997,312.35999999999973,311.8499999999997,312.0199999999997,571
2026-07-07T19:45:00+00:00,312.0199999999997,312.3999999999997,311.8299999999997,312.0099999999997,739
2026-07-07T19:50:00+00:00,312.0099999999997,312.1899999999997,311.6299999999997,311.7499999999997,1024
2026-07-07T19:55:00+00:00,311.7499999999997,311.8099999999997,310.5499999999997,310.9799999999997,1467
2026-07-08T13:30:00+00:00,310.9799999999997,312.2599999999997,309.1799999999997,309.2099999999997,1789
2026-07-08T13:35:00+00:00,309.2099999999997,310.0999999999997,308.3799999999997,309.7799999999997,1810
2026-07-08T13:40:00+00:00,309.7799999999997,309.7799999999997,308.1299999999997,308.2299999999997,1544
2026-07-08T13:45:00+00:00,308.2299999999997,309.0399999999997,307.3399999999997,308.8099999999997,1583
2026-07-08T13:50:00+00:00,308.8099999999997,309.9499999999997,308.8099999999997,309.35999999999973,1726
2026-07-08T13:55:00+00:00,309.35999999999973,309.6199999999997,309.0699999999997,309.41999999999973,1392
2026-07-08T14:00:00+00:00,309.41999999999973,309.5299999999997,308.5099999999997,309.2499999999997,1501
2026-07-08T14:05:00+00:00,309.2499999999997,310.2299999999997,309.2099999999997,309.9399999999997,1435
2026-07-08T14:10:00+00:00,309.9399999999997,310.5399999999997,309.7999999999997,310.1999999999997,1632
2026-07-08T14:15:00+00:00,310.1999999999997,310.6799999999997,310.1499999999997,310.5199999999997,1514
2026-07-08T14:20:00+00:00,310.5199999999997,310.9099999999997,310.3899999999997,310.85999999999973,1626
2026-07-08T14:25:00+00:00,310.85999999999973,310.9699999999997,309.0899999999997,309.1199999999997,1936
2026-07-08T14:30:00+00:00,309.1199999999997,309.9699999999997,309.0599999999997,309.9099999999997,1774
2026-07-08T14:35:00+00:00,309.9099999999997,310.66999999999973,309.5399999999997,310.5199999999997,1645
2026-07-08T14:40:00+00:00,310.5199999999997,310.7799999999997,310.2699999999997,310.5899999999997,1441
2026-07-08T14:45:00+00:00,310.5899999999997,310.8899999999997,310.2899999999997,310.3699999999997,1358
2026-07-08T14:50:00+00:00,310.3699999999997,310.3899999999997,309.3499999999997,309.6599999999997,1610
2026-07-08T14:55:00+00:00,309.6599999999997,309.7699999999997,309.0099999999997,309.21999999999974,1405.3217101931564
2026-07-08T15:00:00+00:00,309.21999999999974,309.76999999999975,309.10999999999973,309.66999999999973,1542
2026-07-08T15:05:00+00:00,309.66999999999973,310.5699999999997,309.51999999999975,309.82999999999976,1336
2026-07-08T15:10:00+00:00,309.82999999999976,310.4299999999997,309.8199999999997,310.27999999999975,1142
2026-07-08T15:15:00+00:00,310.27999999999975,310.72999999999973,310.21999999999974,310.58999999999975,1052
2026-07-08T15:20:00+00:00,310.58999999999975,311.16999999999973,310.5699999999997,310.78999999999974,1103
2026-07-08T15:25:00+00:00,310.78999999999974,310.95999999999975,310.2399999999997,310.4299999999997,1156
2026-07-08T15:30:00+00:00,310.4299999999997,310.46999999999974,309.64999999999975,310.0699999999997,1209
2026-07-08T15:35:00+00:00,310.0699999999997,310.41999999999973,309.7999999999997,310.2599999999997,1097
2026-07-08T15:40:00+00:00,310.2599999999997,310.38999999999976,309.8699999999997,309.8699999999997,929
2026-07-08T15:45:00+00:00,309.8699999999997,310.35999999999973,309.77999999999975,310.08999999999975,866
2026-07-08T15:50:00+00:00,310.08999999999975,310.32999999999976,309.91999999999973,310.20999999999975,889
2026-07-08T15:55:00+00:00,310.20999999999975,310.78999999999974,310.19999999999976,310.5699999999997,986
2026-07-08T16:00:00+00:00,310.5699999999997,311.2499999999997,310.39999999999975,311.1199999999997,1093
2026-07-08T16:05:00+00:00,311.1199999999997,311.5699999999997,310.7999999999997,311.1899999999997,1053
2026-07-08T16:10:00+00:00,311.1899999999997,311.4299999999997,310.7399999999997,310.7999999999997,905
2026-07-08T16:15:00+00:00,310.7999999999997,311.22999999999973,310.7999999999997,311.19999999999976,877
2026-07-08T16:20:00+00:00,311.19999999999976,311.76999999999975,311.1899999999997,311.6799999999997,986
2026-07-08T16:25:00+00:00,311.6799999999997,312.1199999999997,311.44999999999976,311.91999999999973,856
2026-07-08T16:30:00+00:00,311.91999999999973,312.0599999999997,311.71999999999974,311.8199999999997,756
2026-07-08T16:35:00+00:00,311.8199999999997,312.51999999999975,311.6899999999997,312.40999999999974,850
2026-07-08T16:40:00+00:00,312.40999999999974,312.63999999999976,312.2499999999997,312.4999999999997,895
2026-07-08T16:45:00+00:00,312.4999999999997,313.22999999999973,312.40999999999974,313.08999999999975,665
2026-07-08T16:50:00+00:00,313.08999999999975,313.59999999999974,313.0599999999997,313.4999999999997,631
2026-07-08T16:55:00+00:00,313.4999999999997,313.6799999999997,313.3699999999997,313.45999999999975,722
2026-07-08T17:00:00+00:00,313.45999999999975,313.69999999999976,313.34999999999974,313.6799999999997,737
2026-07-08T17:05:00+00:00,313.6799999999997,314.1199999999997,313.57999999999976,314.0699999999997,801
2026-07-08T17:10:00+00:00,314.0699999999997,314.44999999999976,313.9899999999997,314.20999999999975,677
2026-07-08T17:15:00+00:00,314.20999999999975,314.2599999999997,313.57999999999976,313.83999999999975,710
2026-07-08T17:20:00+00:00,313.83999999999975,314.26999999999975,313.63999999999976,314.1299999999997,942
2026-07-08T17:25:00+00:00,314.1299999999997,314.5499999999997,313.8799999999997,314.47999999999973,827
2026-07-08T17:30:00+00:00,314.47999999999973,314.8099999999997,314.3799999999997,314.39999999999975,770
2026-07-08T17:35:00+00:00,314.39999999999975,314.8199999999997,314.22999999999973,314.58999999999975,806
2026-07-08T17:40:00+00:00,314.58999999999975,314.91999999999973,314.2999999999997,314.7999999999997,797
2026-07-08T17:45:00+00:00,314.7999999999997,314.88999999999976,314.51999999999975,314.6199999999997,625
2026-07-08T17:50:00+00:00,314.6199999999997,314.9899999999997,314.57999999999976,314.71999999999974,609
2026-07-08T17:55:00+00:00,314.71999999999974,314.8799999999997,314.53999999999974,314.70999999999975,701
2026-07-08T18:00:00+00:00,314.70999999999975,315.16999999999973,314.53999999999974,315.0599999999997,837
2026-07-08T18:05:00+00:00,315.0599999999997,315.16999999999973,314.63999999999976,314.97999999999973,672
2026-07-08T18:10:00+00:00,314.97999999999973,315.0599999999997,314.76999999999975,314.90999999999974,617
2026-07-08T18:15:00+00:00,314.90999999999974,314.96999999999974,314.66999999999973,314.85999999999973,624
2026-07-08T18:20:00+00:00,314.85999999999973,314.9899999999997,314.7399999999997,314.78999999999974,519
2026-07-08T18:25:00+00:00,314.78999999999974,314.8799999999997,314.4299999999997,314.45999999999975,503
2026-07-08T18:30:00+00:00,314.45999999999975,314.57999999999976,314.1899999999997,314.3699999999997,509
2026-07-08T18:35:00+00:00,314.3699999999997,314.5499999999997,314.26999999999975,314.45999999999975,503
2026-07-08T18:40:00+00:00,314.45999999999975,314.4899999999997,314.07999999999976,314.2999999999997,457
2026-07-08T18:45:00+00:00,314.2999999999997,314.65999999999974,314.21999999999974,314.53999999999974,436
2026-07-08T18:50:00+00:00,314.53999999999974,314.7599999999997,314.47999999999973,314.5699999999997,549
2026-07-08T18:55:00+00:00,314.5699999999997,314.60999999999973,314.16999999999973,314.21999999999974,508
2026-07-08T19:00:00+00:00,314.21999999999974,314.47999999999973,314.14999999999975,314.3199999999997,588
2026-07-08T19:05:00+00:00,314.3199999999997,314.5499999999997,314.07999999999976,314.3699999999997,617
2026-07-08T19:10:00+00:00,314.3699999999997,314.4399999999997,314.10999999999973,314.2599999999997,553
2026-07-08T19:15:00+00:00,314.2599999999997,314.4299999999997,313.97999999999973,314.03999999999974,656
2026-07-08T19:20:00+00:00,314.03999999999974,314.34999999999974,314.0099999999997,314.27999999999975,477
2026-07-08T19:25:00+00:00,314.27999999999975,314.4299999999997,314.10999999999973,314.1799999999997,468
2026-07-08T19:30:00+00:00,314.1799999999997,314.5499999999997,314.15999999999974,314.27999999999975,543
2026-07-08T19:35:00+00:00,314.27999999999975,314.39999999999975,314.15999999999974,314.1799999999997,674
2026-07-08T19:40:00+00:00,314.1799999999997,314.26999999999975,313.4399999999997,313.4399999999997,686
2026-07-08T19:45:00+00:00,313.4399999999997,313.51999999999975,313.07999999999976,313.38999999999976,667
2026-07-08T19:50:00+00:00,313.38999999999976,313.91999999999973,313.28999999999974,313.69999999999976,783
2026-07-08T19:55:00+00:00,313.69999999999976,314.3199999999997,313.45999999999975,313.71999999999974,1353
2026-07-09T13:30:00+00:00,313.71999999999974,313.71999999999974,308.45999999999975,311.0099999999997,1517
2026-07-09T13:35:00+00:00,311.0099999999997,312.3699999999997,310.96999999999974,312.0499999999997,1343
2026-07-09T13:40:00+00:00,312.0499999999997,312.0699999999997,310.4999999999997,311.21999999999974,1187
2026-07-09T13:45:00+00:00,311.21999999999974,311.91999999999973,311.0599999999997,311.7999999999997,1096
2026-07-09T13:50:00+00:00,311.7999999999997,312.15999999999974,311.0499999999997,312.0099999999997,1160
2026-07-09T13:55:00+00:00,312.0099999999997,312.09999999999974,310.9899999999997,311.22999999999973,1040
2026-07-09T14:00:00+00:00,311.22999999999973,311.66999999999973,310.51999999999975,310.72999999999973,975
2026-07-09T14:05:00+00:00,310.72999999999973,311.88999999999976,310.5699999999997,311.65999999999974,950
2026-07-09T14:10:00+00:00,311.65999999999974,312.2599999999997,311.09999999999974,311.1899999999997,1109
2026-07-09T14:15:00+00:00,311.1899999999997,311.33999999999975,310.70999999999975,311.2599999999997,1185
2026-07-09T14:20:00+00:00,311.2599999999997,312.1899999999997,311.2399999999997,311.84999999999974,1109
2026-07-09T14:25:00+00:00,311.84999999999974,312.64999999999975,311.83999999999975,312.38999999999976,1044
2026-07-09T14:30:00+00:00,312.38999999999976,312.6799999999997,312.0699999999997,312.4999999999997,1037
2026-07-09T14:35:00+00:00,312.4999999999997,312.71999999999974,312.26999999999975,312.65999999999974,965
2026-07-09T14:40:00+00:00,312.65999999999974,312.7399999999997,311.85999999999973,311.9399999999997,1037
2026-07-09T14:45:00+00:00,311.9399999999997,312.0599999999997,311.03999999999974,311.21999999999974,861
2026-07-09T14:50:00+00:00,311.21999999999974,311.7499999999997,311.1299999999997,311.69999999999976,999
2026-07-09T14:55:00+00:00,311.69999999999976,311.9299999999997,311.59999999999974,311.88999999999976,876
2026-07-09T15:00:00+00:00,311.88999999999976,312.20999999999975,311.84999999999974,312.10999999999973,768
2026-07-09T15:05:00+00:00,312.10999999999973,312.4299999999997,312.01999999999975,312.14999999999975,800
2026-07-09T15:10:00+00:00,312.14999999999975,312.78999999999974,312.08999999999975,312.78999999999974,782
2026-07-09T15:15:00+00:00,312.78999999999974,313.6899999999997,312.70999999999975,313.6899999999997,831
2026-07-09T15:20:00+00:00,313.6899999999997,314.7599999999997,313.63999999999976,314.6199999999997,953
2026-07-09T15:25:00+00:00,314.6199999999997,315.20999999999975,314.4999999999997,314.8099999999997,732
2026-07-09T15:30:00+00:00,314.8099999999997,315.21999999999974,314.64999999999975,314.8699999999997,781
2026-07-09T15:35:00+00:00,314.8699999999997,315.35999999999973,314.8099999999997,315.2399999999997,705
2026-07-09T15:40:00+00:00,315.2399999999997,315.28999999999974,314.88999999999976,314.95999999999975,593
2026-07-09T15:45:00+00:00,314.95999999999975,315.27999999999975,314.7999999999997,315.1799999999997,639
2026-07-09T15:50:00+00:00,315.1799999999997,315.20999999999975,314.89999999999975,314.89999999999975,496
2026-07-09T15:55:00+00:00,314.89999999999975,315.2399999999997,314.8799999999997,315.10999999999973,502
2026-07-09T16:00:00+00:00,315.10999999999973,315.4299999999997,314.95999999999975,315.35999999999973,615
2026-07-09T16:05:00+00:00,315.35999999999973,315.5099999999997,314.9999999999997,315.13999999999976,625
2026-07-09T16:10:00+00:00,315.13999999999976,315.16999999999973,314.5699999999997,314.85999999999973,561
2026-07-09T16:15:00+00:00,314.85999999999973,314.94999999999976,314.59999999999974,314.6899999999997,462
2026-07-09T16:20:00+00:00,314.6899999999997,315.21999999999974,314.41999999999973,315.01999999999975,581
2026-07-09T16:25:00+00:00,315.01999999999975,315.5499999999997,314.97999999999973,315.27999999999975,547
2026-07-09T16:30:00+00:00,315.27999999999975,315.78999999999974,315.20999999999975,315.40999999999974,567
2026-07-09T16:35:00+00:00,315.40999999999974,315.83999999999975,315.40999999999974,315.45999999999975,507
2026-07-09T16:40:00+00:00,315.45999999999975,315.5599999999997,315.21999999999974,315.2999999999997,529
2026-07-09T16:45:00+00:00,315.2999999999997,315.46999999999974,314.8699999999997,314.9299999999997,598
2026-07-09T16:50:00+00:00,314.9299999999997,314.9999999999997,314.76999999999975,314.8699999999997,516
2026-07-09T16:55:00+00:00,314.8699999999997,315.1199999999997,314.77999999999975,315.0599999999997,538
2026-07-09T17:00:00+00:00,315.0599999999997,315.35999999999973,314.9299999999997,315.28999999999974,505
2026-07-09T17:05:00+00:00,315.28999999999974,315.35999999999973,315.1199999999997,315.2499999999997,395
2026-07-09T17:10:00+00:00,315.2499999999997,315.52999999999975,315.21999999999974,315.35999999999973,461
2026-07-09T17:15:00+00:00,315.35999999999973,315.4399999999997,314.90999999999974,315.02999999999975,522
2026-07-09T17:20:00+00:00,315.02999999999975,315.0599999999997,314.6299999999997,314.95999999999975,500
2026-07-09T17:25:00+00:00,314.95999999999975,315.16999999999973,314.94999999999976,315.09999999999974,335
2026-07-09T17:30:00+00:00,315.09999999999974,315.14999999999975,314.77999999999975,315.01999999999975,476
2026-07-09T17:35:00+00:00,315.01999999999975,315.13999999999976,314.8699999999997,315.1299999999997,431
2026-07-09T17:40:00+00:00,315.1299999999997,315.20999999999975,315.0499999999997,315.1899999999997,351
2026-07-09T17:45:00+00:00,315.1899999999997,315.2499999999997,314.95999999999975,315.15999999999974,366
2026-07-09T17:50:00+00:00,315.15999999999974,315.28999999999974,315.0499999999997,315.13999999999976,361
2026-07-09T17:55:00+00:00,315.13999999999976,315.4299999999997,314.95999999999975,315.35999999999973,492
2026-07-09T18:00:00+00:00,315.35999999999973,315.63999999999976,315.19999999999976,315.57999999999976,430
2026-07-09T18:05:00+00:00,315.57999999999976,315.64999999999975,314.95999999999975,314.9899999999997,524
2026-07-09T18:10:00+00:00,314.9899999999997,315.2399999999997,314.82999999999976,315.13999999999976,430
2026-07-09T18:15:00+00:00,315.13999999999976,315.22999999999973,314.9999999999997,315.1199999999997,364
2026-07-09T18:20:00+00:00,315.1199999999997,315.1299999999997,314.85999999999973,314.88999999999976,390
2026-07-09T18:25:00+00:00,314.88999999999976,314.9899999999997,314.5599999999997,314.90999999999974,423
2026-07-09T18:30:00+00:00,314.90999999999974,315.0499999999997,314.71999999999974,314.94999999999976,482
2026-07-09T18:35:00+00:00,314.94999999999976,315.07999999999976,314.76999999999975,314.85999999999973,334
2026-07-09T18:40:00+00:00,314.85999999999973,315.1299999999997,314.85999999999973,315.02999999999975,393
2026-07-09T18:45:00+00:00,315.02999999999975,315.1299999999997,314.8099999999997,314.97999999999973,449
2026-07-09T18:50:00+00:00,314.97999999999973,314.97999999999973,314.63999999999976,314.66999999999973,344
2026-07-09T18:55:00+00:00,314.66999999999973,314.8799999999997,314.58999999999975,314.78999999999974,333
2026-07-09T19:00:00+00:00,314.78999999999974,315.1799999999997,314.72999999999973,315.1199999999997,351
2026-07-09T19:05:00+00:00,315.1199999999997,315.2399999999997,314.96999999999974,315.16999999999973,312
2026-07-09T19:10:00+00:00,315.16999999999973,315.5099999999997,315.1299999999997,315.5099999999997,284
2026-07-09T19:15:00+00:00,315.5099999999997,315.8099999999997,315.4999999999997,315.6899999999997,374
2026-07-09T19:20:00+00:00,315.6899999999997,315.8699999999997,315.64999999999975,315.7399999999997,392
2026-07-09T19:25:00+00:00,315.7399999999997,316.02999999999975,315.71999999999974,315.77999999999975,447
2026-07-09T19:30:00+00:00,315.77999999999975,316.19999999999976,315.71999999999974,316.0499999999997,424
2026-07-09T19:35:00+00:00,316.0499999999997,316.20999999999975,315.8099999999997,316.1799999999997,542
2026-07-09T19:40:00+00:00,316.1799999999997,316.53999999999974,316.0699999999997,316.4899999999997,451
2026-07-09T19:45:00+00:00,316.4899999999997,316.4899999999997,316.01999999999975,316.10999999999973,430
2026-07-09T19:50:00+00:00,316.10999999999973,316.71999999999974,315.9899999999997,316.5699999999997,595
2026-07-09T19:55:00+00:00,316.5699999999997,316.89999999999975,316.2399999999997,316.5499999999997,1094
2026-07-10T13:30:00+00:00,316.5499999999997,316.5499999999997,313.57999999999976,315.76999999999975,1487
2026-07-10T13:35:00+00:00,315.76999999999975,316.66999999999973,315.45999999999975,315.70999999999975,1492
2026-07-10T13:40:00+00:00,315.70999999999975,315.70999999999975,314.6199999999997,315.02999999999975,1383
2026-07-10T13:45:00+00:00,315.02999999999975,315.1199999999997,314.52999999999975,314.7599999999997,1371
2026-07-10T13:50:00+00:00,314.7599999999997,314.96999999999974,314.35999999999973,314.77999999999975,1201
2026-07-10T13:55:00+00:00,314.77999999999975,315.5099999999997,314.63999999999976,314.65999999999974,1250
2026-07-10T14:00:00+00:00,314.65999999999974,315.0699999999997,314.15999999999974,314.22999999999973,1361
2026-07-10T14:05:00+00:00,314.22999999999973,314.57999999999976,313.71999999999974,314.0499999999997,1237
2026-07-10T14:10:00+00:00,314.0499999999997,314.3099999999997,313.8699999999997,314.0599999999997,1188
2026-07-10T14:15:00+00:00,314.0599999999997,314.26999999999975,313.5699999999997,313.95999999999975,1243
2026-07-10T14:20:00+00:00,313.95999999999975,314.20999999999975,313.53999999999974,313.71999999999974,1203
2026-07-10T14:25:00+00:00,313.71999999999974,313.7999999999997,313.27999999999975,313.41999999999973,1189
2026-07-10T14:30:00+00:00,313.41999999999973,313.6199999999997,312.57999999999976,313.0599999999997,1906
2026-07-10T14:35:00+00:00,313.0599999999997,313.2399999999997,312.5599999999997,313.0499999999997,1683
2026-07-10T14:40:00+00:00,313.0499999999997,313.34999999999974,312.6799999999997,313.2499999999997,1488
2026-07-10T14:45:00+00:00,313.2499999999997,313.4999999999997,313.0099999999997,313.1299999999997,1321
2026-07-10T14:50:00+00:00,313.1299999999997,314.1799999999997,313.1299999999997,314.07999999999976,1168
2026-07-10T14:55:00+00:00,314.07999999999976,314.2399999999997,313.8799999999997,314.08999999999975,1006.4688012495119
2026-07-10T15:00:00+00:00,314.08999999999975,314.28999999999974,313.5599999999998,313.5599999999998,1065
2026-07-10T15:05:00+00:00,313.5599999999998,313.9299999999998,313.31999999999977,313.8699999999998,1000
2026-07-10T15:10:00+00:00,313.8699999999998,314.41999999999973,313.70999999999975,314.16999999999973,853
2026-07-10T15:15:00+00:00,314.16999999999973,314.4299999999998,314.0599999999998,314.12999999999977,972
2026-07-10T15:20:00+00:00,314.12999999999977,314.14999999999975,313.7399999999997,313.91999999999973,847
2026-07-10T15:25:00+00:00,313.91999999999973,314.13999999999976,313.62999999999977,313.68999999999977,850
2026-07-10T15:30:00+00:00,313.68999999999977,314.0499999999997,313.58999999999975,313.71999999999974,732
2026-07-10T15:35:00+00:00,313.71999999999974,314.12999999999977,313.6199999999998,313.63999999999976,800
2026-07-10T15:40:00+00:00,313.63999999999976,313.6799999999998,313.2499999999998,313.45999999999975,841
2026-07-10T15:45:00+00:00,313.45999999999975,313.47999999999973,312.63999999999976,313.0499999999997,950
2026-07-10T15:50:00+00:00,313.0499999999997,313.52999999999975,312.91999999999973,313.33999999999975,688
2026-07-10T15:55:00+00:00,313.33999999999975,313.75999999999976,313.31999999999977,313.5599999999998,683
2026-07-10T16:00:00+00:00,313.5599999999998,313.8699999999998,313.52999999999975,313.65999999999974,678
2026-07-10T16:05:00+00:00,313.65999999999974,313.87999999999977,313.37999999999977,313.77999999999975,761
2026-07-10T16:10:00+00:00,313.77999999999975,314.57999999999976,313.71999999999974,314.4999999999998,736
2026-07-10T16:15:00+00:00,314.4999999999998,314.85999999999973,314.41999999999973,314.52999999999975,799
2026-07-10T16:20:00+00:00,314.52999999999975,314.84999999999974,314.37999999999977,314.7499999999998,649
2026-07-10T16:25:00+00:00,314.7499999999998,314.83999999999975,314.52999999999975,314.63999999999976,716
2026-07-10T16:30:00+00:00,314.63999999999976,314.77999999999975,314.41999999999973,314.44999999999976,683
2026-07-10T16:35:00+00:00,314.44999999999976,314.6199999999998,314.2499999999998,314.58999999999975,706
2026-07-10T16:40:00+00:00,314.58999999999975,314.97999999999973,314.4899999999997,314.77999999999975,601
2026-07-10T16:45:00+00:00,314.77999999999975,314.9899999999997,314.68999999999977,314.7399999999997,518
2026-07-10T16:50:00+00:00,314.7399999999997,315.08999999999975,314.7399999999997,315.0599999999998,653
2026-07-10T16:55:00+00:00,315.0599999999998,315.1199999999998,314.94999999999976,314.9899999999997,504
2026-07-10T17:00:00+00:00,314.9899999999997,315.07999999999976,314.76999999999975,314.89999999999975,663
2026-07-10T17:05:00+00:00,314.89999999999975,314.97999999999973,314.75999999999976,314.7999999999997,589
2026-07-10T17:10:00+00:00,314.7999999999997,314.84999999999974,314.45999999999975,314.56999999999977,507
2026-07-10T17:15:00+00:00,314.56999999999977,314.82999999999976,314.51999999999975,314.72999999999973,544
2026-07-10T17:20:00+00:00,314.72999999999973,314.83999999999975,314.5599999999998,314.63999999999976,540
2026-07-10T17:25:00+00:00,314.63999999999976,314.87999999999977,314.5599999999998,314.82999999999976,435
2026-07-10T17:30:00+00:00,314.82999999999976,314.89999999999975,314.51999999999975,314.57999999999976,442
2026-07-10T17:35:00+00:00,314.57999999999976,314.6799999999998,314.4299999999998,314.53999999999974,574
2026-07-10T17:40:00+00:00,314.53999999999974,314.68999999999977,314.21999999999974,314.2399999999997,528
2026-07-10T17:45:00+00:00,314.2399999999997,314.52999999999975,314.21999999999974,314.39999999999975,448
2026-07-10T17:50:00+00:00,314.39999999999975,314.7399999999997,314.34999999999974,314.60999999999973,548
2026-07-10T17:55:00+00:00,314.60999999999973,314.76999999999975,314.43999999999977,314.45999999999975,513
2026-07-10T18:00:00+00:00,314.45999999999975,314.58999999999975,314.33999999999975,314.45999999999975,495
2026-07-10T18:05:00+00:00,314.45999999999975,314.6799999999998,314.33999999999975,314.4299999999998,541
2026-07-10T18:10:00+00:00,314.4299999999998,314.6199999999998,314.3699999999998,314.4899999999997,585
2026-07-10T18:15:00+00:00,314.4899999999997,314.83999999999975,314.46999999999974,314.76999999999975,450
2026-07-10T18:20:00+00:00,314.76999999999975,314.9299999999998,314.64999999999975,314.83999999999975,468
2026-07-10T18:25:00+00:00,314.83999999999975,315.21999999999974,314.83999999999975,315.12999999999977,542
2026-07-10T18:30:00+00:00,315.12999999999977,315.31999999999977,315.06999999999977,315.10999999999973,522
2026-07-10T18:35:00+00:00,315.10999999999973,315.2999999999997,315.09999999999974,315.25999999999976,429
2026-07-10T18:40:00+00:00,315.25999999999976,315.3099999999998,315.14999999999975,315.25999999999976,452
2026-07-10T18:45:00+00:00,315.25999999999976,315.68999999999977,315.22999999999973,315.4999999999998,548
2026-07-10T18:50:00+00:00,315.4999999999998,315.69999999999976,315.33999999999975,315.68999999999977,439
2026-07-10T18:55:00+00:00,315.68999999999977,315.7399999999997,315.5499999999997,315.58999999999975,388
2026-07-10T19:00:00+00:00,315.58999999999975,315.93999999999977,315.52999999999975,315.8699999999998,502
2026-07-10T19:05:00+00:00,315.8699999999998,316.02999999999975,315.66999999999973,316.01999999999975,511
2026-07-10T19:10:00+00:00,316.01999999999975,316.46999999999974,315.97999999999973,316.2999999999997,591
2026-07-10T19:15:00+00:00,316.2999999999997,316.68999999999977,316.2399999999997,316.53999999999974,470
2026-07-10T19:20:00+00:00,316.53999999999974,316.78999999999974,316.43999999999977,316.6799999999998,465
2026-07-10T19:25:00+00:00,316.6799999999998,316.7999999999997,316.4899999999997,316.4999999999998,398
2026-07-10T19:30:00+00:00,316.4999999999998,316.96999999999974,316.35999999999973,316.90999999999974,640
2026-07-10T19:35:00+00:00,316.90999999999974,317.1799999999998,316.8699999999998,316.8699999999998,389
2026-07-10T19:40:00+00:00,316.8699999999998,317.2499999999998,316.8699999999998,316.94999999999976,530
2026-07-10T19:45:00+00:00,316.94999999999976,317.10999999999973,316.62999999999977,316.75999999999976,626
2026-07-10T19:50:00+00:00,316.75999999999976,316.9299999999998,316.2499999999998,316.41999999999973,633
2026-07-10T19:55:00+00:00,316.41999999999973,316.46999999999974,315.06999999999977,315.63999999999976,1070
2026-07-13T13:30:00+00:00,315.63999999999976,320.90999999999974,315.63999999999976,320.7999999999997,1484
2026-07-13T13:35:00+00:00,320.7999999999997,322.72999999999973,320.71999999999974,321.91999999999973,1462
2026-07-13T13:40:00+00:00,321.91999999999973,322.8099999999998,321.34999999999974,322.75999999999976,1289
2026-07-13T13:45:00+00:00,322.75999999999976,323.27999999999975,322.10999999999973,323.15999999999974,1260
2026-07-13T13:50:00+00:00,323.15999999999974,323.71999999999974,321.6199999999998,321.77999999999975,1474
2026-07-13T13:55:00+00:00,321.77999999999975,321.88999999999976,320.83999999999975,321.51999999999975,1364
2026-07-13T14:00:00+00:00,321.51999999999975,322.09999999999974,321.0599999999998,321.70999999999975,1209
2026-07-13T14:05:00+00:00,321.70999999999975,321.85999999999973,321.0599999999998,321.44999999999976,972
2026-07-13T14:10:00+00:00,321.44999999999976,321.81999999999977,320.93999999999977,321.45999999999975,1005
2026-07-13T14:15:00+00:00,321.45999999999975,321.7399999999997,319.66999999999973,320.28999999999974,1509
2026-07-13T14:20:00+00:00,320.28999999999974,320.8699999999998,319.88999999999976,320.77999999999975,843
2026-07-13T14:25:00+00:00,320.77999999999975,320.89999999999975,320.14999999999975,320.50999999999976,778
2026-07-13T14:30:00+00:00,320.50999999999976,320.59999999999974,319.84999999999974,319.96999999999974,901
2026-07-13T14:35:00+00:00,319.96999999999974,320.02999999999975,318.9899999999997,319.19999999999976,991
2026-07-13T14:40:00+00:00,319.19999999999976,319.4299999999998,318.95999999999975,319.0499999999997,928
2026-07-13T14:45:00+00:00,319.0499999999997,319.87999999999977,318.97999999999973,319.62999999999977,1031
2026-07-13T14:50:00+00:00,319.62999999999977,319.72999999999973,318.88999999999976,319.00999999999976,1099
2026-07-13T14:55:00+00:00,319.00999999999976,319.4299999999998,318.6799999999998,319.37999999999977,989
2026-07-13T15:00:00+00:00,319.37999999999977,319.51999999999975,319.03999999999974,319.09999999999974,960
2026-07-13T15:05:00+00:00,319.09999999999974,319.26999999999975,318.4299999999998,318.4299999999998,830
2026-07-13T15:10:00+00:00,318.4299999999998,318.7999999999997,318.21999999999974,318.2399999999997,991
2026-07-13T15:15:00+00:00,318.2399999999997,318.46999999999974,317.87999999999977,318.1199999999998,753
2026-07-13T15:20:00+00:00,318.1199999999998,318.27999999999975,317.95999999999975,317.97999999999973,916
2026-07-13T15:25:00+00:00,317.97999999999973,318.00999999999976,317.15999999999974,317.53999999999974,942
2026-07-13T15:30:00+00:00,317.53999999999974,317.53999999999974,316.81999999999977,316.82999999999976,915
2026-07-13T15:35:00+00:00,316.82999999999976,317.16999999999973,316.41999999999973,316.90999999999974,923
2026-07-13T15:40:00+00:00,316.90999999999974,317.1199999999998,316.59999999999974,316.7499999999998,791
2026-07-13T15:45:00+00:00,316.7499999999998,317.41999999999973,316.72999999999973,317.20999999999975,739
2026-07-13T15:50:00+00:00,317.20999999999975,317.39999999999975,316.9299999999998,317.39999999999975,777
2026-07-13T15:55:00+00:00,317.39999999999975,317.53999999999974,317.08999999999975,317.39999999999975,702
2026-07-13T16:00:00+00:00,317.39999999999975,317.7999999999997,317.09999999999974,317.51999999999975,899
2026-07-13T16:05:00+00:00,317.51999999999975,318.19999999999976,317.4899999999997,318.0599999999998,678
2026-07-13T16:10:00+00:00,318.0599999999998,318.13999999999976,317.6799999999998,317.9299999999998,636
2026-07-13T16:15:00+00:00,317.9299999999998,318.03999999999974,317.34999999999974,317.64999999999975,756
2026-07-13T16:20:00+00:00,317.64999999999975,317.7499999999998,317.44999999999976,317.4899999999997,714
2026-07-13T16:25:00+00:00,317.4899999999997,317.85999999999973,317.18999999999977,317.66999999999973,910
2026-07-13T16:30:00+00:00,317.66999999999973,317.75999999999976,317.26999999999975,317.4999999999998,918
2026-07-13T16:35:00+00:00,317.4999999999998,317.4999999999998,316.63999999999976,316.7999999999997,1271
2026-07-13T16:40:00+00:00,316.7999999999997,317.19999999999976,316.2399999999997,316.77999999999975,998
2026-07-13T16:45:00+00:00,316.77999999999975,317.10999999999973,316.69999999999976,317.00999999999976,689
2026-07-13T16:50:00+00:00,317.00999999999976,317.12999999999977,316.4999999999998,316.56999999999977,740
2026-07-13T16:55:00+00:00,316.56999999999977,316.93999999999977,316.4899999999997,316.87999999999977,750
2026-07-13T17:00:00+00:00,316.87999999999977,316.9899999999997,316.41999999999973,316.4299999999998,632
2026-07-13T17:05:00+00:00,316.4299999999998,317.0499999999997,316.40999999999974,316.69999999999976,655
2026-07-13T17:10:00+00:00,316.69999999999976,316.94999999999976,316.33999999999975,316.40999999999974,687
2026-07-13T17:15:00+00:00,316.40999999999974,316.59999999999974,316.1199999999998,316.37999999999977,673
2026-07-13T17:20:00+00:00,316.37999999999977,316.81999999999977,316.33999999999975,316.47999999999973,584
2026-07-13T17:25:00+00:00,316.47999999999973,316.87999999999977,316.3699999999998,316.72999999999973,682
2026-07-13T17:30:00+00:00,316.72999999999973,316.93999999999977,316.47999999999973,316.78999999999974,715
2026-07-13T17:35:00+00:00,316.78999999999974,316.78999999999974,316.43999999999977,316.57999999999976,619
2026-07-13T17:40:00+00:00,316.57999999999976,316.8699999999998,316.4899999999997,316.72999999999973,564
2026-07-13T17:45:00+00:00,316.72999999999973,316.81999999999977,316.4999999999998,316.77999999999975,557
2026-07-13T17:50:00+00:00,316.77999999999975,317.03999999999974,316.57999999999976,316.70999999999975,693
2026-07-13T17:55:00+00:00,316.70999999999975,316.82999999999976,316.33999999999975,316.4899999999997,499
2026-07-13T18:00:00+00:00,316.4899999999997,316.84999999999974,316.35999999999973,316.69999999999976,556
2026-07-13T18:05:00+00:00,316.69999999999976,316.85999999999973,316.47999999999973,316.5599999999998,508
2026-07-13T18:10:00+00:00,316.5599999999998,316.75999999999976,316.2499999999998,316.62999999999977,510
2026-07-13T18:15:00+00:00,316.62999999999977,316.78999999999974,316.44999999999976,316.53999999999974,535
2026-07-13T18:20:00+00:00,316.53999999999974,316.70999999999975,316.45999999999975,316.6199999999998,518
2026-07-13T18:25:00+00:00,316.6199999999998,317.14999999999975,316.58999999999975,317.13999999999976,547
2026-07-13T18:30:00+00:00,317.13999999999976,317.31999999999977,316.90999999999974,317.18999999999977,708
2026-07-13T18:35:00+00:00,317.18999999999977,317.3699999999998,317.07999999999976,317.20999999999975,513
2026-07-13T18:40:00+00:00,317.20999999999975,317.41999999999973,317.0599999999998,317.25999999999976,518
2026-07-13T18:45:00+00:00,317.25999999999976,317.4999999999998,317.25999999999976,317.3699999999998,327
2026-07-13T18:50:00+00:00,317.3699999999998,317.6199999999998,317.26999999999975,317.5599999999998,426
2026-07-13T18:55:00+00:00,317.5599999999998,317.81999999999977,317.27999999999975,317.44999999999976,535
2026-07-13T19:00:00+00:00,317.44999999999976,317.84999999999974,317.2999999999997,317.4299999999998,560
2026-07-13T19:05:00+00:00,317.4299999999998,317.6799999999998,317.13999999999976,317.41999999999973,809
2026-07-13T19:10:00+00:00,317.41999999999973,317.43999999999977,316.46999999999974,316.62999999999977,1052
2026-07-13T19:15:00+00:00,316.62999999999977,317.40999999999974,316.52999999999975,317.09999999999974,860
2026-07-13T19:20:00+00:00,317.09999999999974,317.43999999999977,317.0599999999998,317.31999999999977,703
2026-07-13T19:25:00+00:00,317.31999999999977,317.3699999999998,316.51999999999975,316.66999999999973,634
2026-07-13T19:30:00+00:00,316.66999999999973,316.7999999999997,316.39999999999975,316.7499999999998,686
2026-07-13T19:35:00+00:00,316.7499999999998,317.09999999999974,316.58999999999975,316.91999999999973,595
2026-07-13T19:40:00+00:00,316.91999999999973,317.25999999999976,316.78999999999974,317.16999999999973,472
2026-07-13T19:45:00+00:00,317.16999999999973,317.72999999999973,317.13999999999976,317.53999999999974,585
2026-07-13T19:50:00+00:00,317.53999999999974,317.91999999999973,317.03999999999974,317.13999999999976,1340
2026-07-13T19:55:00+00:00,317.13999999999976,318.08999999999975,317.13999999999976,317.75999999999976,1497
2026-07-14T13:30:00+00:00,317.75999999999976,317.75999999999976,312.16999999999973,313.58999999999975,1956
2026-07-14T13:35:00+00:00,313.58999999999975,315.94999999999976,313.0499999999997,315.10999999999973,1687
2026-07-14T13:40:00+00:00,315.10999999999973,315.1799999999998,314.21999999999974,315.08999999999975,1445
2026-07-14T13:45:00+00:00,315.08999999999975,315.91999999999973,313.64999999999975,313.85999999999973,1571
2026-07-14T13:50:00+00:00,313.85999999999973,314.7399999999997,313.34999999999974,314.53999999999974,1614
2026-07-14T13:55:00+00:00,314.53999999999974,315.16999999999973,314.51999999999975,314.76999999999975,1394
2026-07-14T14:00:00+00:00,314.76999999999975,314.82999999999976,313.35999999999973,314.16999999999973,1826
2026-07-14T14:05:00+00:00,314.16999999999973,314.59999999999974,313.84999999999974,314.41999999999973,1620
2026-07-14T14:10:00+00:00,314.41999999999973,314.60999999999973,314.1199999999998,314.5599999999998,1692
2026-07-14T14:15:00+00:00,314.5599999999998,314.57999999999976,313.64999999999975,314.22999999999973,1564
2026-07-14T14:20:00+00:00,314.22999999999973,314.91999999999973,314.18999999999977,314.4999999999998,1492
2026-07-14T14:25:00+00:00,314.4999999999998,315.45999999999975,314.44999999999976,315.2499999999998,1354
2026-07-14T14:30:00+00:00,315.2499999999998,316.2399999999997,315.01999999999975,315.5599999999998,1740
2026-07-14T14:35:00+00:00,315.5599999999998,316.3699999999998,315.50999999999976,316.13999999999976,1384
2026-07-14T14:40:00+00:00,316.13999999999976,316.44999999999976,315.63999999999976,315.75999999999976,1345
2026-07-14T14:45:00+00:00,315.75999999999976,315.83999999999975,314.6799999999998,314.7999999999997,1393
2026-07-14T14:50:00+00:00,314.7999999999997,314.88999999999976,314.34999999999974,314.82999999999976,1201
2026-07-14T14:55:00+00:00,314.82999999999976,315.50999999999976,314.35999999999973,315.25999999999976,1276
2026-07-14T15:00:00+00:00,315.25999999999976,316.02999999999975,315.1199999999998,315.78999999999974,1622
2026-07-14T15:05:00+00:00,315.78999999999974,316.37999999999977,315.6799999999998,316.13999999999976,1400
2026-07-14T15:10:00+00:00,316.13999999999976,316.28999999999974,315.77999999999975,315.9299999999998,1374
2026-07-14T15:15:00+00:00,315.9299999999998,316.0499999999997,315.5599999999998,315.95999999999975,1505
2026-07-14T15:20:00+00:00,315.95999999999975,316.09999999999974,315.38999999999976,315.60999999999973,1399
2026-07-14T15:25:00+00:00,315.60999999999973,315.70999999999975,314.58999999999975,314.59999999999974,1099
2026-07-14T15:30:00+00:00,314.59999999999974,314.84999999999974,314.43999999999977,314.52999999999975,1198
2026-07-14T15:35:00+00:00,314.52999999999975,315.10999999999973,314.39999999999975,315.10999999999973,1390
2026-07-14T15:40:00+00:00,315.10999999999973,315.16999999999973,314.08999999999975,314.69999999999976,1405
2026-07-14T15:45:00+00:00,314.69999999999976,314.7999999999997,314.08999999999975,314.14999999999975,1136
2026-07-14T15:50:00+00:00,314.14999999999975,314.40999999999974,313.94999999999976,313.95999999999975,1216
2026-07-14T15:55:00+00:00,313.95999999999975,313.9999999999998,313.50999999999976,313.56999999999977,1134
2026-07-14T16:00:00+00:00,313.56999999999977,313.64999999999975,313.18999999999977,313.4999999999998,1230
2026-07-14T16:05:00+00:00,313.4999999999998,314.52999999999975,313.4299999999998,314.40999999999974,1127
2026-07-14T16:10:00+00:00,314.40999999999974,314.4899999999997,314.15999999999974,314.33999999999975,1062
2026-07-14T16:15:00+00:00,314.33999999999975,314.41999999999973,313.65999999999974,313.68999999999977,1215
2026-07-14T16:20:00+00:00,313.68999999999977,313.69999999999976,313.3099999999998,313.40999999999974,828
2026-07-14T16:25:00+00:00,313.40999999999974,313.8099999999998,313.18999999999977,313.5599999999998,784
2026-07-14T16:30:00+00:00,313.5599999999998,313.89999999999975,313.38999999999976,313.5599999999998,1058
2026-07-14T16:35:00+00:00,313.5599999999998,313.93999999999977,313.52999999999975,313.75999999999976,1022
2026-07-14T16:40:00+00:00,313.75999999999976,314.1799999999998,313.65999999999974,313.7999999999997,899
2026-07-14T16:45:00+00:00,313.7999999999997,314.01999999999975,313.6799999999998,313.93999999999977,1120
2026-07-14T16:50:00+00:00,313.93999999999977,314.22999999999973,313.91999999999973,314.18999999999977,837
2026-07-14T16:55:00+00:00,314.18999999999977,314.53999999999974,313.83999999999975,314.39999999999975,748
2026-07-14T17:00:00+00:00,314.39999999999975,314.51999999999975,314.1799999999998,314.2999999999997,956
2026-07-14T17:05:00+00:00,314.2999999999997,315.00999999999976,314.28999999999974,314.95999999999975,862
2026-07-14T17:10:00+00:00,314.95999999999975,315.2999999999997,314.71999999999974,314.72999999999973,794
2026-07-14T17:15:00+00:00,314.72999999999973,315.26999999999975,314.51999999999975,315.21999999999974,775
2026-07-14T17:20:00+00:00,315.21999999999974,315.2999999999997,314.78999999999974,314.97999999999973,708
2026-07-14T17:25:00+00:00,314.97999999999973,315.25999999999976,314.97999999999973,315.15999999999974,455
2026-07-14T17:30:00+00:00,315.15999999999974,315.31999999999977,314.91999999999973,315.1199999999998,584
2026-07-14T17:35:00+00:00,315.1199999999998,315.27999999999975,314.9999999999998,315.27999999999975,657
2026-07-14T17:40:00+00:00,315.27999999999975,315.34999999999974,314.9999999999998,315.09999999999974,526
2026-07-14T17:45:00+00:00,315.09999999999974,315.20999999999975,314.90999999999974,315.19999999999976,514
2026-07-14T17:50:00+00:00,315.19999999999976,315.32999999999976,315.07999999999976,315.26999999999975,486
2026-07-14T17:55:00+00:00,315.26999999999975,315.57999999999976,315.22999999999973,315.45999999999975,427
2026-07-14T18:00:00+00:00,315.45999999999975,315.6199999999998,315.37999999999977,315.56999999999977,520
2026-07-14T18:05:00+00:00,315.56999999999977,315.6799999999998,315.3699999999998,315.56999999999977,507
2026-07-14T18:10:00+00:00,315.56999999999977,315.65999999999974,315.4299999999998,315.60999999999973,342
2026-07-14T18:15:00+00:00,315.60999999999973,315.6199999999998,315.2399999999997,315.25999999999976,455
2026-07-14T18:20:00+00:00,315.25999999999976,315.51999999999975,315.16999999999973,315.3699999999998,434
2026-07-14T18:25:00+00:00,315.3699999999998,315.57999999999976,315.20999999999975,315.4899999999997,501
2026-07-14T18:30:00+00:00,315.4899999999997,315.76999999999975,315.34999999999974,315.65999999999974,468
2026-07-14T18:35:00+00:00,315.65999999999974,315.75999999999976,315.2999999999997,315.7499999999998,563
2026-07-14T18:40:00+00:00,315.7499999999998,315.77999999999975,315.02999999999975,315.45999999999975,855
2026-07-14T18:45:00+00:00,315.45999999999975,315.56999999999977,315.33999999999975,315.4999999999998,440
2026-07-14T18:50:00+00:00,315.4999999999998,315.70999999999975,315.33999999999975,315.57999999999976,654
2026-07-14T18:55:00+00:00,315.57999999999976,315.93999999999977,315.4999999999998,315.75999999999976,735
2026-07-14T19:00:00+00:00,315.75999999999976,315.8699999999998,315.4299999999998,315.76999999999975,868
2026-07-14T19:05:00+00:00,315.76999999999975,316.1799999999998,315.71999999999974,316.0499999999997,510
2026-07-14T19:10:00+00:00,316.0499999999997,316.08999999999975,315.6199999999998,315.7399999999997,551
2026-07-14T19:15:00+00:00,315.7399999999997,315.85999999999973,315.62999999999977,315.71999999999974,528
2026-07-14T19:20:00+00:00,315.71999999999974,316.0499999999997,315.66999999999973,316.0499999999997,336
2026-07-14T19:25:00+00:00,316.0499999999997,316.19999999999976,315.9299999999998,315.9999999999998,609
2026-07-14T19:30:00+00:00,315.9999999999998,316.07999999999976,315.51999999999975,315.62999999999977,865
2026-07-14T19:35:00+00:00,315.62999999999977,315.93999999999977,315.58999999999975,315.72999999999973,550
2026-07-14T19:40:00+00:00,315.72999999999973,315.7999999999997,315.43999999999977,315.62999999999977,782
2026-07-14T19:45:00+00:00,315.62999999999977,315.77999999999975,315.44999999999976,315.6799999999998,532
2026-07-14T19:50:00+00:00,315.6799999999998,315.97999999999973,314.90999999999974,314.9299999999998,777
2026-07-14T19:55:00+00:00,314.9299999999998,315.53999999999974,314.9299999999998,315.27999999999975,1499
2026-07-15T13:30:00+00:00,315.27999999999975,319.4299999999998,315.27999999999975,319.14999999999975,1071
2026-07-15T13:35:00+00:00,319.14999999999975,320.0599999999998,318.8099999999998,319.10999999999973,1372
2026-07-15T13:40:00+00:00,319.10999999999973,321.4899999999997,319.10999999999973,321.44999999999976,1268
2026-07-15T13:45:00+00:00,321.44999999999976,322.13999999999976,320.22999999999973,321.09999999999974,1564
2026-07-15T13:50:00+00:00,321.09999999999974,321.53999999999974,320.38999999999976,321.47999999999973,1659
2026-07-15T13:55:00+00:00,321.47999999999973,322.03999999999974,320.59999999999974,321.0599999999998,1337
2026-07-15T14:00:00+00:00,321.0599999999998,323.70999999999975,320.97999999999973,323.53999999999974,1422
2026-07-15T14:05:00+00:00,323.53999999999974,324.03999999999974,323.06999999999977,323.94999999999976,1378
2026-07-15T14:10:00+00:00,323.94999999999976,325.3099999999998,323.90999999999974,325.0599999999998,1416
2026-07-15T14:15:00+00:00,325.0599999999998,325.9899999999997,324.93999999999977,325.7499999999998,1493
2026-07-15T14:20:00+00:00,325.7499999999998,325.91999999999973,324.5499999999997,324.89999999999975,1538
2026-07-15T14:25:00+00:00,324.89999999999975,325.71999999999974,324.77999999999975,325.0599999999998,1323
2026-07-15T14:30:00+00:00,325.0599999999998,325.35999999999973,324.5499999999997,324.75999999999976,1577
2026-07-15T14:35:00+00:00,324.75999999999976,325.10999999999973,323.84999999999974,324.31999999999977,1190
2026-07-15T14:40:00+00:00,324.31999999999977,324.8699999999998,324.1799999999998,324.45999999999975,1218
2026-07-15T14:45:00+00:00,324.45999999999975,325.40999999999974,324.27999999999975,325.33999999999975,1063
2026-07-15T14:50:00+00:00,325.33999999999975,325.72999999999973,324.1199999999998,324.33999999999975,1230
2026-07-15T14:55:00+00:00,324.33999999999975,324.81999999999977,324.03999999999974,324.2399999999997,1075.592384769539
2026-07-15T15:00:00+00:00,324.2399999999997,324.52999999999975,323.88999999999976,324.14999999999975,938
2026-07-15T15:05:00+00:00,324.14999999999975,324.64999999999975,323.88999999999976,324.3699999999997,761
2026-07-15T15:10:00+00:00,324.3699999999997,324.65999999999974,324.1299999999997,324.5699999999997,852
2026-07-15T15:15:00+00:00,324.5699999999997,324.88999999999976,324.35999999999973,324.83999999999975,966
2026-07-15T15:20:00+00:00,324.83999999999975,325.44999999999976,324.45999999999975,325.35999999999973,1068
2026-07-15T15:25:00+00:00,325.35999999999973,326.0099999999997,325.2499999999997,325.91999999999973,1059
2026-07-15T15:30:00+00:00,325.91999999999973,326.6899999999997,325.46999999999974,326.38999999999976,1243
2026-07-15T15:35:00+00:00,326.38999999999976,327.4399999999997,326.14999999999975,327.13999999999976,1243
2026-07-15T15:40:00+00:00,327.13999999999976,327.4299999999997,326.77999999999975,326.89999999999975,854
2026-07-15T15:45:00+00:00,326.89999999999975,327.35999999999973,326.8099999999997,326.9999999999997,990
2026-07-15T15:50:00+00:00,326.9999999999997,326.9999999999997,325.5099999999997,325.69999999999976,871
2026-07-15T15:55:00+00:00,325.69999999999976,326.8099999999997,325.6899999999997,326.59999999999974,927
2026-07-15T16:00:00+00:00,326.59999999999974,327.21999999999974,326.58999999999975,327.1299999999997,877
2026-07-15T16:05:00+00:00,327.1299999999997,327.33999999999975,326.8199999999997,327.33999999999975,827
2026-07-15T16:10:00+00:00,327.33999999999975,327.70999999999975,327.01999999999975,327.46999999999974,1021
2026-07-15T16:15:00+00:00,327.46999999999974,328.0499999999997,327.40999999999974,327.51999999999975,922
2026-07-15T16:20:00+00:00,327.51999999999975,328.32999999999976,327.46999999999974,328.2999999999997,825
2026-07-15T16:25:00+00:00,328.2999999999997,328.8799999999997,328.26999999999975,328.46999999999974,1314
2026-07-15T16:30:00+00:00,328.46999999999974,328.8099999999997,328.4399999999997,328.57999999999976,1099
2026-07-15T16:35:00+00:00,328.57999999999976,328.57999999999976,328.0099999999997,328.1799999999997,1044
2026-07-15T16:40:00+00:00,328.1799999999997,328.63999999999976,327.6299999999997,328.4899999999997,1162
2026-07-15T16:45:00+00:00,328.4899999999997,328.58999999999975,327.9299999999997,328.2599999999997,1013
2026-07-15T16:50:00+00:00,328.2599999999997,328.38999999999976,327.65999999999974,328.28999999999974,826
2026-07-15T16:55:00+00:00,328.28999999999974,328.58999999999975,328.10999999999973,328.3099999999997,654
2026-07-15T17:00:00+00:00,328.3099999999997,328.39999999999975,327.6199999999997,328.3099999999997,699
2026-07-15T17:05:00+00:00,328.3099999999997,328.3699999999997,327.07999999999976,327.07999999999976,691
2026-07-15T17:10:00+00:00,327.07999999999976,327.3799999999997,326.8199999999997,326.9299999999997,665
2026-07-15T17:15:00+00:00,326.9299999999997,327.2999999999997,326.28999999999974,326.65999999999974,806
2026-07-15T17:20:00+00:00,326.65999999999974,327.2599999999997,326.64999999999975,327.0599999999997,566
2026-07-15T17:25:00+00:00,327.0599999999997,327.51999999999975,326.96999999999974,327.32999999999976,608
2026-07-15T17:30:00+00:00,327.32999999999976,327.58999999999975,326.95999999999975,327.44999999999976,649
2026-07-15T17:35:00+00:00,327.44999999999976,328.2399999999997,327.34999999999974,328.14999999999975,614
2026-07-15T17:40:00+00:00,328.14999999999975,328.3199999999997,327.5599999999997,327.57999999999976,602
2026-07-15T17:45:00+00:00,327.57999999999976,327.9299999999997,327.5599999999997,327.8699999999997,575
2026-07-15T17:50:00+00:00,327.8699999999997,328.01999999999975,327.4999999999997,327.90999999999974,531
2026-07-15T17:55:00+00:00,327.90999999999974,328.0499999999997,327.66999999999973,327.91999999999973,529
2026-07-15T18:00:00+00:00,327.91999999999973,327.9999999999997,327.65999999999974,327.82999999999976,498
2026-07-15T18:05:00+00:00,327.82999999999976,328.01999999999975,327.4899999999997,327.6799999999997,525
2026-07-15T18:10:00+00:00,327.6799999999997,328.02999999999975,327.58999999999975,327.9299999999997,429
2026-07-15T18:15:00+00:00,327.9299999999997,328.08999999999975,327.5099999999997,327.65999999999974,553
2026-07-15T18:20:00+00:00,327.65999999999974,327.85999999999973,327.60999999999973,327.78999999999974,400
2026-07-15T18:25:00+00:00,327.78999999999974,328.22999999999973,327.6299999999997,328.08999999999975,379
2026-07-15T18:30:00+00:00,328.08999999999975,328.1899999999997,327.78999999999974,327.9999999999997,482
2026-07-15T18:35:00+00:00,327.9999999999997,328.1299999999997,327.95999999999975,328.0099999999997,425
2026-07-15T18:40:00+00:00,328.0099999999997,328.1899999999997,327.8099999999997,328.0099999999997,430
2026-07-15T18:45:00+00:00,328.0099999999997,328.03999999999974,327.41999999999973,327.4999999999997,565
2026-07-15T18:50:00+00:00,327.4999999999997,327.6899999999997,327.40999999999974,327.51999999999975,457
2026-07-15T18:55:00+00:00,327.51999999999975,327.97999999999973,327.4399999999997,327.88999999999976,590
2026-07-15T19:00:00+00:00,327.88999999999976,329.0699999999997,327.8199999999997,328.9399999999997,614
2026-07-15T19:05:00+00:00,328.9399999999997,329.02999999999975,328.5099999999997,328.52999999999975,640
2026-07-15T19:10:00+00:00,328.52999999999975,328.59999999999974,328.0099999999997,328.1799999999997,651
2026-07-15T19:15:00+00:00,328.1799999999997,328.21999999999974,327.7599999999997,328.10999999999973,552
2026-07-15T19:20:00+00:00,328.10999999999973,328.3099999999997,327.7499999999997,327.85999999999973,545
2026-07-15T19:25:00+00:00,327.85999999999973,327.8799999999997,327.19999999999976,327.41999999999973,499
2026-07-15T19:30:00+00:00,327.41999999999973,327.41999999999973,326.7399999999997,326.7499999999997,703
2026-07-15T19:35:00+00:00,326.7499999999997,326.89999999999975,326.4399999999997,326.71999999999974,478
2026-07-15T19:40:00+00:00,326.71999999999974,326.88999999999976,326.1799999999997,326.22999999999973,668
2026-07-15T19:45:00+00:00,326.22999999999973,326.7599999999997,326.0699999999997,326.5699999999997,848
2026-07-15T19:50:00+00:00,326.5699999999997,327.85999999999973,326.5599999999997,327.77999999999975,1054
2026-07-15T19:55:00+00:00,327.77999999999975,328.69999999999976,327.5599999999997,327.96999999999974,1534
2026-07-16T13:30:00+00:00,327.96999999999974,329.2599999999997,327.1199999999997,327.35999999999973,2038
2026-07-16T13:35:00+00:00,327.35999999999973,328.34999999999974,327.27999999999975,327.83999999999975,1961
2026-07-16T13:40:00+00:00,327.83999999999975,328.65999999999974,327.52999999999975,328.1199999999997,2177
2026-07-16T13:45:00+00:00,328.1199999999997,329.9899999999997,328.09999999999974,329.3099999999997,2139
2026-07-16T13:50:00+00:00,329.3099999999997,330.65999999999974,329.10999999999973,330.07999999999976,1779
2026-07-16T13:55:00+00:00,330.07999999999976,331.39999999999975,330.0599999999997,331.39999999999975,1729
2026-07-16T14:00:00+00:00,331.39999999999975,331.70999999999975,330.01999999999975,330.38999999999976,1688
2026-07-16T14:05:00+00:00,330.38999999999976,330.70999999999975,328.22999999999973,328.53999999999974,1677
2026-07-16T14:10:00+00:00,328.53999999999974,329.09999999999974,328.26999999999975,328.9999999999997,1431
2026-07-16T14:15:00+00:00,328.9999999999997,329.7399999999997,328.69999999999976,329.44999999999976,1258
2026-07-16T14:20:00+00:00,329.44999999999976,330.57999999999976,329.38999999999976,330.5699999999997,1304
2026-07-16T14:25:00+00:00,330.5699999999997,330.95999999999975,330.2999999999997,330.71999999999974,1201
2026-07-16T14:30:00+00:00,330.71999999999974,331.38999999999976,330.60999999999973,330.96999999999974,1039
2026-07-16T14:35:00+00:00,330.96999999999974,331.34999999999974,330.7999999999997,331.03999999999974,1062
2026-07-16T14:40:00+00:00,331.03999999999974,331.4399999999997,330.52999999999975,330.9999999999997,1203
2026-07-16T14:45:00+00:00,330.9999999999997,331.20999999999975,330.5599999999997,330.6799999999997,1240
2026-07-16T14:50:00+00:00,330.6799999999997,330.83999999999975,330.10999999999973,330.58999999999975,1201
2026-07-16T14:55:00+00:00,330.58999999999975,330.7599999999997,330.28999999999974,330.46999999999974,978
2026-07-16T15:00:00+00:00,330.46999999999974,330.91999999999973,330.35999999999973,330.4399999999997,1266
2026-07-16T15:05:00+00:00,330.4399999999997,330.65999999999974,329.6899999999997,330.22999999999973,1096
2026-07-16T15:10:00+00:00,330.22999999999973,330.94999999999976,330.21999999999974,330.8099999999997,1001
2026-07-16T15:15:00+00:00,330.8099999999997,330.91999999999973,330.47999999999973,330.78999999999974,980
2026-07-16T15:20:00+00:00,330.78999999999974,330.94999999999976,330.14999999999975,330.7599999999997,1147
2026-07-16T15:25:00+00:00,330.7599999999997,331.2499999999997,330.7599999999997,330.9899999999997,1095
2026-07-16T15:30:00+00:00,330.9899999999997,331.1799999999997,330.7999999999997,331.09999999999974,1290
2026-07-16T15:35:00+00:00,331.09999999999974,331.7499999999997,330.85999999999973,331.72999999999973,1051
2026-07-16T15:40:00+00:00,331.72999999999973,331.88999999999976,331.3699999999997,331.6299999999997,909
2026-07-16T15:45:00+00:00,331.6299999999997,332.15999999999974,331.52999999999975,331.84999999999974,881
2026-07-16T15:50:00+00:00,331.84999999999974,332.6199999999997,331.76999999999975,332.57999999999976,929
2026-07-16T15:55:00+00:00,332.57999999999976,332.57999999999976,331.95999999999975,332.14999999999975,1011
2026-07-16T16:00:00+00:00,332.14999999999975,332.27999999999975,331.5599999999997,331.90999999999974,997
2026-07-16T16:05:00+00:00,331.90999999999974,332.3199999999997,331.57999999999976,331.6299999999997,1238
2026-07-16T16:10:00+00:00,331.6299999999997,331.7399999999997,330.96999999999974,330.96999999999974,1033
2026-07-16T16:15:00+00:00,330.96999999999974,331.71999999999974,330.70999999999975,331.46999999999974,1135
2026-07-16T16:20:00+00:00,331.46999999999974,331.70999999999975,331.15999999999974,331.51999999999975,1080
2026-07-16T16:25:00+00:00,331.51999999999975,331.72999999999973,331.3699999999997,331.51999999999975,966
2026-07-16T16:30:00+00:00,331.51999999999975,331.7499999999997,331.41999999999973,331.47999999999973,815
2026-07-16T16:35:00+00:00,331.47999999999973,331.52999999999975,330.45999999999975,330.5499999999997,1039
2026-07-16T16:40:00+00:00,330.5499999999997,330.78999999999974,330.20999999999975,330.76999999999975,920
2026-07-16T16:45:00+00:00,330.76999999999975,331.6799999999997,330.65999999999974,331.6799999999997,1127
2026-07-16T16:50:00+00:00,331.6799999999997,332.33999999999975,331.63999999999976,332.21999999999974,1016
2026-07-16T16:55:00+00:00,332.21999999999974,332.3699999999997,331.95999999999975,332.35999999999973,1021
2026-07-16T17:00:00+00:00,332.35999999999973,332.6899999999997,332.1299999999997,332.65999999999974,896
2026-07-16T17:05:00+00:00,332.65999999999974,332.70999999999975,332.35999999999973,332.3699999999997,697
2026-07-16T17:10:00+00:00,332.3699999999997,332.4299999999997,332.0599999999997,332.14999999999975,635
2026-07-16T17:15:00+00:00,332.14999999999975,332.77999999999975,332.0699999999997,332.70999999999975,662
2026-07-16T17:20:00+00:00,332.70999999999975,333.01999999999975,332.45999999999975,332.7599999999997,824
2026-07-16T17:25:00+00:00,332.7599999999997,333.32999999999976,332.69999999999976,333.2499999999997,703
2026-07-16T17:30:00+00:00,333.2499999999997,333.6299999999997,332.8799999999997,333.57999999999976,870
2026-07-16T17:35:00+00:00,333.57999999999976,333.90999999999974,333.26999999999975,333.3199999999997,840
2026-07-16T17:40:00+00:00,333.3199999999997,333.35999999999973,332.65999999999974,332.65999999999974,1053
2026-07-16T17:45:00+00:00,332.65999999999974,332.85999999999973,332.21999999999974,332.39999999999975,931
2026-07-16T17:50:00+00:00,332.39999999999975,332.57999999999976,332.08999999999975,332.10999999999973,1083
2026-07-16T17:55:00+00:00,332.10999999999973,332.15999999999974,331.1299999999997,331.91999999999973,1290
2026-07-16T18:00:00+00:00,331.91999999999973,332.01999999999975,331.4299999999997,331.66999999999973,1073
2026-07-16T18:05:00+00:00,331.66999999999973,332.19999999999976,331.38999999999976,331.66999999999973,1378
2026-07-16T18:10:00+00:00,331.66999999999973,331.97999999999973,329.8699999999997,329.9299999999997,1696
2026-07-16T18:15:00+00:00,329.9299999999997,331.40999999999974,329.65999999999974,330.64999999999975,1653
2026-07-16T18:20:00+00:00,330.64999999999975,331.51999999999975,330.5599999999997,331.21999999999974,1112
2026-07-16T18:25:00+00:00,331.21999999999974,331.90999999999974,331.03999999999974,331.5499999999997,1060
2026-07-16T18:30:00+00:00,331.5499999999997,331.66999999999973,331.22999999999973,331.58999999999975,1118
2026-07-16T18:35:00+00:00,331.58999999999975,332.22999999999973,331.4899999999997,332.13999999999976,913
2026-07-16T18:40:00+00:00,332.13999999999976,332.40999999999974,331.83999999999975,332.2499999999997,852
2026-07-16T18:45:00+00:00,332.2499999999997,332.83999999999975,332.15999999999974,332.76999999999975,886
2026-07-16T18:50:00+00:00,332.76999999999975,333.6899999999997,332.76999999999975,333.1799999999997,843
2026-07-16T18:55:00+00:00,333.1799999999997,333.85999999999973,333.1199999999997,333.51999999999975,787
2026-07-16T19:00:00+00:00,333.51999999999975,333.85999999999973,333.35999999999973,333.7599999999997,739
2026-07-16T19:05:00+00:00,333.7599999999997,335.01999999999975,333.7599999999997,334.38999999999976,1145
2026-07-16T19:10:00+00:00,334.38999999999976,334.69999999999976,334.15999999999974,334.4899999999997,842
2026-07-16T19:15:00+00:00,334.4899999999997,334.6899999999997,334.21999999999974,334.59999999999974,838
2026-07-16T19:20:00+00:00,334.59999999999974,334.71999999999974,334.08999999999975,334.4999999999997,782
2026-07-16T19:25:00+00:00,334.4999999999997,334.53999999999974,333.3199999999997,333.34999999999974,1018
2026-07-16T19:30:00+00:00,333.34999999999974,333.44999999999976,332.9399999999997,332.94999999999976,1090
2026-07-16T19:35:00+00:00,332.94999999999976,333.2999999999997,332.8099999999997,332.96999999999974,879
2026-07-16T19:40:00+00:00,332.96999999999974,333.1299999999997,332.44999999999976,332.57999999999976,773
2026-07-16T19:45:00+00:00,332.57999999999976,332.58999999999975,331.3199999999997,331.51999999999975,1250
2026-07-16T19:50:00+00:00,331.51999999999975,333.0699999999997,331.15999999999974,332.90999999999974,1520
2026-07-16T19:55:00+00:00,332.90999999999974,334.02999999999975,332.89999999999975,333.53999999999974,1349
2026-07-17T13:30:00+00:00,333.53999999999974,333.8099999999997,331.59999999999974,333.8099999999997,1623
2026-07-17T13:35:00+00:00,333.8099999999997,335.2499999999997,333.32999999999976,335.20999999999975,2150
2026-07-17T13:40:00+00:00,335.20999999999975,335.20999999999975,333.7399999999997,334.16999999999973,1618
2026-07-17T13:45:00+00:00,334.16999999999973,334.69999999999976,333.1299999999997,333.3799999999997,1588
2026-07-17T13:50:00+00:00,333.3799999999997,333.4399999999997,331.47999999999973,332.5699999999997,1558
2026-07-17T13:55:00+00:00,332.5699999999997,332.8099999999997,331.19999999999976,331.2399999999997,1657
2026-07-17T14:00:00+00:00,331.2399999999997,331.2399999999997,329.69999999999976,330.57999999999976,1721
2026-07-17T14:05:00+00:00,330.57999999999976,330.9299999999997,329.8699999999997,330.01999999999975,1864
2026-07-17T14:10:00+00:00,330.01999999999975,330.88999999999976,329.3699999999997,330.7399999999997,1924
2026-07-17T14:15:00+00:00,330.7399999999997,331.09999999999974,330.15999999999974,330.8799999999997,1814
2026-07-17T14:20:00+00:00,330.8799999999997,331.33999999999975,330.39999999999975,331.13999999999976,1649
2026-07-17T14:25:00+00:00,331.13999999999976,332.1899999999997,330.77999999999975,332.14999999999975,1306
2026-07-17T14:30:00+00:00,332.14999999999975,334.3099999999997,332.14999999999975,334.28999999999974,1728
2026-07-17T14:35:00+00:00,334.28999999999974,334.28999999999974,332.47999999999973,332.7599999999997,1709
2026-07-17T14:40:00+00:00,332.7599999999997,333.52999999999975,332.65999999999974,333.40999999999974,1426
2026-07-17T14:45:00+00:00,333.40999999999974,333.9299999999997,332.72999999999973,332.95999999999975,1214
2026-07-17T14:50:00+00:00,332.95999999999975,333.15999999999974,332.32999999999976,333.14999999999975,1110
2026-07-17T14:55:00+00:00,333.14999999999975,333.6199999999997,332.96999999999974,333.51999999999975,1092
2026-07-17T15:00:00+00:00,333.51999999999975,333.5699999999997,332.85999999999973,333.2599999999997,955
2026-07-17T15:05:00+00:00,333.2599999999997,333.76999999999975,333.08999999999975,333.59999999999974,953
2026-07-17T15:10:00+00:00,333.59999999999974,334.3199999999997,333.45999999999975,334.1299999999997,1144
2026-07-17T15:15:00+00:00,334.1299999999997,334.2999999999997,333.82999999999976,334.0499999999997,983
2026-07-17T15:20:00+00:00,334.0499999999997,334.52999999999975,333.70999999999975,333.88999999999976,1193
2026-07-17T15:25:00+00:00,333.88999999999976,335.09999999999974,333.84999999999974,334.97999999999973,1220
2026-07-17T15:30:00+00:00,334.97999999999973,335.19999999999976,334.2499999999997,334.27999999999975,1227
2026-07-17T15:35:00+00:00,334.27999999999975,334.38999999999976,333.72999999999973,334.09999999999974,1385
2026-07-17T15:40:00+00:00,334.09999999999974,334.3099999999997,333.46999999999974,334.03999999999974,1196
2026-07-17T15:45:00+00:00,334.03999999999974,334.03999999999974,333.20999999999975,333.9399999999997,1214
2026-07-17T15:50:00+00:00,333.9399999999997,333.9399999999997,333.15999999999974,333.41999999999973,1155
2026-07-17T15:55:00+00:00,333.41999999999973,333.41999999999973,332.3699999999997,332.63999999999976,1084
2026-07-17T16:00:00+00:00,332.63999999999976,332.71999999999974,331.01999999999975,331.15999999999974,1625
2026-07-17T16:05:00+00:00,331.15999999999974,331.3199999999997,330.35999999999973,330.8099999999997,1612
2026-07-17T16:10:00+00:00,330.8099999999997,331.02999999999975,330.35999999999973,330.64999999999975,1205
2026-07-17T16:15:00+00:00,330.64999999999975,331.3699999999997,330.64999999999975,331.0699999999997,1513
2026-07-17T16:20:00+00:00,331.0699999999997,331.40999999999974,330.6899999999997,330.83999999999975,1036
2026-07-17T16:25:00+00:00,330.83999999999975,332.26999999999975,330.78999999999974,332.02999999999975,1211
2026-07-17T16:30:00+00:00,332.02999999999975,332.5599999999997,331.78999999999974,332.2599999999997,1213
2026-07-17T16:35:00+00:00,332.2599999999997,332.4999999999997,331.90999999999974,332.4999999999997,808
2026-07-17T16:40:00+00:00,332.4999999999997,332.70999999999975,332.19999999999976,332.57999999999976,657
2026-07-17T16:45:00+00:00,332.57999999999976,332.59999999999974,332.07999999999976,332.1299999999997,701
2026-07-17T16:50:00+00:00,332.1299999999997,333.35999999999973,331.9399999999997,332.4299999999997,1320
2026-07-17T16:55:00+00:00,332.4299999999997,332.4899999999997,330.8099999999997,330.8699999999997,897
2026-07-17T17:00:00+00:00,330.8699999999997,331.07999999999976,330.2399999999997,330.38999999999976,1002
2026-07-17T17:05:00+00:00,330.38999999999976,330.71999999999974,330.0499999999997,330.6299999999997,835
2026-07-17T17:10:00+00:00,330.6299999999997,330.64999999999975,329.77999999999975,329.7999999999997,813
2026-07-17T17:15:00+00:00,329.7999999999997,330.5599999999997,329.6199999999997,329.91999999999973,805
2026-07-17T17:20:00+00:00,329.91999999999973,329.9899999999997,329.4999999999997,329.65999999999974,720
2026-07-17T17:25:00+00:00,329.65999999999974,331.19999999999976,329.65999999999974,330.8699999999997,872
2026-07-17T17:30:00+00:00,330.8699999999997,331.0499999999997,330.44999999999976,330.6299999999997,675
2026-07-17T17:35:00+00:00,330.6299999999997,331.0499999999997,330.4299999999997,330.76999999999975,683
2026-07-17T17:40:00+00:00,330.76999999999975,331.2999999999997,330.58999999999975,331.16999999999973,553
2026-07-17T17:45:00+00:00,331.16999999999973,331.3099999999997,330.9299999999997,331.1299999999997,623
2026-07-17T17:50:00+00:00,331.1299999999997,331.19999999999976,330.8099999999997,331.1799999999997,505
2026-07-17T17:55:00+00:00,331.1799999999997,332.2599999999997,331.1299999999997,332.08999999999975,740
2026-07-17T18:00:00+00:00,332.08999999999975,332.53999999999974,331.8699999999997,332.39999999999975,670
2026-07-17T18:05:00+00:00,332.39999999999975,332.58999999999975,332.1199999999997,332.27999999999975,775
2026-07-17T18:10:00+00:00,332.27999999999975,333.57999999999976,332.1899999999997,332.94999999999976,941
2026-07-17T18:15:00+00:00,332.94999999999976,332.94999999999976,332.3799999999997,332.65999999999974,793
2026-07-17T18:20:00+00:00,332.65999999999974,332.96999999999974,332.6299999999997,332.82999999999976,656
2026-07-17T18:25:00+00:00,332.82999999999976,332.9899999999997,332.5499999999997,332.6799999999997,584
2026-07-17T18:30:00+00:00,332.6799999999997,332.72999999999973,332.4399999999997,332.57999999999976,677
2026-07-17T18:35:00+00:00,332.57999999999976,332.89999999999975,332.47999999999973,332.8099999999997,479
2026-07-17T18:40:00+00:00,332.8099999999997,334.03999999999974,332.72999999999973,333.88999999999976,880
2026-07-17T18:45:00+00:00,333.88999999999976,335.01999999999975,333.8199999999997,334.84999999999974,931
2026-07-17T18:50:00+00:00,334.84999999999974,334.85999999999973,334.22999999999973,334.59999999999974,803
2026-07-17T18:55:00+00:00,334.59999999999974,334.63999999999976,334.2399999999997,334.2399999999997,611
2026-07-17T19:00:00+00:00,334.2399999999997,334.5499999999997,334.10999999999973,334.28999999999974,595
2026-07-17T19:05:00+00:00,334.28999999999974,334.90999999999974,334.13999999999976,334.33999999999975,655
2026-07-17T19:10:00+00:00,334.33999999999975,334.71999999999974,333.95999999999975,333.95999999999975,692
2026-07-17T19:15:00+00:00,333.95999999999975,334.28999999999974,333.60999999999973,333.64999999999975,779
2026-07-17T19:20:00+00:00,333.64999999999975,333.8699999999997,333.0699999999997,333.0699999999997,561
2026-07-17T19:25:00+00:00,333.0699999999997,333.26999999999975,332.6299999999997,333.16999999999973,712
2026-07-17T19:30:00+00:00,333.16999999999973,333.16999999999973,332.58999999999975,333.0099999999997,1021
2026-07-17T19:35:00+00:00,333.0099999999997,333.76999999999975,332.6799999999997,333.7599999999997,972
2026-07-17T19:40:00+00:00,333.7599999999997,334.27999999999975,333.2499999999997,334.22999999999973,967
2026-07-17T19:45:00+00:00,334.22999999999973,334.5099999999997,333.9899999999997,334.2499999999997,785
2026-07-17T19:50:00+00:00,334.2499999999997,334.7399999999997,334.0099999999997,334.4999999999997,1062
2026-07-17T19:55:00+00:00,334.4999999999997,334.52999999999975,333.60999999999973,334.07999999999976,1364
2026-07-20T13:30:00+00:00,334.07999999999976,334.07999999999976,331.0599999999997,331.8099999999997,1997
2026-07-20T13:35:00+00:00,331.8099999999997,331.84999999999974,330.78999999999974,331.0099999999997,2210
2026-07-20T13:40:00+00:00,331.0099999999997,331.02999999999975,330.0599999999997,330.5699999999997,1630
2026-07-20T13:45:00+00:00,330.5699999999997,330.8099999999997,330.09999999999974,330.33999999999975,1603
2026-07-20T13:50:00+00:00,330.33999999999975,330.33999999999975,328.6899999999997,328.6999999999997,1501
2026-07-20T13:55:00+00:00,328.6999999999997,329.10999999999973,328.41999999999973,328.8699999999997,1287
2026-07-20T14:00:00+00:00,328.8699999999997,328.9999999999997,328.20999999999975,328.39999999999975,1441
2026-07-20T14:05:00+00:00,328.39999999999975,328.77999999999975,328.20999999999975,328.3199999999997,1222
2026-07-20T14:10:00+00:00,328.3199999999997,328.41999999999973,327.16999999999973,327.21999999999974,1312
2026-07-20T14:15:00+00:00,327.21999999999974,327.27999999999975,326.45999999999975,327.0599999999997,1316
2026-07-20T14:20:00+00:00,327.0599999999997,327.38999999999976,326.5599999999997,326.5599999999997,1204
2026-07-20T14:25:00+00:00,326.5599999999997,327.10999999999973,326.16999999999973,326.9999999999997,1386
2026-07-20T14:30:00+00:00,326.9999999999997,327.22999999999973,326.59999999999974,327.10999999999973,1468
2026-07-20T14:35:00+00:00,327.10999999999973,327.5499999999997,326.7599999999997,326.9399999999997,1404
2026-07-20T14:40:00+00:00,326.9399999999997,328.0499999999997,326.8799999999997,327.9399999999997,1255
2026-07-20T14:45:00+00:00,327.9399999999997,327.9499999999997,327.07999999999976,327.3699999999997,1394
2026-07-20T14:50:00+00:00,327.3699999999997,327.3699999999997,326.2999999999997,326.4499999999997,1273
2026-07-20T14:55:00+00:00,326.4499999999997,326.60999999999973,326.0699999999997,326.4399999999997,1291
2026-07-20T15:00:00+00:00,326.4399999999997,327.01999999999975,326.35999999999973,326.8199999999997,1424
2026-07-20T15:05:00+00:00,326.8199999999997,326.88999999999976,326.57999999999976,326.7499999999997,1066
2026-07-20T15:10:00+00:00,326.7499999999997,326.7499999999997,324.85999999999973,324.95999999999975,1630
2026-07-20T15:15:00+00:00,324.95999999999975,325.34999999999974,324.70999999999975,324.78999999999974,1253
2026-07-20T15:20:00+00:00,324.78999999999974,325.08999999999975,324.4399999999997,324.9499999999997,1287
2026-07-20T15:25:00+00:00,324.9499999999997,325.1799999999997,324.76999999999975,324.95999999999975,1447
2026-07-20T15:30:00+00:00,324.95999999999975,325.9999999999997,324.88999999999976,325.78999999999974,1265
2026-07-20T15:35:00+00:00,325.78999999999974,326.07999999999976,325.6899999999997,326.07999999999976,1122
2026-07-20T15:40:00+00:00,326.07999999999976,326.57999999999976,325.65999999999974,326.0599999999997,1360
2026-07-20T15:45:00+00:00,326.0599999999997,326.0599999999997,325.2599999999997,325.38999999999976,1100
2026-07-20T15:50:00+00:00,325.38999999999976,326.3799999999997,325.16999999999973,326.3199999999997,1227
2026-07-20T15:55:00+00:00,326.3199999999997,326.5599999999997,325.8699999999997,325.97999999999973,986
2026-07-20T16:00:00+00:00,325.97999999999973,326.0599999999997,325.3099999999997,325.7399999999997,1132
2026-07-20T16:05:00+00:00,325.7399999999997,325.8099999999997,325.20999999999975,325.35999999999973,1142
2026-07-20T16:10:00+00:00,325.35999999999973,325.4899999999997,324.97999999999973,325.20999999999975,888
2026-07-20T16:15:00+00:00,325.20999999999975,325.6299999999997,324.9499999999997,325.40999999999974,1331
2026-07-20T16:20:00+00:00,325.40999999999974,325.45999999999975,325.0499999999997,325.33999999999975,1045
2026-07-20T16:25:00+00:00,325.33999999999975,325.65999999999974,324.96999999999974,325.02999999999975,963
2026-07-20T16:30:00+00:00,325.02999999999975,325.1199999999997,324.0699999999997,324.07999999999976,1050
2026-07-20T16:35:00+00:00,324.07999999999976,324.63999999999976,323.95999999999975,324.59999999999974,1245
2026-07-20T16:40:00+00:00,324.59999999999974,324.65999999999974,323.6799999999997,324.40999999999974,1247
2026-07-20T16:45:00+00:00,324.40999999999974,324.88999999999976,324.28999999999974,324.8199999999997,1070
2026-07-20T16:50:00+00:00,324.8199999999997,324.85999999999973,324.0499999999997,324.27999999999975,1084
2026-07-20T16:55:00+00:00,324.27999999999975,324.71999999999974,324.1199999999997,324.2999999999997,1044
2026-07-20T17:00:00+00:00,324.2999999999997,324.5699999999997,324.14999999999975,324.2399999999997,966
2026-07-20T17:05:00+00:00,324.2399999999997,325.1299999999997,323.95999999999975,325.0599999999997,1155
2026-07-20T17:10:00+00:00,325.0599999999997,325.15999999999974,324.6899999999997,324.78999999999974,1042
2026-07-20T17:15:00+00:00,324.78999999999974,324.9999999999997,324.58999999999975,324.90999999999974,946
2026-07-20T17:20:00+00:00,324.90999999999974,324.91999999999973,324.53999999999974,324.58999999999975,760
2026-07-20T17:25:00+00:00,324.58999999999975,324.9899999999997,324.46999999999974,324.71999999999974,756
2026-07-20T17:30:00+00:00,324.71999999999974,324.7999999999997,324.47999999999973,324.7599999999997,900
2026-07-20T17:35:00+00:00,324.7599999999997,325.10999999999973,324.64999999999975,324.85999999999973,925
2026-07-20T17:40:00+00:00,324.85999999999973,324.96999999999974,324.2399999999997,324.34999999999974,918
2026-07-20T17:45:00+00:00,324.34999999999974,325.13999999999976,324.3099999999997,324.89999999999975,1152
2026-07-20T17:50:00+00:00,324.89999999999975,324.96999999999974,324.60999999999973,324.7399999999997,819
2026-07-20T17:55:00+00:00,324.7399999999997,324.9899999999997,324.41999999999973,324.7999999999997,905
2026-07-20T18:00:00+00:00,324.7999999999997,325.27999999999975,324.76999999999975,325.0599999999997,833
2026-07-20T18:05:00+00:00,325.0599999999997,325.45999999999975,324.95999999999975,325.4399999999997,772
2026-07-20T18:10:00+00:00,325.4399999999997,325.8199999999997,325.35999999999973,325.4499999999997,820
2026-07-20T18:15:00+00:00,325.4499999999997,326.34999999999974,325.4299999999997,326.34999999999974,695
2026-07-20T18:20:00+00:00,326.34999999999974,326.47999999999973,325.9499999999997,325.9999999999997,991
2026-07-20T18:25:00+00:00,325.9999999999997,326.52999999999975,325.91999999999973,326.02999999999975,821
2026-07-20T18:30:00+00:00,326.02999999999975,326.59999999999974,325.6999999999997,326.52999999999975,960
2026-07-20T18:35:00+00:00,326.52999999999975,326.95999999999975,326.1199999999997,326.26999999999975,1031
2026-07-20T18:40:00+00:00,326.26999999999975,326.3199999999997,325.35999999999973,325.47999999999973,1140
2026-07-20T18:45:00+00:00,325.47999999999973,326.7599999999997,325.4399999999997,326.60999999999973,1032
2026-07-20T18:50:00+00:00,326.60999999999973,327.3699999999997,326.52999999999975,327.21999999999974,739
2026-07-20T18:55:00+00:00,327.21999999999974,327.2499999999997,326.77999999999975,326.7999999999997,664
2026-07-20T19:00:00+00:00,326.7999999999997,327.5599999999997,326.76999999999975,327.51999999999975,947
2026-07-20T19:05:00+00:00,327.51999999999975,328.33999999999975,327.20999999999975,328.14999999999975,869
2026-07-20T19:10:00+00:00,328.14999999999975,328.57999999999976,328.08999999999975,328.2499999999997,735
2026-07-20T19:15:00+00:00,328.2499999999997,328.52999999999975,327.8099999999997,328.2499999999997,941
2026-07-20T19:20:00+00:00,328.2499999999997,328.5599999999997,328.0499999999997,328.52999999999975,851
2026-07-20T19:25:00+00:00,328.52999999999975,329.0599999999997,328.5099999999997,329.03999999999974,918
2026-07-20T19:30:00+00:00,329.03999999999974,329.77999999999975,328.90999999999974,329.34999999999974,980
2026-07-20T19:35:00+00:00,329.34999999999974,329.34999999999974,328.38999999999976,328.83999999999975,1164
2026-07-20T19:40:00+00:00,328.83999999999975,328.95999999999975,327.97999999999973,328.0699999999997,791
2026-07-20T19:45:00+00:00,328.0699999999997,328.34999999999974,327.8199999999997,328.3099999999997,703
2026-07-20T19:50:00+00:00,328.3099999999997,328.3099999999997,326.82999999999976,327.08999999999975,999
2026-07-20T19:55:00+00:00,327.08999999999975,327.08999999999975,326.3099999999997,326.7999999999997,1685
2026-07-21T13:30:00+00:00,326.7999999999997,326.7999999999997,322.59999999999974,325.03999999999974,1568
2026-07-21T13:35:00+00:00,325.03999999999974,325.1799999999997,323.8199999999997,324.7499999999997,1853
2026-07-21T13:40:00+00:00,324.7499999999997,325.58999999999975,323.9299999999997,324.78999999999974,1862
2026-07-21T13:45:00+00:00,324.78999999999974,324.82999999999976,322.57999999999976,323.0699999999997,1785
2026-07-21T13:50:00+00:00,323.0699999999997,323.1299999999997,322.3199999999997,322.32999999999976,1219
2026-07-21T13:55:00+00:00,322.32999999999976,324.59999999999974,322.2399999999997,324.13999999999976,1158
2026-07-21T14:00:00+00:00,324.13999999999976,324.85999999999973,324.01999999999975,324.66999999999973,1249
2026-07-21T14:05:00+00:00,324.66999999999973,325.6799999999997,324.3199999999997,325.45999999999975,1162
2026-07-21T14:10:00+00:00,325.45999999999975,326.1999999999997,325.2599999999997,326.01999999999975,1110
2026-07-21T14:15:00+00:00,326.01999999999975,326.3199999999997,325.64999999999975,325.97999999999973,996
2026-07-21T14:20:00+00:00,325.97999999999973,326.39999999999975,325.71999999999974,326.10999999999973,885
2026-07-21T14:25:00+00:00,326.10999999999973,327.0499999999997,326.0599999999997,326.7499999999997,887
2026-07-21T14:30:00+00:00,326.7499999999997,326.84999999999974,326.26999999999975,326.66999999999973,899
2026-07-21T14:35:00+00:00,326.66999999999973,326.7999999999997,326.33999999999975,326.7599999999997,762
2026-07-21T14:40:00+00:00,326.7599999999997,327.3799999999997,326.5699999999997,327.26999999999975,924
2026-07-21T14:45:00+00:00,327.26999999999975,327.46999999999974,326.78999999999974,326.9499999999997,963
2026-07-21T14:50:00+00:00,326.9499999999997,327.14999999999975,326.76999999999975,326.95999999999975,814
2026-07-21T14:55:00+00:00,326.95999999999975,327.20999999999975,326.7599999999997,327.07999999999976,783
2026-07-21T15:00:00+00:00,327.07999999999976,327.2499999999997,326.34999999999974,326.5599999999997,795
2026-07-21T15:05:00+00:00,326.5599999999997,326.58999999999975,326.2599999999997,326.5599999999997,852
2026-07-21T15:10:00+00:00,326.5599999999997,327.97999999999973,326.5599999999997,327.4399999999997,1353
2026-07-21T15:15:00+00:00,327.4399999999997,327.78999999999974,327.3199999999997,327.41999999999973,731
2026-07-21T15:20:00+00:00,327.41999999999973,328.2599999999997,327.1999999999997,328.14999999999975,962
2026-07-21T15:25:00+00:00,328.14999999999975,328.5099999999997,327.9899999999997,328.3799999999997,753
2026-07-21T15:30:00+00:00,328.3799999999997,328.5099999999997,327.7399999999997,327.9399999999997,838
2026-07-21T15:35:00+00:00,327.9399999999997,328.1899999999997,327.8099999999997,327.9399999999997,672
2026-07-21T15:40:00+00:00,327.9399999999997,328.72999999999973,327.84999999999974,328.4999999999997,649
2026-07-21T15:45:00+00:00,328.4999999999997,329.0099999999997,328.40999999999974,328.7399999999997,560
2026-07-21T15:50:00+00:00,328.7399999999997,329.02999999999975,328.6199999999997,328.88999999999976,438
2026-07-21T15:55:00+00:00,328.88999999999976,329.02999999999975,328.3199999999997,328.76999999999975,514
2026-07-21T16:00:00+00:00,328.76999999999975,328.9299999999997,328.32999999999976,328.7499999999997,611
2026-07-21T16:05:00+00:00,328.7499999999997,329.2499999999997,328.66999999999973,329.22999999999973,503
2026-07-21T16:10:00+00:00,329.22999999999973,329.63999999999976,328.9999999999997,329.6199999999997,553
2026-07-21T16:15:00+00:00,329.6199999999997,329.6199999999997,329.14999999999975,329.1999999999997,574
2026-07-21T16:20:00+00:00,329.1999999999997,329.3799999999997,328.70999999999975,328.77999999999975,550
2026-07-21T16:25:00+00:00,328.77999999999975,328.9999999999997,328.59999999999974,328.65999999999974,553
2026-07-21T16:30:00+00:00,328.65999999999974,328.8699999999997,328.26999999999975,328.7399999999997,669
2026-07-21T16:35:00+00:00,328.7399999999997,328.78999999999974,328.21999999999974,328.2599999999997,639
2026-07-21T16:40:00+00:00,328.2599999999997,328.34999999999974,327.57999999999976,327.9299999999997,676
2026-07-21T16:45:00+00:00,327.9299999999997,328.03999999999974,327.45999999999975,327.70999999999975,609
2026-07-21T16:50:00+00:00,327.70999999999975,327.7999999999997,327.45999999999975,327.63999999999976,509
2026-07-21T16:55:00+00:00,327.63999999999976,328.5099999999997,327.63999999999976,328.46999999999974,666
2026-07-21T17:00:00+00:00,328.46999999999974,328.5099999999997,327.70999999999975,327.8799999999997,870
2026-07-21T17:05:00+00:00,327.8799999999997,328.78999999999974,327.84999999999974,328.58999999999975,656
2026-07-21T17:10:00+00:00,328.58999999999975,328.78999999999974,328.0599999999997,328.1999999999997,636
2026-07-21T17:15:00+00:00,328.1999999999997,328.39999999999975,327.8099999999997,328.0499999999997,547
2026-07-21T17:20:00+00:00,328.0499999999997,328.4899999999997,327.91999999999973,328.1899999999997,682
2026-07-21T17:25:00+00:00,328.1899999999997,328.1999999999997,327.01999999999975,327.07999999999976,446
2026-07-21T17:30:00+00:00,327.07999999999976,327.2999999999997,326.8699999999997,326.9999999999997,578
2026-07-21T17:35:00+00:00,326.9999999999997,327.33999999999975,326.96999999999974,327.0699999999997,518
2026-07-21T17:40:00+00:00,327.0699999999997,327.14999999999975,326.76999999999975,326.91999999999973,434
2026-07-21T17:45:00+00:00,326.91999999999973,327.26999999999975,326.89999999999975,327.2599999999997,425
2026-07-21T17:50:00+00:00,327.2599999999997,327.77999999999975,327.1999999999997,327.6999999999997,531
2026-07-21T17:55:00+00:00,327.6999999999997,327.8799999999997,327.5499999999997,327.65999999999974,428
2026-07-21T18:00:00+00:00,327.65999999999974,327.8099999999997,327.4499999999997,327.5099999999997,414
2026-07-21T18:05:00+00:00,327.5099999999997,327.60999999999973,327.2499999999997,327.28999999999974,438
2026-07-21T18:10:00+00:00,327.28999999999974,327.58999999999975,327.26999999999975,327.52999999999975,373
2026-07-21T18:15:00+00:00,327.52999999999975,327.65999999999974,327.32999999999976,327.60999999999973,449
2026-07-21T18:20:00+00:00,327.60999999999973,327.6199999999997,327.10999999999973,327.14999999999975,407
2026-07-21T18:25:00+00:00,327.14999999999975,327.2999999999997,326.9499999999997,327.21999999999974,497
2026-07-21T18:30:00+00:00,327.21999999999974,327.6799999999997,327.14999999999975,327.46999999999974,433
2026-07-21T18:35:00+00:00,327.46999999999974,327.78999999999974,327.3699999999997,327.7599999999997,380
2026-07-21T18:40:00+00:00,327.7599999999997,328.3799999999997,327.6999999999997,328.2499999999997,405
2026-07-21T18:45:00+00:00,328.2499999999997,328.3099999999997,327.97999999999973,328.09999999999974,433
2026-07-21T18:50:00+00:00,328.09999999999974,328.35999999999973,328.02999999999975,328.35999999999973,354
2026-07-21T18:55:00+00:00,328.35999999999973,328.4299999999997,328.10999999999973,328.16999999999973,385
2026-07-21T19:00:00+00:00,328.16999999999973,328.28999999999974,327.96999999999974,328.14999999999975,380
2026-07-21T19:05:00+00:00,328.14999999999975,328.32999999999976,328.0499999999997,328.2599999999997,292
2026-07-21T19:10:00+00:00,328.2599999999997,328.52999999999975,327.4999999999997,327.70999999999975,503
2026-07-21T19:15:00+00:00,327.70999999999975,328.13999999999976,327.5099999999997,328.0099999999997,444
2026-07-21T19:20:00+00:00,328.0099999999997,328.0599999999997,327.4999999999997,327.5599999999997,364
2026-07-21T19:25:00+00:00,327.5599999999997,328.03999999999974,327.4999999999997,327.91999999999973,390
2026-07-21T19:30:00+00:00,327.91999999999973,328.13999999999976,327.58999999999975,327.71999999999974,602
2026-07-21T19:35:00+00:00,327.71999999999974,327.95999999999975,327.71999999999974,327.83999999999975,413
2026-07-21T19:40:00+00:00,327.83999999999975,327.9999999999997,327.5699999999997,327.82999999999976,509
2026-07-21T19:45:00+00:00,327.82999999999976,327.9299999999997,327.4299999999997,327.7999999999997,687
2026-07-21T19:50:00+00:00,327.7999999999997,328.10999999999973,327.47999999999973,327.72999999999973,902
2026-07-21T19:55:00+00:00,327.72999999999973,327.96999999999974,327.32999999999976,327.71999999999974,1284
2026-07-22T13:30:00+00:00,327.71999999999974,328.82999999999976,326.15999999999974,326.65999999999974,1492
2026-07-22T13:35:00+00:00,326.65999999999974,328.33999999999975,325.6999999999997,327.34999999999974,1728
2026-07-22T13:40:00+00:00,327.34999999999974,327.72999999999973,326.08999999999975,326.21999999999974,1386
2026-07-22T13:45:00+00:00,326.21999999999974,327.27999999999975,326.1199999999997,326.89999999999975,1297
2026-07-22T13:50:00+00:00,326.89999999999975,326.89999999999975,325.82999999999976,326.02999999999975,1353
2026-07-22T13:55:00+00:00,326.02999999999975,326.3699999999997,325.7599999999997,325.90999999999974,1442
2026-07-22T14:00:00+00:00,325.90999999999974,326.14999999999975,325.4499999999997,325.53999999999974,1315
2026-07-22T14:05:00+00:00,325.53999999999974,326.0699999999997,325.2499999999997,325.5699999999997,1213
2026-07-22T14:10:00+00:00,325.5699999999997,325.8699999999997,324.9499999999997,324.95999999999975,1444
2026-07-22T14:15:00+00:00,324.95999999999975,325.39999999999975,324.9299999999997,324.96999999999974,945
2026-07-22T14:20:00+00:00,324.96999999999974,325.0499999999997,324.63999999999976,324.76999999999975,1062
2026-07-22T14:25:00+00:00,324.76999999999975,324.91999999999973,324.34999999999974,324.5099999999997,1232
2026-07-22T14:30:00+00:00,324.5099999999997,324.72999999999973,324.1199999999997,324.51999999999975,1397
2026-07-22T14:35:00+00:00,324.51999999999975,325.03999999999974,324.21999999999974,324.9499999999997,1228
2026-07-22T14:40:00+00:00,324.9499999999997,324.97999999999973,324.5499999999997,324.78999999999974,1140
2026-07-22T14:45:00+00:00,324.78999999999974,325.13999999999976,324.6999999999997,325.0499999999997,907
2026-07-22T14:50:00+00:00,325.0499999999997,325.4999999999997,324.8799999999997,325.34999999999974,826
2026-07-22T14:55:00+00:00,325.34999999999974,325.63999999999976,325.0499999999997,325.63999999999976,1149
2026-07-22T15:00:00+00:00,325.63999999999976,325.6999999999997,324.7499999999997,324.78999999999974,1195
2026-07-22T15:05:00+00:00,324.78999999999974,324.89999999999975,324.35999999999973,324.72999999999973,1156
2026-07-22T15:10:00+00:00,324.72999999999973,324.78999999999974,324.15999999999974,324.2999999999997,999
2026-07-22T15:15:00+00:00,324.2999999999997,324.5499999999997,324.2599999999997,324.46999999999974,977
2026-07-22T15:20:00+00:00,324.46999999999974,325.07999999999976,324.3699999999997,325.01999999999975,1033
2026-07-22T15:25:00+00:00,325.01999999999975,325.8099999999997,324.96999999999974,325.76999999999975,1071
2026-07-22T15:30:00+00:00,325.76999999999975,325.91999999999973,325.2599999999997,325.32999999999976,992
2026-07-22T15:35:00+00:00,325.32999999999976,325.52999999999975,325.22999999999973,325.39999999999975,965
2026-07-22T15:40:00+00:00,325.39999999999975,325.4999999999997,325.2499999999997,325.39999999999975,880
2026-07-22T15:45:00+00:00,325.39999999999975,325.39999999999975,324.97999999999973,325.2599999999997,869
2026-07-22T15:50:00+00:00,325.2599999999997,325.40999999999974,325.0499999999997,325.34999999999974,816
2026-07-22T15:55:00+00:00,325.34999999999974,325.53999999999974,324.95999999999975,325.0599999999997,814
2026-07-22T16:00:00+00:00,325.0599999999997,325.07999999999976,324.40999999999974,324.5099999999997,871
2026-07-22T16:05:00+00:00,324.5099999999997,324.83999999999975,324.39999999999975,324.6199999999997,753
2026-07-22T16:10:00+00:00,324.6199999999997,324.70999999999975,324.4499999999997,324.5099999999997,721
2026-07-22T16:15:00+00:00,324.5099999999997,324.97999999999973,324.46999999999974,324.89999999999975,646
2026-07-22T16:20:00+00:00,324.89999999999975,325.03999999999974,324.6299999999997,324.83999999999975,711
2026-07-22T16:25:00+00:00,324.83999999999975,324.9899999999997,324.7499999999997,324.89999999999975,526
2026-07-22T16:30:00+00:00,324.89999999999975,324.96999999999974,324.0599999999997,324.0599999999997,641
2026-07-22T16:35:00+00:00,324.0599999999997,324.1899999999997,323.84999999999974,323.97999999999973,707
2026-07-22T16:40:00+00:00,323.97999999999973,324.5599999999997,323.96999999999974,324.5599999999997,532
2026-07-22T16:45:00+00:00,324.5599999999997,324.6899999999997,324.3099999999997,324.3099999999997,502
2026-07-22T16:50:00+00:00,324.3099999999997,324.4299999999997,324.09999999999974,324.16999999999973,491
2026-07-22T16:55:00+00:00,324.16999999999973,324.33999999999975,324.10999999999973,324.2399999999997,543
2026-07-22T17:00:00+00:00,324.2399999999997,324.3199999999997,323.9399999999997,323.96999999999974,566
2026-07-22T17:05:00+00:00,323.96999999999974,324.1199999999997,323.8699999999997,323.9899999999997,466
2026-07-22T17:10:00+00:00,323.9899999999997,324.01999999999975,323.6799999999997,323.91999999999973,566
2026-07-22T17:15:00+00:00,323.91999999999973,324.03999999999974,323.76999999999975,323.83999999999975,614
2026-07-22T17:20:00+00:00,323.83999999999975,323.8699999999997,323.4999999999997,323.63999999999976,657
2026-07-22T17:25:00+00:00,323.63999999999976,323.78999999999974,323.38999999999976,323.66999999999973,664
2026-07-22T17:30:00+00:00,323.66999999999973,323.91999999999973,323.5499999999997,323.82999999999976,513
2026-07-22T17:35:00+00:00,323.82999999999976,323.9299999999997,323.71999999999974,323.7399999999997,530
2026-07-22T17:40:00+00:00,323.7399999999997,324.0499999999997,323.6199999999997,323.8699999999997,523
2026-07-22T17:45:00+00:00,323.8699999999997,323.91999999999973,323.70999999999975,323.85999999999973,491
2026-07-22T17:50:00+00:00,323.85999999999973,323.9999999999997,323.72999999999973,323.9299999999997,475
2026-07-22T17:55:00+00:00,323.9299999999997,324.0099999999997,323.8099999999997,323.9999999999997,449
2026-07-22T18:00:00+00:00,323.9999999999997,324.02999999999975,323.5499999999997,323.82999999999976,546
2026-07-22T18:05:00+00:00,323.82999999999976,323.9899999999997,323.6899999999997,323.8099999999997,439
2026-07-22T18:10:00+00:00,323.8099999999997,324.03999999999974,323.8099999999997,323.91999999999973,532
2026-07-22T18:15:00+00:00,323.91999999999973,324.01999999999975,323.7399999999997,323.90999999999974,500
2026-07-22T18:20:00+00:00,323.90999999999974,323.9999999999997,323.82999999999976,323.88999999999976,373
2026-07-22T18:25:00+00:00,323.88999999999976,324.0499999999997,323.88999999999976,323.9899999999997,238
2026-07-22T18:30:00+00:00,323.9899999999997,324.2599999999997,323.8799999999997,324.1799999999997,416
2026-07-22T18:35:00+00:00,324.1799999999997,324.4299999999997,323.97999999999973,324.35999999999973,490
2026-07-22T18:40:00+00:00,324.35999999999973,324.53999999999974,324.34999999999974,324.4899999999997,467
2026-07-22T18:45:00+00:00,324.4899999999997,324.70999999999975,324.34999999999974,324.6299999999997,431
2026-07-22T18:50:00+00:00,324.6299999999997,324.71999999999974,324.34999999999974,324.4499999999997,713
2026-07-22T18:55:00+00:00,324.4499999999997,324.47999999999973,324.20999999999975,324.3099999999997,548
2026-07-22T19:00:00+00:00,324.3099999999997,324.47999999999973,324.21999999999974,324.3099999999997,505
2026-07-22T19:05:00+00:00,324.3099999999997,324.53999999999974,324.1799999999997,324.4899999999997,479
2026-07-22T19:10:00+00:00,324.4899999999997,324.5099999999997,324.2499999999997,324.46999999999974,566
2026-07-22T19:15:00+00:00,324.46999999999974,324.5699999999997,324.2599999999997,324.32999999999976,606
2026-07-22T19:20:00+00:00,324.32999999999976,324.59999999999974,324.26999999999975,324.4499999999997,406
2026-07-22T19:25:00+00:00,324.4499999999997,324.53999999999974,324.2999999999997,324.41999999999973,260
2026-07-22T19:30:00+00:00,324.41999999999973,324.58999999999975,324.1899999999997,324.27999999999975,547
2026-07-22T19:35:00+00:00,324.27999999999975,324.4399999999997,324.0699999999997,324.40999999999974,552
2026-07-22T19:40:00+00:00,324.40999999999974,324.59999999999974,323.9899999999997,324.4499999999997,949
2026-07-22T19:45:00+00:00,324.4499999999997,325.7999999999997,324.40999999999974,325.6999999999997,904
2026-07-22T19:50:00+00:00,325.6999999999997,326.88999999999976,325.1799999999997,326.1999999999997,1545
2026-07-22T19:55:00+00:00,326.1999999999997,326.7399999999997,325.7599999999997,325.8199999999997,1601
2026-07-23T13:30:00+00:00,325.8199999999997,325.8199999999997,320.84999999999974,321.78999999999974,1228
2026-07-23T13:35:00+00:00,321.78999999999974,323.1999999999997,321.4999999999997,321.5599999999997,1577
2026-07-23T13:40:00+00:00,321.5599999999997,321.95999999999975,320.85999999999973,320.8699999999997,1293
2026-07-23T13:45:00+00:00,320.8699999999997,321.08999999999975,319.45999999999975,319.59999999999974,1521
2026-07-23T13:50:00+00:00,319.59999999999974,320.3199999999997,319.35999999999973,319.65999999999974,1315
2026-07-23T13:55:00+00:00,319.65999999999974,320.40999999999974,319.5499999999997,320.0599999999997,1210
2026-07-23T14:00:00+00:00,320.0599999999997,321.76999999999975,319.78999999999974,321.5599999999997,1317
2026-07-23T14:05:00+00:00,321.5599999999997,321.9299999999997,320.71999999999974,320.78999999999974,1270
2026-07-23T14:10:00+00:00,320.78999999999974,321.01999999999975,319.97999999999973,320.83999999999975,1248
2026-07-23T14:15:00+00:00,320.83999999999975,321.33999999999975,320.2399999999997,320.71999999999974,1029
2026-07-23T14:20:00+00:00,320.71999999999974,321.78999999999974,320.57999999999976,321.4399999999997,902
2026-07-23T14:25:00+00:00,321.4399999999997,321.66999999999973,321.2499999999997,321.45999999999975,973
2026-07-23T14:30:00+00:00,321.45999999999975,322.51999999999975,321.4399999999997,322.3099999999997,1310
2026-07-23T14:35:00+00:00,322.3099999999997,322.9299999999997,322.09999999999974,322.6799999999997,1267
2026-07-23T14:40:00+00:00,322.6799999999997,322.7999999999997,321.5599999999997,321.8699999999997,1441
2026-07-23T14:45:00+00:00,321.8699999999997,322.0499999999997,321.27999999999975,321.35999999999973,1461
2026-07-23T14:50:00+00:00,321.35999999999973,321.35999999999973,320.88999999999976,321.16999999999973,1078
2026-07-23T14:55:00+00:00,321.16999999999973,321.34999999999974,320.90999999999974,321.2499999999997,1129
2026-07-23T15:00:00+00:00,321.2499999999997,321.66999999999973,321.08999999999975,321.33999999999975,1308
2026-07-23T15:05:00+00:00,321.33999999999975,321.6899999999997,320.7399999999997,321.46999999999974,1383
2026-07-23T15:10:00+00:00,321.46999999999974,322.0099999999997,321.21999999999974,321.85999999999973,1591
2026-07-23T15:15:00+00:00,321.85999999999973,322.1299999999997,321.5499999999997,322.01999999999975,1310
2026-07-23T15:20:00+00:00,322.01999999999975,322.26999999999975,321.3099999999997,321.4999999999997,1400
2026-07-23T15:25:00+00:00,321.4999999999997,321.52999999999975,321.21999999999974,321.26999999999975,1122
2026-07-23T15:30:00+00:00,321.26999999999975,321.3199999999997,320.7599999999997,321.08999999999975,1194
2026-07-23T15:35:00+00:00,321.08999999999975,321.10999999999973,320.58999999999975,320.96999999999974,1219
2026-07-23T15:40:00+00:00,320.96999999999974,321.16999999999973,320.59999999999974,320.88999999999976,1340
2026-07-23T15:45:00+00:00,320.88999999999976,321.0699999999997,320.46999999999974,320.77999999999975,1028
2026-07-23T15:50:00+00:00,320.77999999999975,320.78999999999974,320.46999999999974,320.6899999999997,866
2026-07-23T15:55:00+00:00,320.6899999999997,321.0099999999997,320.5699999999997,320.85999999999973,604
2026-07-23T16:00:00+00:00,320.85999999999973,320.9999999999997,320.38999999999976,320.59999999999974,901
2026-07-23T16:05:00+00:00,320.59999999999974,321.3699999999997,320.34999999999974,321.28999999999974,1048
2026-07-23T16:10:00+00:00,321.28999999999974,321.5699999999997,321.10999999999973,321.4299999999997,724
2026-07-23T16:15:00+00:00,321.4299999999997,321.5499999999997,320.88999999999976,321.0499999999997,722
2026-07-23T16:20:00+00:00,321.0499999999997,321.4999999999997,320.8099999999997,321.34999999999974,892
2026-07-23T16:25:00+00:00,321.34999999999974,321.3699999999997,320.10999999999973,320.2999999999997,917
2026-07-23T16:30:00+00:00,320.2999999999997,320.4499999999997,320.0499999999997,320.16999999999973,1038
2026-07-23T16:35:00+00:00,320.16999999999973,320.39999999999975,320.0599999999997,320.32999999999976,756
2026-07-23T16:40:00+00:00,320.32999999999976,320.58999999999975,320.15999999999974,320.53999999999974,902
2026-07-23T16:45:00+00:00,320.53999999999974,320.8099999999997,320.3199999999997,320.3799999999997,695
2026-07-23T16:50:00+00:00,320.3799999999997,320.71999999999974,320.26999999999975,320.5099999999997,707
2026-07-23T16:55:00+00:00,320.5099999999997,320.9299999999997,320.40999999999974,320.6899999999997,857
2026-07-23T17:00:00+00:00,320.6899999999997,321.01999999999975,320.53999999999974,320.6799999999997,949
2026-07-23T17:05:00+00:00,320.6799999999997,320.70999999999975,320.3799999999997,320.65999999999974,962
2026-07-23T17:10:00+00:00,320.65999999999974,320.77999999999975,320.5599999999997,320.60999999999973,605
2026-07-23T17:15:00+00:00,320.60999999999973,320.72999999999973,320.3199999999997,320.3799999999997,756
2026-07-23T17:20:00+00:00,320.3799999999997,320.85999999999973,320.3799999999997,320.85999999999973,752
2026-07-23T17:25:00+00:00,320.85999999999973,321.0599999999997,320.8199999999997,320.8699999999997,631
2026-07-23T17:30:00+00:00,320.8699999999997,321.07999999999976,320.70999999999975,320.78999999999974,858
2026-07-23T17:35:00+00:00,320.78999999999974,320.82999999999976,320.35999999999973,320.5599999999997,676
2026-07-23T17:40:00+00:00,320.5599999999997,320.78999999999974,320.45999999999975,320.70999999999975,652
2026-07-23T17:45:00+00:00,320.70999999999975,321.2499999999997,320.5599999999997,321.15999999999974,668
2026-07-23T17:50:00+00:00,321.15999999999974,321.4499999999997,320.90999999999974,320.91999999999973,536
2026-07-23T17:55:00+00:00,320.91999999999973,320.9499999999997,320.3799999999997,320.51999999999975,693
2026-07-23T18:00:00+00:00,320.51999999999975,320.64999999999975,320.35999999999973,320.47999999999973,753
2026-07-23T18:05:00+00:00,320.47999999999973,320.4999999999997,320.03999999999974,320.1199999999997,825
2026-07-23T18:10:00+00:00,320.1199999999997,320.2599999999997,320.0599999999997,320.1799999999997,564
2026-07-23T18:15:00+00:00,320.1799999999997,320.41999999999973,320.10999999999973,320.1799999999997,543
2026-07-23T18:20:00+00:00,320.1799999999997,320.4499999999997,320.15999999999974,320.4499999999997,581
2026-07-23T18:25:00+00:00,320.4499999999997,320.45999999999975,320.07999999999976,320.3099999999997,583
2026-07-23T18:30:00+00:00,320.3099999999997,320.52999999999975,320.09999999999974,320.09999999999974,607
2026-07-23T18:35:00+00:00,320.09999999999974,320.2499999999997,319.8699999999997,319.89999999999975,512
2026-07-23T18:40:00+00:00,319.89999999999975,320.1199999999997,319.7999999999997,320.0499999999997,436
2026-07-23T18:45:00+00:00,320.0499999999997,320.45999999999975,320.0499999999997,320.39999999999975,551
2026-07-23T18:50:00+00:00,320.39999999999975,320.45999999999975,320.1299999999997,320.14999999999975,453
2026-07-23T18:55:00+00:00,320.14999999999975,320.76999999999975,320.13999999999976,320.7599999999997,598
2026-07-23T19:00:00+00:00,320.7599999999997,321.03999999999974,320.7499999999997,320.7999999999997,421
2026-07-23T19:05:00+00:00,320.7999999999997,321.0699999999997,320.57999999999976,320.7999999999997,498
2026-07-23T19:10:00+00:00,320.7999999999997,320.8699999999997,320.3699999999997,320.70999999999975,607
2026-07-23T19:15:00+00:00,320.70999999999975,320.9399999999997,320.5699999999997,320.76999999999975,460
2026-07-23T19:20:00+00:00,320.76999999999975,321.2399999999997,320.76999999999975,321.03999999999974,699
2026-07-23T19:25:00+00:00,321.03999999999974,321.10999999999973,320.3799999999997,320.39999999999975,500
2026-07-23T19:30:00+00:00,320.39999999999975,320.4999999999997,320.0699999999997,320.3199999999997,863
2026-07-23T19:35:00+00:00,320.3199999999997,320.72999999999973,320.16999999999973,320.71999999999974,658
2026-07-23T19:40:00+00:00,320.71999999999974,321.26999999999975,320.70999999999975,321.10999999999973,838
2026-07-23T19:45:00+00:00,321.10999999999973,321.22999999999973,320.57999999999976,320.63999999999976,828
2026-07-23T19:50:00+00:00,320.63999999999976,321.3199999999997,320.46999999999974,320.9399999999997,1318
2026-07-23T19:55:00+00:00,320.9399999999997,322.0099999999997,320.9399999999997,321.52999999999975,2049
2026-07-24T13:30:00+00:00,321.52999999999975,325.3099999999997,321.52999999999975,324.72999999999973,1664
2026-07-24T13:35:00+00:00,324.72999999999973,325.88999999999976,324.53999999999974,325.22999999999973,1546
2026-07-24T13:40:00+00:00,325.22999999999973,325.9499999999997,324.9499999999997,325.66999999999973,1620
2026-07-24T13:45:00+00:00,325.66999999999973,327.5099999999997,325.5499999999997,326.7999999999997,1762
2026-07-24T13:50:00+00:00,326.7999999999997,327.41999999999973,326.26999999999975,327.32999999999976,1531
2026-07-24T13:55:00+00:00,327.32999999999976,327.78999999999974,326.7399999999997,326.7999999999997,1736
2026-07-24T14:00:00+00:00,326.7999999999997,327.6999999999997,326.7999999999997,327.41999999999973,1969
2026-07-24T14:05:00+00:00,327.41999999999973,328.2499999999997,327.3099999999997,328.14999999999975,1612
2026-07-24T14:10:00+00:00,328.14999999999975,328.65999999999974,328.0599999999997,328.0599999999997,1549
2026-07-24T14:15:00+00:00,328.0599999999997,328.59999999999974,327.8199999999997,328.22999999999973,1697
2026-07-24T14:20:00+00:00,328.22999999999973,329.4299999999997,328.14999999999975,329.26999999999975,1472
2026-07-24T14:25:00+00:00,329.26999999999975,329.4399999999997,328.57999999999976,328.77999999999975,1586
2026-07-24T14:30:00+00:00,328.77999999999975,329.3799999999997,328.7499999999997,329.1899999999997,1611
2026-07-24T14:35:00+00:00,329.1899999999997,329.6799999999997,329.14999999999975,329.3099999999997,1452
2026-07-24T14:40:00+00:00,329.3099999999997,329.8099999999997,329.2999999999997,329.39999999999975,1606
2026-07-24T14:45:00+00:00,329.39999999999975,329.6799999999997,329.2399999999997,329.47999999999973,1580
2026-07-24T14:50:00+00:00,329.47999999999973,330.21999999999974,329.28999999999974,329.7399999999997,1286
2026-07-24T14:55:00+00:00,329.7399999999997,330.2599999999997,329.5499999999997,329.9399999999997,1436
2026-07-24T15:00:00+00:00,329.9399999999997,330.5099999999997,329.7499999999997,330.3799999999997,1325
2026-07-24T15:05:00+00:00,330.3799999999997,330.6799999999997,330.15999999999974,330.39999999999975,1420
2026-07-24T15:10:00+00:00,330.39999999999975,331.38999999999976,330.15999999999974,331.3199999999997,1798
2026-07-24T15:15:00+00:00,331.3199999999997,331.63999999999976,331.0499999999997,331.16999999999973,1618
2026-07-24T15:20:00+00:00,331.16999999999973,331.5499999999997,331.14999999999975,331.45999999999975,1269
2026-07-24T15:25:00+00:00,331.45999999999975,331.9399999999997,331.34999999999974,331.72999999999973,1302
2026-07-24T15:30:00+00:00,331.72999999999973,332.32999999999976,331.58999999999975,332.22999999999973,1107
2026-07-24T15:35:00+00:00,332.22999999999973,332.6999999999997,332.21999999999974,332.6899999999997,1201
2026-07-24T15:40:00+00:00,332.6899999999997,333.27999999999975,332.66999999999973,332.85999999999973,1137
2026-07-24T15:45:00+00:00,332.85999999999973,333.21999999999974,332.77999999999975,332.9499999999997,912
2026-07-24T15:50:00+00:00,332.9499999999997,333.6299999999997,332.9499999999997,333.35999999999973,843
2026-07-24T15:55:00+00:00,333.35999999999973,333.4499999999997,332.8799999999997,333.0499999999997,1253
2026-07-24T16:00:00+00:00,333.0499999999997,333.84999999999974,332.9999999999997,333.71999999999974,970
2026-07-24T16:05:00+00:00,333.71999999999974,334.10999999999973,333.07999999999976,333.09999999999974,1140
2026-07-24T16:10:00+00:00,333.09999999999974,333.2999999999997,332.6899999999997,333.2499999999997,1257
2026-07-24T16:15:00+00:00,333.2499999999997,333.77999999999975,332.9899999999997,333.66999999999973,835
2026-07-24T16:20:00+00:00,333.66999999999973,334.3799999999997,333.65999999999974,333.97999999999973,948
2026-07-24T16:25:00+00:00,333.97999999999973,334.2599999999997,333.6799999999997,333.71999999999974,863
2026-07-24T16:30:00+00:00,333.71999999999974,333.83999999999975,333.35999999999973,333.57999999999976,877
2026-07-24T16:35:00+00:00,333.57999999999976,333.95999999999975,333.47999999999973,333.7499999999997,806
2026-07-24T16:40:00+00:00,333.7499999999997,333.9499999999997,333.4999999999997,333.60999999999973,763
2026-07-24T16:45:00+00:00,333.60999999999973,333.7399999999997,332.95999999999975,333.07999999999976,883
2026-07-24T16:50:00+00:00,333.07999999999976,333.1899999999997,332.6799999999997,332.96999999999974,817
2026-07-24T16:55:00+00:00,332.96999999999974,333.2399999999997,332.83999999999975,333.15999999999974,897
2026-07-24T17:00:00+00:00,333.15999999999974,333.5099999999997,332.88999999999976,332.89999999999975,1005
2026-07-24T17:05:00+00:00,332.89999999999975,333.0499999999997,332.5599999999997,332.6899999999997,989
2026-07-24T17:10:00+00:00,332.6899999999997,332.84999999999974,332.4299999999997,332.51999999999975,887
2026-07-24T17:15:00+00:00,332.51999999999975,332.78999999999974,332.34999999999974,332.4299999999997,679
2026-07-24T17:20:00+00:00,332.4299999999997,332.66999999999973,332.16999999999973,332.3099999999997,794
2026-07-24T17:25:00+00:00,332.3099999999997,332.4999999999997,332.16999999999973,332.38999999999976,592
2026-07-24T17:30:00+00:00,332.38999999999976,333.1999999999997,332.3799999999997,332.85999999999973,855
2026-07-24T17:35:00+00:00,332.85999999999973,333.0599999999997,332.60999999999973,332.8199999999997,668
2026-07-24T17:40:00+00:00,332.8199999999997,333.09999999999974,332.6899999999997,332.91999999999973,776
2026-07-24T17:45:00+00:00,332.91999999999973,333.15999999999974,332.77999999999975,333.03999999999974,707
2026-07-24T17:50:00+00:00,333.03999999999974,333.09999999999974,332.77999999999975,332.96999999999974,563
2026-07-24T17:55:00+00:00,332.96999999999974,332.9899999999997,332.6299999999997,332.63999999999976,634
2026-07-24T18:00:00+00:00,332.63999999999976,332.8799999999997,332.63999999999976,332.7599999999997,682
2026-07-24T18:05:00+00:00,332.7599999999997,333.1999999999997,332.72999999999973,332.8199999999997,638
2026-07-24T18:10:00+00:00,332.8199999999997,332.89999999999975,332.47999999999973,332.4899999999997,660
2026-07-24T18:15:00+00:00,332.4899999999997,332.77999999999975,332.35999999999973,332.5699999999997,739
2026-07-24T18:20:00+00:00,332.5699999999997,332.6199999999997,332.28999999999974,332.39999999999975,716
2026-07-24T18:25:00+00:00,332.39999999999975,332.53999999999974,332.1999999999997,332.3099999999997,926
2026-07-24T18:30:00+00:00,332.3099999999997,332.52999999999975,332.07999999999976,332.16999999999973,799
2026-07-24T18:35:00+00:00,332.16999999999973,332.63999999999976,332.10999999999973,332.52999999999975,1055
2026-07-24T18:40:00+00:00,332.52999999999975,332.5699999999997,332.0699999999997,332.26999999999975,1100
2026-07-24T18:45:00+00:00,332.26999999999975,332.72999999999973,332.20999999999975,332.6999999999997,834
2026-07-24T18:50:00+00:00,332.6999999999997,333.1299999999997,332.6799999999997,333.01999999999975,943
2026-07-24T18:55:00+00:00,333.01999999999975,333.21999999999974,332.85999999999973,332.96999999999974,895
2026-07-24T19:00:00+00:00,332.96999999999974,333.26999999999975,332.91999999999973,333.09999999999974,1041
2026-07-24T19:05:00+00:00,333.09999999999974,333.27999999999975,332.5599999999997,332.64999999999975,1048
2026-07-24T19:10:00+00:00,332.64999999999975,333.0599999999997,332.58999999999975,332.78999999999974,1010
2026-07-24T19:15:00+00:00,332.78999999999974,333.14999999999975,332.52999999999975,333.07999999999976,877
2026-07-24T19:20:00+00:00,333.07999999999976,333.14999999999975,332.63999999999976,332.84999999999974,885
2026-07-24T19:25:00+00:00,332.84999999999974,332.8699999999997,332.4999999999997,332.5499999999997,717
2026-07-24T19:30:00+00:00,332.5499999999997,332.60999999999973,332.3699999999997,332.39999999999975,872
2026-07-24T19:35:00+00:00,332.39999999999975,332.7399999999997,332.26999999999975,332.34999999999974,910
2026-07-24T19:40:00+00:00,332.34999999999974,332.8099999999997,332.33999999999975,332.78999999999974,1020
2026-07-24T19:45:00+00:00,332.78999999999974,332.91999999999973,331.88999999999976,331.96999999999974,1198
2026-07-24T19:50:00+00:00,331.96999999999974,333.4399999999997,331.96999999999974,333.20999999999975,1247
2026-07-24T19:55:00+00:00,333.20999999999975,333.4499999999997,332.6199999999997,333.13999999999976,1666
2026-07-27T13:30:00+00:00,333.13999999999976,337.09999999999974,333.13999999999976,335.41999999999973,2046
2026-07-27T13:35:00+00:00,335.41999999999973,336.46999999999974,334.27999999999975,335.76999999999975,1351
2026-07-27T13:40:00+00:00,335.76999999999975,335.9299999999997,334.9499999999997,334.96999999999974,1929
2026-07-27T13:45:00+00:00,334.96999999999974,336.8099999999997,334.95999999999975,335.3099999999997,2082
2026-07-27T13:50:00+00:00,335.3099999999997,335.39999999999975,334.57999999999976,334.77999999999975,2048
2026-07-27T13:55:00+00:00,334.77999999999975,335.65999999999974,334.07999999999976,335.52999999999975,2219
2026-07-27T14:00:00+00:00,335.52999999999975,336.90999999999974,335.26999999999975,335.77999999999975,2420
2026-07-27T14:05:00+00:00,335.77999999999975,336.76999999999975,335.66999999999973,336.3099999999997,2397
2026-07-27T14:10:00+00:00,336.3099999999997,336.7499999999997,335.9399999999997,336.6299999999997,2595
2026-07-27T14:15:00+00:00,336.6299999999997,337.8799999999997,336.57999999999976,337.64999999999975,2299
2026-07-27T14:20:00+00:00,337.64999999999975,338.14999999999975,337.1899999999997,337.7499999999997,2058
2026-07-27T14:25:00+00:00,337.7499999999997,337.9299999999997,337.07999999999976,337.66999999999973,2269
2026-07-27T14:30:00+00:00,337.66999999999973,337.84999999999974,336.85999999999973,337.4499999999997,2054
2026-07-27T14:35:00+00:00,337.4499999999997,337.6899999999997,336.9999999999997,337.6899999999997,1963
2026-07-27T14:40:00+00:00,337.6899999999997,337.91999999999973,336.2499999999997,336.35999999999973,2587
2026-07-27T14:45:00+00:00,336.35999999999973,337.58999999999975,336.15999999999974,337.40999999999974,1989
2026-07-27T14:50:00+00:00,337.40999999999974,337.53999999999974,336.64999999999975,336.8199999999997,1611
2026-07-27T14:55:00+00:00,336.8199999999997,338.3799999999997,336.8199999999997,338.2399999999997,1611
2026-07-27T15:00:00+00:00,338.2399999999997,339.52999999999975,338.1899999999997,339.15999999999974,1947
2026-07-27T15:05:00+00:00,339.15999999999974,339.4399999999997,338.59999999999974,338.66999999999973,1614
2026-07-27T15:10:00+00:00,338.66999999999973,339.2599999999997,338.59999999999974,339.03999999999974,1386
2026-07-27T15:15:00+00:00,339.03999999999974,339.2399999999997,338.6299999999997,338.8199999999997,1480
2026-07-27T15:20:00+00:00,338.8199999999997,338.9999999999997,338.2999999999997,338.6299999999997,1862
2026-07-27T15:25:00+00:00,338.6299999999997,338.9299999999997,338.46999999999974,338.78999999999974,1728
2026-07-27T15:30:00+00:00,338.78999999999974,339.59999999999974,338.57999999999976,339.39999999999975,1736
2026-07-27T15:35:00+00:00,339.39999999999975,339.39999999999975,337.39999999999975,337.53999999999974,2162
2026-07-27T15:40:00+00:00,337.53999999999974,338.33999999999975,337.10999999999973,338.27999999999975,1873
2026-07-27T15:45:00+00:00,338.27999999999975,338.5699999999997,337.8799999999997,338.26999999999975,1661
2026-07-27T15:50:00+00:00,338.26999999999975,338.46999999999974,337.6799999999997,337.9499999999997,1427
2026-07-27T15:55:00+00:00,337.9499999999997,337.9999999999997,336.7599999999997,337.10999999999973,1599
2026-07-27T16:00:00+00:00,337.10999999999973,337.4999999999997,337.0599999999997,337.3099999999997,1290
2026-07-27T16:05:00+00:00,337.3099999999997,337.3199999999997,337.0499999999997,337.1799999999997,1484
2026-07-27T16:10:00+00:00,337.1799999999997,337.5699999999997,337.1199999999997,337.28999999999974,1313
2026-07-27T16:15:00+00:00,337.28999999999974,337.8699999999997,337.20999999999975,337.5099999999997,1393
2026-07-27T16:20:00+00:00,337.5099999999997,337.71999999999974,337.3099999999997,337.58999999999975,1609
2026-07-27T16:25:00+00:00,337.58999999999975,338.02999999999975,337.34999999999974,337.47999999999973,1568
2026-07-27T16:30:00+00:00,337.47999999999973,337.77999999999975,337.39999999999975,337.72999999999973,564
2026-07-27T16:35:00+00:00,337.72999999999973,338.15999999999974,337.38999999999976,337.4499999999997,711
2026-07-27T16:40:00+00:00,337.4499999999997,337.5499999999997,336.5599999999997,336.77999999999975,1329
2026-07-27T16:45:00+00:00,336.77999999999975,336.83999999999975,336.4499999999997,336.47999999999973,1205
2026-07-27T16:50:00+00:00,336.47999999999973,336.63999999999976,336.16999999999973,336.39999999999975,1274
2026-07-27T16:55:00+00:00,336.39999999999975,336.72999999999973,336.08999999999975,336.6999999999997,1339
2026-07-27T17:00:00+00:00,336.6999999999997,336.8099999999997,336.0599999999997,336.07999999999976,1168
2026-07-27T17:05:00+00:00,336.07999999999976,336.3099999999997,335.9399999999997,336.3099999999997,1340
2026-07-27T17:10:00+00:00,336.3099999999997,336.4999999999997,336.14999999999975,336.3799999999997,1260
2026-07-27T17:15:00+00:00,336.3799999999997,336.41999999999973,335.66999999999973,335.96999999999974,1085
2026-07-27T17:20:00+00:00,335.96999999999974,336.4399999999997,335.83999999999975,336.4399999999997,1224
2026-07-27T17:25:00+00:00,336.4399999999997,336.7599999999997,336.0499999999997,336.0499999999997,1251
2026-07-27T17:30:00+00:00,336.0499999999997,336.47999999999973,336.0499999999997,336.47999999999973,883
2026-07-27T17:35:00+00:00,336.47999999999973,336.82999999999976,336.3199999999997,336.5599999999997,920
2026-07-27T17:40:00+00:00,336.5599999999997,336.60999999999973,336.13999999999976,336.2599999999997,896
2026-07-27T17:45:00+00:00,336.2599999999997,336.33999999999975,335.82999999999976,335.85999999999973,1037
2026-07-27T17:50:00+00:00,335.85999999999973,336.02999999999975,335.35999999999973,336.01999999999975,1332
2026-07-27T17:55:00+00:00,336.01999999999975,336.09999999999974,335.35999999999973,335.5099999999997,267
2026-07-27T18:00:00+00:00,335.5099999999997,335.5099999999997,335.20999999999975,335.33999999999975,253.19892473118276
2026-07-27T18:05:00+00:00,335.33999999999975,335.71999999999974,335.33999999999975,335.71999999999974,215.23554180630745
2026-07-27T18:10:00+00:00,335.71999999999974,335.9099999999997,335.62999999999977,335.65999999999974,591.4617517087049
2026-07-27T18:15:00+00:00,335.65999999999974,335.85999999999973,335.3099999999998,335.53999999999974,932
2026-07-27T18:20:00+00:00,335.53999999999974,335.70999999999975,335.41999999999973,335.53999999999974,918
2026-07-27T18:25:00+00:00,335.53999999999974,335.59999999999974,334.94999999999976,334.9899999999998,811
2026-07-27T18:30:00+00:00,334.9899999999998,335.0599999999998,334.65999999999974,334.7499999999998,1082
2026-07-27T18:35:00+00:00,334.7499999999998,334.93999999999977,334.60999999999973,334.83999999999975,960
2026-07-27T18:40:00+00:00,334.83999999999975,335.03999999999974,334.5499999999997,334.9299999999998,1443
2026-07-27T18:45:00+00:00,334.9299999999998,335.34999999999974,334.87999999999977,334.93999999999977,933
2026-07-27T18:50:00+00:00,334.93999999999977,335.71999999999974,334.93999999999977,335.66999999999973,1018
2026-07-27T18:55:00+00:00,335.66999999999973,336.1199999999998,335.50999999999976,335.6799999999998,1340
2026-07-27T19:00:00+00:00,335.6799999999998,335.7499999999998,335.16999999999973,335.20999999999975,1163
2026-07-27T19:05:00+00:00,335.20999999999975,335.52999999999975,335.09999999999974,335.4299999999998,1007
2026-07-27T19:10:00+00:00,335.4299999999998,335.72999999999973,335.3699999999998,335.44999999999976,803
2026-07-27T19:15:00+00:00,335.44999999999976,335.66999999999973,335.43999999999977,335.46999999999974,683
2026-07-27T19:20:00+00:00,335.46999999999974,335.8099999999998,335.39999999999975,335.66999999999973,803
2026-07-27T19:25:00+00:00,335.66999999999973,335.83999999999975,335.4999999999998,335.62999999999977,848
2026-07-27T19:30:00+00:00,335.62999999999977,336.01999999999975,335.5599999999998,335.84999999999974,912
2026-07-27T19:35:00+00:00,335.84999999999974,336.31999999999977,335.7999999999997,336.16999999999973,1038
2026-07-27T19:40:00+00:00,336.16999999999973,336.27999999999975,335.97999999999973,336.14999999999975,805
2026-07-27T19:45:00+00:00,336.14999999999975,336.25999999999976,335.56999999999977,336.12999999999977,1003
2026-07-27T19:50:00+00:00,336.12999999999977,337.02999999999975,336.12999999999977,337.00999999999976,975
2026-07-27T19:55:00+00:00,337.00999999999976,337.08999999999975,336.5499999999997,336.77999999999975,2151
2026-07-28T13:30:00+00:00,336.77999999999975,342.69999999999976,336.77999999999975,339.34999999999974,3738
2026-07-28T13:35:00+00:00,339.34999999999974,340.21999999999974,338.45999999999975,338.59999999999974,3913
2026-07-28T13:40:00+00:00,338.59999999999974,339.25999999999976,338.01999999999975,338.28999999999974,3910
2026-07-28T13:45:00+00:00,338.28999999999974,338.66999999999973,337.41999999999973,337.72999999999973,3731
2026-07-28T13:50:00+00:00,337.72999999999973,339.46999999999974,337.66999999999973,338.15999999999974,3842
2026-07-28T13:55:00+00:00,338.15999999999974,338.5499999999997,337.0499999999997,337.34999999999974,3257
2026-07-28T14:00:00+00:00,337.34999999999974,337.96999999999974,335.93999999999977,336.22999999999973,2932
2026-07-28T14:05:00+00:00,336.22999999999973,337.41999999999973,335.44999999999976,336.50999999999976,3210
2026-07-28T14:10:00+00:00,336.50999999999976,336.81999999999977,335.77999999999975,336.77999999999975,3063
2026-07-28T14:15:00+00:00,336.77999999999975,337.66999999999973,336.6199999999998,337.2999999999997,3141
2026-07-28T14:20:00+00:00,337.2999999999997,338.12999999999977,337.1799999999998,337.59999999999974,3121
2026-07-28T14:25:00+00:00,337.59999999999974,337.91999999999973,337.2999999999997,337.7999999999997,2724
2026-07-28T14:30:00+00:00,337.7999999999997,338.66999999999973,337.75999999999976,338.40999999999974,2467
2026-07-28T14:35:00+00:00,338.40999999999974,338.45999999999975,337.2999999999997,337.33999999999975,2297
2026-07-28T14:40:00+00:00,337.33999999999975,338.1799999999998,337.0599999999998,338.03999999999974,2193
2026-07-28T14:45:00+00:00,338.03999999999974,338.26999999999975,337.84999999999974,337.90999999999974,2204
2026-07-28T14:50:00+00:00,337.90999999999974,338.27999999999975,337.02999999999975,337.1199999999998,2280
2026-07-28T14:55:00+00:00,337.1199999999998,337.45999999999975,336.8099999999998,336.96999999999974,2283
2026-07-28T15:00:00+00:00,336.96999999999974,337.65999999999974,336.47999999999973,337.5599999999998,2101
2026-07-28T15:05:00+00:00,337.5599999999998,338.75999999999976,337.5599999999998,338.70999999999975,2363
2026-07-28T15:10:00+00:00,338.70999999999975,339.35999999999973,338.63999999999976,338.97999999999973,2419
2026-07-28T15:15:00+00:00,338.97999999999973,339.52999999999975,338.84999999999974,339.1799999999998,2419
2026-07-28T15:20:00+00:00,339.1799999999998,339.34999999999974,338.50999999999976,338.66999999999973,2121
2026-07-28T15:25:00+00:00,338.66999999999973,339.38999999999976,338.56999999999977,339.14999999999975,2007
2026-07-28T15:30:00+00:00,339.14999999999975,339.51999999999975,338.89999999999975,339.06999999999977,2009
2026-07-28T15:35:00+00:00,339.06999999999977,339.4299999999998,338.96999999999974,339.25999999999976,1971
2026-07-28T15:40:00+00:00,339.25999999999976,339.7999999999997,339.2399999999998,339.5499999999997,1659
2026-07-28T15:45:00+00:00,339.5499999999997,339.58999999999975,339.06999999999977,339.18999999999977,1392
2026-07-28T15:50:00+00:00,339.18999999999977,339.63999999999976,338.90999999999974,339.44999999999976,1616
2026-07-28T15:55:00+00:00,339.44999999999976,339.7399999999998,339.38999999999976,339.47999999999973,1456
2026-07-28T16:00:00+00:00,339.47999999999973,339.6199999999998,339.34999999999974,339.53999999999974,1454
2026-07-28T16:05:00+00:00,339.53999999999974,339.81999999999977,339.34999999999974,339.75999999999976,1546
2026-07-28T16:10:00+00:00,339.75999999999976,339.8699999999998,339.59999999999974,339.69999999999976,1329
2026-07-28T16:15:00+00:00,339.69999999999976,339.78999999999974,339.39999999999975,339.58999999999975,1593
2026-07-28T16:20:00+00:00,339.58999999999975,339.7999999999997,339.39999999999975,339.5499999999997,1475
2026-07-28T16:25:00+00:00,339.5499999999997,340.03999999999974,339.50999999999976,339.6799999999998,1346
2026-07-28T16:30:00+00:00,339.6799999999998,340.45999999999975,339.66999999999973,340.21999999999974,1448
2026-07-28T16:35:00+00:00,340.21999999999974,340.31999999999977,339.7999999999997,339.91999999999973,1288
2026-07-28T16:40:00+00:00,339.91999999999973,339.96999999999974,339.26999999999975,339.27999999999975,1365
2026-07-28T16:45:00+00:00,339.27999999999975,339.41999999999973,338.8099999999998,339.01999999999975,1530
2026-07-28T16:50:00+00:00,339.01999999999975,339.84999999999974,339.01999999999975,339.76999999999975,1410
2026-07-28T16:55:00+00:00,339.76999999999975,339.84999999999974,339.39999999999975,339.58999999999975,1183
2026-07-28T17:00:00+00:00,339.58999999999975,339.77999999999975,339.39999999999975,339.53999999999974,1292
2026-07-28T17:05:00+00:00,339.53999999999974,339.69999999999976,339.1199999999998,339.20999999999975,1131
2026-07-28T17:10:00+00:00,339.20999999999975,339.26999999999975,338.89999999999975,338.96999999999974,1167
2026-07-28T17:15:00+00:00,338.96999999999974,339.0499999999997,338.76999999999975,338.89999999999975,986
2026-07-28T17:20:00+00:00,338.89999999999975,339.37999999999977,338.8099999999998,339.02999999999975,1442
2026-07-28T17:25:00+00:00,339.02999999999975,339.1199999999998,338.7999999999997,338.89999999999975,1110
2026-07-28T17:30:00+00:00,338.89999999999975,339.12999999999977,338.87999999999977,338.9999999999998,748
2026-07-28T17:35:00+00:00,338.9999999999998,339.2999999999997,338.93999999999977,339.25999999999976,1024
2026-07-28T17:40:00+00:00,339.25999999999976,339.6799999999998,339.18999999999977,339.40999999999974,1194
2026-07-28T17:45:00+00:00,339.40999999999974,339.89999999999975,339.3099999999998,339.71999999999974,1389
2026-07-28T17:50:00+00:00,339.71999999999974,339.8099999999998,339.45999999999975,339.66999999999973,1041
2026-07-28T17:55:00+00:00,339.66999999999973,339.78999999999974,339.39999999999975,339.59999999999974,1011
2026-07-28T18:00:00+00:00,339.59999999999974,339.72999999999973,339.39999999999975,339.51999999999975,1079
2026-07-28T18:05:00+00:00,339.51999999999975,339.56999999999977,339.33999999999975,339.4899999999998,1069
2026-07-28T18:10:00+00:00,339.4899999999998,339.52999999999975,339.3099999999998,339.41999999999973,1031
2026-07-28T18:15:00+00:00,339.41999999999973,339.69999999999976,339.2999999999997,339.59999999999974,1068
2026-07-28T18:20:00+00:00,339.59999999999974,339.76999999999975,339.4999999999998,339.57999999999976,1042
2026-07-28T18:25:00+00:00,339.57999999999976,340.02999999999975,339.57999999999976,339.7399999999998,1093
2026-07-28T18:30:00+00:00,339.7399999999998,339.78999999999974,339.15999999999974,339.33999999999975,1183
2026-07-28T18:35:00+00:00,339.33999999999975,339.41999999999973,338.68999999999977,338.69999999999976,1118
2026-07-28T18:40:00+00:00,338.69999999999976,338.69999999999976,338.13999999999976,338.27999999999975,1131
2026-07-28T18:45:00+00:00,338.27999999999975,338.75999999999976,338.25999999999976,338.52999999999975,929
2026-07-28T18:50:00+00:00,338.52999999999975,338.8099999999998,338.46999999999974,338.68999999999977,810
2026-07-28T18:55:00+00:00,338.68999999999977,339.43999999999977,338.68999999999977,339.15999999999974,1289
2026-07-28T19:00:00+00:00,339.15999999999974,339.5499999999997,339.15999999999974,339.45999999999975,1194
2026-07-28T19:05:00+00:00,339.45999999999975,339.50999999999976,339.08999999999975,339.13999999999976,1491
2026-07-28T19:10:00+00:00,339.13999999999976,339.34999999999974,339.0499999999997,339.0499999999997,1211
2026-07-28T19:15:00+00:00,339.0499999999997,339.35999999999973,339.00999999999976,339.14999999999975,1081
2026-07-28T19:20:00+00:00,339.14999999999975,339.34999999999974,339.0599999999998,339.15999999999974,1011
2026-07-28T19:25:00+00:00,339.15999999999974,339.2499999999998,338.91999999999973,339.03999999999974,987
2026-07-28T19:30:00+00:00,339.03999999999974,339.2499999999998,338.96999999999974,339.2399999999998,1147
2026-07-28T19:35:00+00:00,339.2399999999998,339.71999999999974,339.15999999999974,339.58999999999975,1234
2026-07-28T19:40:00+00:00,339.58999999999975,340.02999999999975,339.53999999999974,339.8699999999998,1141
2026-07-28T19:45:00+00:00,339.8699999999998,339.8699999999998,339.01999999999975,339.32999999999976,1385
2026-07-28T19:50:00+00:00,339.32999999999976,339.8699999999998,339.14999999999975,339.72999999999973,1239
2026-07-28T19:55:00+00:00,339.72999999999973,340.4299999999998,339.35999999999973,340.2399999999998,2575
2026-07-29T13:30:00+00:00,340.2399999999998,342.06999999999977,339.2499999999998,339.83999999999975,1257
2026-07-29T13:35:00+00:00,339.83999999999975,341.06999999999977,339.6199999999998,340.90999999999974,1095
2026-07-29T13:40:00+00:00,340.90999999999974,341.63999999999976,340.60999999999973,341.33999999999975,1187
2026-07-29T13:45:00+00:00,341.33999999999975,343.27999999999975,341.33999999999975,343.0499999999997,1355
2026-07-29T13:50:00+00:00,343.0499999999997,343.5499999999997,342.7999999999997,342.83999999999975,1582
2026-07-29T13:55:00+00:00,342.83999999999975,342.95999999999975,342.0599999999998,342.64999999999975,1329
2026-07-29T14:00:00+00:00,342.64999999999975,343.3699999999998,342.39999999999975,342.9999999999998,1386
2026-07-29T14:05:00+00:00,342.9999999999998,343.1799999999998,342.09999999999974,342.51999999999975,1243
2026-07-29T14:10:00+00:00,342.51999999999975,342.66999999999973,341.6199999999998,341.6799999999998,1211
2026-07-29T14:15:00+00:00,341.6799999999998,341.95999999999975,341.0499999999997,341.12999999999977,1124
2026-07-29T14:20:00+00:00,341.12999999999977,341.58999999999975,340.9999999999998,341.08999999999975,934
2026-07-29T14:25:00+00:00,341.08999999999975,341.20999999999975,340.59999999999974,341.00999999999976,1047
2026-07-29T14:30:00+00:00,341.00999999999976,341.52999999999975,340.7999999999997,341.44999999999976,980
2026-07-29T14:35:00+00:00,341.44999999999976,341.6199999999998,340.9999999999998,341.14999999999975,741
2026-07-29T14:40:00+00:00,341.14999999999975,341.45999999999975,340.89999999999975,341.4299999999998,1145
2026-07-29T14:45:00+00:00,341.4299999999998,341.5599999999998,340.69999999999976,340.87999999999977,1097
2026-07-29T14:50:00+00:00,340.87999999999977,340.88999999999976,340.2499999999998,340.58999999999975,1174
2026-07-29T14:55:00+00:00,340.58999999999975,340.6799999999998,340.00999999999976,340.25999999999976,925.8398983481576
2026-07-29T15:00:00+00:00,340.25999999999976,340.32999999999976,339.39999999999975,339.57999999999976,1178
2026-07-29T15:05:00+00:00,339.57999999999976,340.4199999999998,339.46999999999974,340.12999999999977,986
2026-07-29T15:10:00+00:00,340.12999999999977,340.1699999999998,339.7499999999998,339.83999999999975,852
2026-07-29T15:15:00+00:00,339.83999999999975,340.1799999999998,339.6699999999998,339.7399999999998,926
2026-07-29T15:20:00+00:00,339.7399999999998,339.89999999999975,339.52999999999975,339.88999999999976,801
2026-07-29T15:25:00+00:00,339.88999999999976,339.96999999999974,339.53999999999974,339.64999999999975,705
2026-07-29T15:30:00+00:00,339.64999999999975,340.06999999999977,339.6199999999998,339.7399999999998,739
2026-07-29T15:35:00+00:00,339.7399999999998,340.5599999999998,339.65999999999974,340.21999999999974,798
2026-07-29T15:40:00+00:00,340.21999999999974,340.46999999999974,339.7299999999998,339.90999999999974,838
2026-07-29T15:45:00+00:00,339.90999999999974,340.7299999999998,339.87999999999977,340.70999999999975,785
2026-07-29T15:50:00+00:00,340.70999999999975,341.08999999999975,340.5599999999998,340.6699999999998,801
2026-07-29T15:55:00+00:00,340.6699999999998,340.9999999999998,340.58999999999975,340.9299999999998,752
2026-07-29T16:00:00+00:00,340.9299999999998,340.9999999999998,340.51999999999975,340.7299999999998,696
2026-07-29T16:05:00+00:00,340.7299999999998,340.88999999999976,340.5499999999998,340.82999999999976,823
2026-07-29T16:10:00+00:00,340.82999999999976,340.96999999999974,340.58999999999975,340.70999999999975,677
2026-07-29T16:15:00+00:00,340.70999999999975,341.02999999999975,340.5599999999998,340.96999999999974,663
2026-07-29T16:20:00+00:00,340.96999999999974,341.40999999999974,340.70999999999975,341.38999999999976,672
2026-07-29T16:25:00+00:00,341.38999999999976,341.43999999999977,341.08999999999975,341.1099999999998,657
2026-07-29T16:30:00+00:00,341.1099999999998,341.25999999999976,340.8699999999998,340.9799999999998,509
2026-07-29T16:35:00+00:00,340.9799999999998,341.0499999999998,340.3099999999998,340.43999999999977,545
2026-07-29T16:40:00+00:00,340.43999999999977,340.45999999999975,339.9299999999998,340.4199999999998,608
2026-07-29T16:45:00+00:00,340.4199999999998,340.71999999999974,340.18999999999977,340.65999999999974,632
2026-07-29T16:50:00+00:00,340.65999999999974,340.96999999999974,340.56999999999977,340.87999999999977,631
2026-07-29T16:55:00+00:00,340.87999999999977,341.19999999999976,340.6799999999998,341.19999999999976,553
2026-07-29T17:00:00+00:00,341.19999999999976,341.94999999999976,340.94999999999976,341.78999999999974,605
2026-07-29T17:05:00+00:00,341.78999999999974,341.95999999999975,341.4199999999998,341.43999999999977,640
2026-07-29T17:10:00+00:00,341.43999999999977,342.1799999999998,341.4199999999998,342.1799999999998,687
2026-07-29T17:15:00+00:00,342.1799999999998,342.75999999999976,341.94999999999976,342.6799999999998,564
2026-07-29T17:20:00+00:00,342.6799999999998,343.3099999999998,342.6199999999998,342.7999999999998,733
2026-07-29T17:25:00+00:00,342.7999999999998,343.00999999999976,342.51999999999975,342.51999999999975,668
2026-07-29T17:30:00+00:00,342.51999999999975,342.58999999999975,342.18999999999977,342.33999999999975,804
2026-07-29T17:35:00+00:00,342.33999999999975,343.0599999999998,342.33999999999975,342.83999999999975,607
2026-07-29T17:40:00+00:00,342.83999999999975,343.25999999999976,342.81999999999977,342.89999999999975,767
2026-07-29T17:45:00+00:00,342.89999999999975,343.0499999999998,342.75999999999976,342.84999999999974,580
2026-07-29T17:50:00+00:00,342.84999999999974,343.0599999999998,342.5599999999998,342.77999999999975,629
2026-07-29T17:55:00+00:00,342.77999999999975,343.1799999999998,342.52999999999975,342.9999999999998,679
2026-07-29T18:00:00+00:00,342.9999999999998,344.07999999999976,342.8599999999998,344.0499999999998,1207
2026-07-29T18:05:00+00:00,344.0499999999998,344.43999999999977,343.4899999999998,343.58999999999975,960
2026-07-29T18:10:00+00:00,343.58999999999975,343.81999999999977,343.3099999999998,343.51999999999975,840
2026-07-29T18:15:00+00:00,343.51999999999975,343.88999999999976,343.4299999999998,343.7499999999998,748
2026-07-29T18:20:00+00:00,343.7499999999998,343.76999999999975,343.1099999999998,343.2299999999998,835
2026-07-29T18:25:00+00:00,343.2299999999998,343.50999999999976,343.00999999999976,343.4299999999998,783
2026-07-29T18:30:00+00:00,343.4299999999998,343.7299999999998,342.83999999999975,343.1699999999998,1355
2026-07-29T18:35:00+00:00,343.1699999999998,343.7999999999998,342.9799999999998,343.6199999999998,959
2026-07-29T18:40:00+00:00,343.6199999999998,343.76999999999975,343.21999999999974,343.56999999999977,1086
2026-07-29T18:45:00+00:00,343.56999999999977,343.71999999999974,343.2299999999998,343.68999999999977,981
2026-07-29T18:50:00+00:00,343.68999999999977,343.7499999999998,343.32999999999976,343.52999999999975,724
2026-07-29T18:55:00+00:00,343.52999999999975,343.69999999999976,342.58999999999975,342.75999999999976,746
2026-07-29T19:00:00+00:00,342.75999999999976,342.8599999999998,341.84999999999974,342.12999999999977,922
2026-07-29T19:05:00+00:00,342.12999999999977,342.2399999999998,341.78999999999974,341.8099999999998,962
2026-07-29T19:10:00+00:00,341.8099999999998,342.4199999999998,341.78999999999974,342.27999999999975,724
2026-07-29T19:15:00+00:00,342.27999999999975,342.7299999999998,341.9999999999998,342.1799999999998,728
2026-07-29T19:20:00+00:00,342.1799999999998,342.2399999999998,341.4199999999998,341.4299999999998,942
2026-07-29T19:25:00+00:00,341.4299999999998,341.58999999999975,341.1799999999998,341.40999999999974,774
2026-07-29T19:30:00+00:00,341.40999999999974,341.40999999999974,340.38999999999976,340.69999999999976,850
2026-07-29T19:35:00+00:00,340.69999999999976,340.8099999999998,339.43999999999977,339.45999999999975,1141
2026-07-29T19:40:00+00:00,339.45999999999975,339.81999999999977,339.20999999999975,339.4199999999998,1276
2026-07-29T19:45:00+00:00,339.4199999999998,340.19999999999976,339.37999999999977,339.88999999999976,1537
2026-07-29T19:50:00+00:00,339.88999999999976,339.89999999999975,338.69999999999976,339.14999999999975,1949
2026-07-29T19:55:00+00:00,339.14999999999975,339.1699999999998,337.00999999999976,337.95999999999975,2906
2026-07-30T13:30:00+00:00,337.95999999999975,337.95999999999975,331.7999999999997,332.33999999999975,1620
2026-07-30T13:35:00+00:00,332.33999999999975,332.63999999999976,330.96999999999974,331.07999999999976,2240
2026-07-30T13:40:00+00:00,331.07999999999976,332.41999999999973,330.5499999999997,331.91999999999973,2294
2026-07-30T13:45:00+00:00,331.91999999999973,332.2499999999997,331.0099999999997,331.3099999999997,2337
2026-07-30T13:50:00+00:00,331.3099999999997,332.9299999999997,331.10999999999973,332.02999999999975,2409
2026-07-30T13:55:00+00:00,332.02999999999975,332.0699999999997,331.20999999999975,331.89999999999975,2316
2026-07-30T14:00:00+00:00,331.89999999999975,331.89999999999975,330.3699999999997,330.51999999999975,2346
2026-07-30T14:05:00+00:00,330.51999999999975,332.60999999999973,330.14999999999975,332.5499999999997,1883
2026-07-30T14:10:00+00:00,332.5499999999997,332.5499999999997,330.9499999999997,331.10999999999973,1886
2026-07-30T14:15:00+00:00,331.10999999999973,331.7499999999997,330.8699999999997,331.1799999999997,1838
2026-07-30T14:20:00+00:00,331.1799999999997,331.89999999999975,331.09999999999974,331.38999999999976,1530
2026-07-30T14:25:00+00:00,331.38999999999976,332.07999999999976,331.0099999999997,331.0499999999997,1924
2026-07-30T14:30:00+00:00,331.0499999999997,331.0599999999997,329.57999999999976,329.60999999999973,1681
2026-07-30T14:35:00+00:00,329.60999999999973,331.14999999999975,329.3699999999997,330.85999999999973,1586
2026-07-30T14:40:00+00:00,330.85999999999973,331.97999999999973,330.85999999999973,331.83999999999975,1273
2026-07-30T14:45:00+00:00,331.83999999999975,332.14999999999975,331.51999999999975,332.0099999999997,1411
2026-07-30T14:50:00+00:00,332.0099999999997,332.40999999999974,331.51999999999975,331.7399999999997,1574
2026-07-30T14:55:00+00:00,331.7399999999997,332.10999999999973,331.27999999999975,332.10999999999973,1731
2026-07-30T15:00:00+00:00,332.10999999999973,332.10999999999973,331.0599999999997,331.57999999999976,2035
2026-07-30T15:05:00+00:00,331.57999999999976,332.7599999999997,331.32999999999976,332.51999999999975,1953
2026-07-30T15:10:00+00:00,332.51999999999975,332.8199999999997,331.22999999999973,331.26999999999975,1700
2026-07-30T15:15:00+00:00,331.26999999999975,331.82999999999976,331.0599999999997,331.3199999999997,1555
2026-07-30T15:20:00+00:00,331.3199999999997,331.4999999999997,330.8799999999997,330.97999999999973,1452
2026-07-30T15:25:00+00:00,330.97999999999973,331.27999999999975,330.8099999999997,330.97999999999973,1548
2026-07-30T15:30:00+00:00,330.97999999999973,331.84999999999974,330.9299999999997,331.82999999999976,1348
2026-07-30T15:35:00+00:00,331.82999999999976,331.89999999999975,331.1999999999997,331.45999999999975,1331
2026-07-30T15:40:00+00:00,331.45999999999975,332.1199999999997,331.3699999999997,331.91999999999973,1159
2026-07-30T15:45:00+00:00,331.91999999999973,332.1899999999997,331.5599999999997,331.57999999999976,1009
2026-07-30T15:50:00+00:00,331.57999999999976,331.77999999999975,331.13999999999976,331.4399999999997,1075
2026-07-30T15:55:00+00:00,331.4399999999997,331.89999999999975,331.34999999999974,331.5499999999997,905
2026-07-30T16:00:00+00:00,331.5499999999997,331.5499999999997,330.6799999999997,330.84999999999974,1458
2026-07-30T16:05:00+00:00,330.84999999999974,331.0599999999997,330.4299999999997,330.72999999999973,1160
2026-07-30T16:10:00+00:00,330.72999999999973,331.20999999999975,330.60999999999973,330.9299999999997,1131
2026-07-30T16:15:00+00:00,330.9299999999997,332.35999999999973,330.83999999999975,331.84999999999974,1369
2026-07-30T16:20:00+00:00,331.84999999999974,332.1999999999997,331.4899999999997,331.6799999999997,1190
2026-07-30T16:25:00+00:00,331.6799999999997,332.10999999999973,331.57999999999976,331.83999999999975,1080
2026-07-30T16:30:00+00:00,331.83999999999975,331.9299999999997,331.1999999999997,331.5699999999997,1067
2026-07-30T16:35:00+00:00,331.5699999999997,331.90999999999974,331.5099999999997,331.77999999999975,1127
2026-07-30T16:40:00+00:00,331.77999999999975,332.02999999999975,331.3799999999997,331.84999999999974,1319
2026-07-30T16:45:00+00:00,331.84999999999974,332.09999999999974,331.57999999999976,331.85999999999973,1304
2026-07-30T16:50:00+00:00,331.85999999999973,332.0499999999997,331.71999999999974,331.8799999999997,1039
2026-07-30T16:55:00+00:00,331.8799999999997,331.95999999999975,331.33999999999975,331.40999999999974,1046
2026-07-30T17:00:00+00:00,331.40999999999974,332.03999999999974,331.34999999999974,331.9399999999997,1092
2026-07-30T17:05:00+00:00,331.9399999999997,332.0499999999997,331.7999999999997,331.96999999999974,1052
2026-07-30T17:10:00+00:00,331.96999999999974,332.65999999999974,331.96999999999974,332.51999999999975,1130
2026-07-30T17:15:00+00:00,332.51999999999975,332.5599999999997,332.0499999999997,332.3099999999997,1120
2026-07-30T17:20:00+00:00,332.3099999999997,332.34999999999974,331.91999999999973,332.02999999999975,1059
2026-07-30T17:25:00+00:00,332.02999999999975,332.1199999999997,331.77999999999975,331.8799999999997,812
2026-07-30T17:30:00+00:00,331.8799999999997,332.16999999999973,331.5099999999997,331.6999999999997,980
2026-07-30T17:35:00+00:00,331.6999999999997,332.15999999999974,331.66999999999973,331.91999999999973,1025
2026-07-30T17:40:00+00:00,331.91999999999973,332.5599999999997,331.7399999999997,332.40999999999974,853
2026-07-30T17:45:00+00:00,332.40999999999974,332.52999999999975,332.21999999999974,332.46999999999974,746
2026-07-30T17:50:00+00:00,332.46999999999974,332.95999999999975,332.41999999999973,332.6899999999997,621
2026-07-30T17:55:00+00:00,332.6899999999997,333.1299999999997,332.66999999999973,333.08999999999975,684
2026-07-30T18:00:00+00:00,333.08999999999975,333.7599999999997,332.7999999999997,332.8199999999997,671
2026-07-30T18:05:00+00:00,332.8199999999997,333.2999999999997,332.7999999999997,332.9299999999997,618
2026-07-30T18:10:00+00:00,332.9299999999997,333.1799999999997,332.8099999999997,333.0699999999997,564
2026-07-30T18:15:00+00:00,333.0699999999997,333.53999999999974,333.0599999999997,333.4499999999997,579
2026-07-30T18:20:00+00:00,333.4499999999997,333.4499999999997,332.7499999999997,332.85999999999973,601
2026-07-30T18:25:00+00:00,332.85999999999973,332.9899999999997,332.51999999999975,332.89999999999975,720
2026-07-30T18:30:00+00:00,332.89999999999975,333.39999999999975,332.6999999999997,333.3199999999997,736
2026-07-30T18:35:00+00:00,333.3199999999997,333.4499999999997,333.14999999999975,333.28999999999974,560
2026-07-30T18:40:00+00:00,333.28999999999974,333.53999999999974,333.2499999999997,333.2499999999997,522
2026-07-30T18:45:00+00:00,333.2499999999997,333.77999999999975,333.20999999999975,333.66999999999973,506
2026-07-30T18:50:00+00:00,333.66999999999973,333.8199999999997,333.46999999999974,333.66999999999973,509
2026-07-30T18:55:00+00:00,333.66999999999973,333.8699999999997,333.4999999999997,333.53999999999974,557
2026-07-30T19:00:00+00:00,333.53999999999974,333.7399999999997,333.22999999999973,333.5499999999997,642
2026-07-30T19:05:00+00:00,333.5499999999997,333.6199999999997,333.20999999999975,333.35999999999973,684
2026-07-30T19:10:00+00:00,333.35999999999973,333.64999999999975,333.2999999999997,333.41999999999973,599
2026-07-30T19:15:00+00:00,333.41999999999973,333.71999999999974,333.2999999999997,333.64999999999975,605
2026-07-30T19:20:00+00:00,333.64999999999975,333.6799999999997,332.89999999999975,333.1999999999997,764
2026-07-30T19:25:00+00:00,333.1999999999997,333.4899999999997,332.9399999999997,332.9499999999997,955
2026-07-30T19:30:00+00:00,332.9499999999997,333.28999999999974,332.5699999999997,332.9999999999997,1221
2026-07-30T19:35:00+00:00,332.9999999999997,333.3699999999997,332.8799999999997,333.1899999999997,836
2026-07-30T19:40:00+00:00,333.1899999999997,333.3199999999997,332.70999999999975,332.8099999999997,773
2026-07-30T19:45:00+00:00,332.8099999999997,332.89999999999975,332.0499999999997,332.39999999999975,920
2026-07-30T19:50:00+00:00,332.39999999999975,332.97999999999973,332.35999999999973,332.6899999999997,1405
2026-07-30T19:55:00+00:00,332.6899999999997,333.89999999999975,332.3099999999997,333.5499999999997,1941
2026-07-31T13:30:00+00:00,333.5499999999997,333.5499999999997,300.33999999999975,301.6999999999997,3048
2026-07-31T13:35:00+00:00,301.6999999999997,303.08999999999975,300.6899999999997,301.03999999999974,2646
2026-07-31T13:40:00+00:00,301.03999999999974,304.6199999999997,300.10999999999973,304.53999999999974,2143
2026-07-31T13:45:00+00:00,304.53999999999974,305.64999999999975,303.83999999999975,304.8699999999997,2296
2026-07-31T13:50:00+00:00,304.8699999999997,305.2399999999997,304.1199999999997,304.46999999999974,1929
2026-07-31T13:55:00+00:00,304.46999999999974,305.09999999999974,302.3099999999997,302.46999999999974,1876
2026-07-31T14:00:00+00:00,302.46999999999974,303.0099999999997,301.09999999999974,301.8199999999997,1848
2026-07-31T14:05:00+00:00,301.8199999999997,302.66999999999973,301.60999999999973,302.5599999999997,2115
2026-07-31T14:10:00+00:00,302.5599999999997,302.8099999999997,301.13999999999976,301.8699999999997,1927
2026-07-31T14:15:00+00:00,301.8699999999997,302.51999999999975,301.4499999999997,302.20999999999975,1611
2026-07-31T14:20:00+00:00,302.20999999999975,303.2999999999997,302.13999999999976,302.9499999999997,1660
2026-07-31T14:25:00+00:00,302.9499999999997,303.3199999999997,302.3799999999997,302.5499999999997,1391
2026-07-31T14:30:00+00:00,302.5499999999997,302.7599999999997,301.70999999999975,301.70999999999975,1547
2026-07-31T14:35:00+00:00,301.70999999999975,302.33999999999975,301.4999999999997,302.03999999999974,1269
2026-07-31T14:40:00+00:00,302.03999999999974,302.5699999999997,301.7999999999997,302.22999999999973,1276
2026-07-31T14:45:00+00:00,302.22999999999973,302.4499999999997,301.84999999999974,302.38999999999976,1057
2026-07-31T14:50:00+00:00,302.38999999999976,302.5099999999997,301.95999999999975,302.15999999999974,943
2026-07-31T14:55:00+00:00,302.15999999999974,302.95999999999975,301.71999999999974,302.9499999999997,1132
2026-07-31T15:00:00+00:00,302.9499999999997,302.9899999999997,302.10999999999973,302.38999999999976,976
2026-07-31T15:05:00+00:00,302.38999999999976,302.71999999999974,302.22999999999973,302.6899999999997,939
2026-07-31T15:10:00+00:00,302.6899999999997,302.83999999999975,302.2999999999997,302.78999999999974,1123
2026-07-31T15:15:00+00:00,302.78999999999974,303.77999999999975,302.58999999999975,303.66999999999973,1531
2026-07-31T15:20:00+00:00,303.66999999999973,304.0099999999997,302.71999999999974,302.7499999999997,1365
2026-07-31T15:25:00+00:00,302.7499999999997,302.8699999999997,301.4499999999997,301.4899999999997,1741
2026-07-31T15:30:00+00:00,301.4899999999997,302.1199999999997,301.47999999999973,302.09999999999974,1367
2026-07-31T15:35:00+00:00,302.09999999999974,302.59999999999974,301.84999999999974,301.90999999999974,1337
2026-07-31T15:40:00+00:00,301.90999999999974,302.09999999999974,301.21999999999974,301.66999999999973,1259
2026-07-31T15:45:00+00:00,301.66999999999973,302.08999999999975,300.5499999999997,300.6199999999997,1116
2026-07-31T15:50:00+00:00,300.6199999999997,301.1999999999997,300.1899999999997,301.1899999999997,1184
2026-07-31T15:55:00+00:00,301.1899999999997,301.4899999999997,300.6799999999997,301.07999999999976,1075
2026-07-31T16:00:00+00:00,301.07999999999976,301.3799999999997,300.6999999999997,301.14999999999975,1057
2026-07-31T16:05:00+00:00,301.14999999999975,301.21999999999974,300.89999999999975,301.02999999999975,776
2026-07-31T16:10:00+00:00,301.02999999999975,301.90999999999974,300.95999999999975,301.90999999999974,676
2026-07-31T16:15:00+00:00,301.90999999999974,302.08999999999975,300.91999999999973,300.97999999999973,1187
2026-07-31T16:20:00+00:00,300.97999999999973,301.38999999999976,300.9299999999997,301.2399999999997,965
2026-07-31T16:25:00+00:00,301.2399999999997,301.35999999999973,300.2599999999997,300.33999999999975,937
2026-07-31T16:30:00+00:00,300.33999999999975,300.41999999999973,299.7999999999997,300.27999999999975,1252
2026-07-31T16:35:00+00:00,300.27999999999975,300.8199999999997,300.14999999999975,300.32999999999976,659
2026-07-31T16:40:00+00:00,300.32999999999976,300.7599999999997,299.9999999999997,300.1299999999997,953
2026-07-31T16:45:00+00:00,300.1299999999997,300.90999999999974,300.02999999999975,300.5699999999997,725
2026-07-31T16:50:00+00:00,300.5699999999997,301.33999999999975,300.35999999999973,300.52999999999975,700
2026-07-31T16:55:00+00:00,300.52999999999975,300.71999999999974,300.1799999999997,300.60999999999973,619
2026-07-31T17:00:00+00:00,300.60999999999973,301.59999999999974,300.59999999999974,301.3799999999997,740
2026-07-31T17:05:00+00:00,301.3799999999997,301.5699999999997,300.90999999999974,300.95999999999975,618
2026-07-31T17:10:00+00:00,300.95999999999975,301.3199999999997,300.71999999999974,301.2599999999997,493
2026-07-31T17:15:00+00:00,301.2599999999997,301.6199999999997,301.0099999999997,301.35999999999973,596
2026-07-31T17:20:00+00:00,301.35999999999973,301.4499999999997,301.0499999999997,301.15999999999974,488
2026-07-31T17:25:00+00:00,301.15999999999974,301.22999999999973,300.82999999999976,300.9999999999997,424
2026-07-31T17:30:00+00:00,300.9999999999997,301.35999999999973,300.8699999999997,301.26999999999975,455
2026-07-31T17:35:00+00:00,301.26999999999975,301.4999999999997,301.0599999999997,301.1799999999997,467
2026-07-31T17:40:00+00:00,301.1799999999997,301.38999999999976,301.0699999999997,301.10999999999973,407
2026-07-31T17:45:00+00:00,301.10999999999973,301.21999999999974,300.84999999999974,300.9499999999997,451
2026-07-31T17:50:00+00:00,300.9499999999997,301.0499999999997,300.33999999999975,300.46999999999974,397
2026-07-31T17:55:00+00:00,300.46999999999974,300.65999999999974,300.2999999999997,300.4399999999997,427
2026-07-31T18:00:00+00:00,300.4399999999997,301.0499999999997,300.38999999999976,300.8699999999997,507
2026-07-31T18:05:00+00:00,300.8699999999997,300.97999999999973,300.4899999999997,300.72999999999973,513
2026-07-31T18:10:00+00:00,300.72999999999973,301.8799999999997,300.70999999999975,301.78999999999974,632
2026-07-31T18:15:00+00:00,301.78999999999974,301.88999999999976,301.41999999999973,301.76999999999975,567
2026-07-31T18:20:00+00:00,301.76999999999975,302.20999999999975,301.7399999999997,302.14999999999975,445
2026-07-31T18:25:00+00:00,302.14999999999975,302.16999999999973,301.45999999999975,301.53999999999974,418
2026-07-31T18:30:00+00:00,301.53999999999974,301.91999999999973,301.5099999999997,301.84999999999974,515
2026-07-31T18:35:00+00:00,301.84999999999974,301.9499999999997,301.64999999999975,301.82999999999976,384
2026-07-31T18:40:00+00:00,301.82999999999976,302.14999999999975,301.65999999999974,302.10999999999973,426
2026-07-31T18:45:00+00:00,302.10999999999973,302.26999999999975,301.83999999999975,302.08999999999975,480
2026-07-31T18:50:00+00:00,302.08999999999975,302.7599999999997,302.02999999999975,302.6199999999997,452
2026-07-31T18:55:00+00:00,302.6199999999997,302.71999999999974,302.21999999999974,302.6199999999997,436
2026-07-31T19:00:00+00:00,302.6199999999997,303.70999999999975,302.5599999999997,303.5499999999997,682
2026-07-31T19:05:00+00:00,303.5499999999997,304.32999999999976,303.41999999999973,304.1999999999997,764
2026-07-31T19:10:00+00:00,304.1999999999997,304.63999999999976,304.1899999999997,304.3199999999997,831
2026-07-31T19:15:00+00:00,304.3199999999997,305.47999999999973,304.3199999999997,305.01999999999975,926
2026-07-31T19:20:00+00:00,305.01999999999975,305.1999999999997,304.4499999999997,305.08999999999975,803
2026-07-31T19:25:00+00:00,305.08999999999975,305.4899999999997,304.90999999999974,305.4499999999997,808
2026-07-31T19:30:00+00:00,305.4499999999997,305.65999999999974,304.85999999999973,305.65999999999974,1034
2026-07-31T19:35:00+00:00,305.65999999999974,306.20999999999975,304.8199999999997,304.95999999999975,1045
2026-07-31T19:40:00+00:00,304.95999999999975,306.4299999999997,304.89999999999975,306.32999999999976,996
2026-07-31T19:45:00+00:00,306.32999999999976,306.91999999999973,305.89999999999975,306.4899999999997,1408
2026-07-31T19:50:00+00:00,306.4899999999997,309.70999999999975,306.33999999999975,309.4299999999997,2184
2026-07-31T19:55:00+00:00,309.4299999999997,310.40999999999974,307.4299999999997,308.8699999999997,2332
2026-08-03T13:30:00+00:00,308.8699999999997,311.4899999999997,304.96999999999974,308.0099999999997,1855
2026-08-03T13:35:00+00:00,308.0099999999997,308.14999999999975,306.16999999999973,306.66999999999973,2384
2026-08-03T13:40:00+00:00,306.66999999999973,308.1899999999997,305.8099999999997,305.90999999999974,1835
2026-08-03T13:45:00+00:00,305.90999999999974,306.47999999999973,305.2999999999997,306.40999999999974,1624
2026-08-03T13:50:00+00:00,306.40999999999974,308.02999999999975,306.39999999999975,308.0099999999997,1725
2026-08-03T13:55:00+00:00,308.0099999999997,308.0699999999997,305.5699999999997,305.6999999999997,1361
2026-08-03T14:00:00+00:00,305.6999999999997,305.6999999999997,304.1199999999997,304.34999999999974,1647
2026-08-03T14:05:00+00:00,304.34999999999974,305.3699999999997,304.1999999999997,305.32999999999976,1520
2026-08-03T14:10:00+00:00,305.32999999999976,306.41999999999973,304.85999999999973,306.28999999999974,1357
2026-08-03T14:15:00+00:00,306.28999999999974,306.9999999999997,305.85999999999973,306.01999999999975,1674
2026-08-03T14:20:00+00:00,306.01999999999975,306.07999999999976,305.34999999999974,305.8099999999997,1554
2026-08-03T14:25:00+00:00,305.8099999999997,305.8099999999997,305.3099999999997,305.35999999999973,779
2026-08-03T14:30:00+00:00,305.35999999999973,305.4499999999997,305.0499999999997,305.34999999999974,848
2026-08-03T14:35:00+00:00,305.34999999999974,305.96999999999974,305.16999999999973,305.3099999999997,1080
2026-08-03T14:40:00+00:00,305.3099999999997,305.66999999999973,305.10999999999973,305.5699999999997,962
2026-08-03T14:45:00+00:00,305.5699999999997,306.1799999999997,304.88999999999976,305.0599999999997,1086
2026-08-03T14:50:00+00:00,305.0599999999997,305.71999999999974,304.9899999999997,305.21999999999974,1053
2026-08-03T14:55:00+00:00,305.21999999999974,305.41999999999973,304.8099999999997,305.1199999999997,960
2026-08-03T15:00:00+00:00,305.1199999999997,305.38999999999976,304.6199999999997,304.70999999999975,1394
2026-08-03T15:05:00+00:00,304.70999999999975,304.8099999999997,304.40999999999974,304.6999999999997,702
2026-08-03T15:10:00+00:00,304.6999999999997,305.2999999999997,304.6299999999997,304.90999999999974,1144
2026-08-03T15:15:00+00:00,304.90999999999974,305.57999999999976,304.8799999999997,304.95999999999975,1007
2026-08-03T15:20:00+00:00,304.95999999999975,304.9899999999997,304.51999999999975,304.70999999999975,643
2026-08-03T15:25:00+00:00,304.70999999999975,304.70999999999975,303.71999999999974,303.97999999999973,761
2026-08-03T15:30:00+00:00,303.97999999999973,304.03999999999974,303.3099999999997,303.41999999999973,824
2026-08-03T15:35:00+00:00,303.41999999999973,304.20999999999975,303.38999999999976,303.59999999999974,682
2026-08-03T15:40:00+00:00,303.59999999999974,303.65999999999974,302.90999999999974,302.95999999999975,598
2026-08-03T15:45:00+00:00,302.95999999999975,302.95999999999975,302.34999999999974,302.5499999999997,550
2026-08-03T15:50:00+00:00,302.5499999999997,302.97999999999973,302.52999999999975,302.8799999999997,544
2026-08-03T15:55:00+00:00,302.8799999999997,303.53999999999974,302.8799999999997,303.52999999999975,564
2026-08-03T16:00:00+00:00,303.52999999999975,304.22999999999973,303.5099999999997,304.13999999999976,851
2026-08-03T16:05:00+00:00,304.13999999999976,304.7999999999997,303.8099999999997,303.88999999999976,966
2026-08-03T16:10:00+00:00,303.88999999999976,304.16999999999973,303.52999999999975,303.8199999999997,668
2026-08-03T16:15:00+00:00,303.8199999999997,304.32999999999976,303.8199999999997,304.1799999999997,660
2026-08-03T16:20:00+00:00,304.1799999999997,304.95999999999975,304.1799999999997,304.95999999999975,624
2026-08-03T16:25:00+00:00,304.95999999999975,306.1199999999997,304.7999999999997,306.1199999999997,935
2026-08-03T16:30:00+00:00,306.1199999999997,306.66999999999973,306.08999999999975,306.21999999999974,1017
2026-08-03T16:35:00+00:00,306.21999999999974,306.6799999999997,305.8199999999997,306.66999999999973,953
2026-08-03T16:40:00+00:00,306.66999999999973,306.97999999999973,306.3199999999997,306.45999999999975,587
2026-08-03T16:45:00+00:00,306.45999999999975,306.45999999999975,305.6899999999997,305.9899999999997,693
2026-08-03T16:50:00+00:00,305.9899999999997,306.5599999999997,305.97999999999973,306.34999999999974,518
2026-08-03T16:55:00+00:00,306.34999999999974,306.41999999999973,306.09999999999974,306.34999999999974,479
2026-08-03T17:00:00+00:00,306.34999999999974,306.7399999999997,306.16999999999973,306.71999999999974,419
2026-08-03T17:05:00+00:00,306.71999999999974,306.85999999999973,306.38999999999976,306.57999999999976,361
2026-08-03T17:10:00+00:00,306.57999999999976,306.78999999999974,306.2999999999997,306.5099999999997,517
2026-08-03T17:15:00+00:00,306.5099999999997,307.0699999999997,306.4399999999997,306.82999999999976,589
2026-08-03T17:20:00+00:00,306.82999999999976,306.9999999999997,306.5599999999997,306.9899999999997,575
2026-08-03T17:25:00+00:00,306.9899999999997,307.32999999999976,306.91999999999973,307.01999999999975,570
2026-08-03T17:30:00+00:00,307.01999999999975,307.01999999999975,306.4499999999997,306.58999999999975,438
2026-08-03T17:35:00+00:00,306.58999999999975,306.6299999999997,306.01999999999975,306.33999999999975,472
2026-08-03T17:40:00+00:00,306.33999999999975,306.59999999999974,306.28999999999974,306.53999999999974,384
2026-08-03T17:45:00+00:00,306.53999999999974,306.59999999999974,305.9499999999997,305.9899999999997,330
2026-08-03T17:50:00+00:00,305.9899999999997,306.1999999999997,305.6899999999997,305.6999999999997,248
2026-08-03T17:55:00+00:00,305.6999999999997,305.9899999999997,305.2999999999997,305.8799999999997,570
2026-08-03T18:00:00+00:00,305.8799999999997,306.2399999999997,305.8199999999997,306.0099999999997,453
2026-08-03T18:05:00+00:00,306.0099999999997,306.07999999999976,305.6999999999997,305.85999999999973,388
2026-08-03T18:10:00+00:00,305.85999999999973,305.90999999999974,305.63999999999976,305.77999999999975,416
2026-08-03T18:15:00+00:00,305.77999999999975,306.1999999999997,305.77999999999975,306.0499999999997,300
2026-08-03T18:20:00+00:00,306.0499999999997,306.09999999999974,305.70999999999975,305.7599999999997,295
2026-08-03T18:25:00+00:00,305.7599999999997,305.85999999999973,305.2999999999997,305.3099999999997,268
2026-08-03T18:30:00+00:00,305.3099999999997,305.60999999999973,305.16999999999973,305.38999999999976,551
2026-08-03T18:35:00+00:00,305.38999999999976,305.4499999999997,305.0599999999997,305.0599999999997,281
2026-08-03T18:40:00+00:00,305.0599999999997,305.27999999999975,304.8099999999997,304.88999999999976,458
2026-08-03T18:45:00+00:00,304.88999999999976,305.0599999999997,304.6899999999997,304.82999999999976,348
2026-08-03T18:50:00+00:00,304.82999999999976,305.09999999999974,304.7499999999997,304.9399999999997,332
2026-08-03T18:55:00+00:00,304.9399999999997,305.3699999999997,304.90999999999974,305.01999999999975,384
2026-08-03T19:00:00+00:00,305.01999999999975,305.39999999999975,304.89999999999975,305.2599999999997,469
2026-08-03T19:05:00+00:00,305.2599999999997,305.77999999999975,305.0499999999997,305.63999999999976,439
2026-08-03T19:10:00+00:00,305.63999999999976,305.72999999999973,305.4499999999997,305.6899999999997,288
2026-08-03T19:15:00+00:00,305.6899999999997,305.7599999999997,305.1999999999997,305.3799999999997,279
2026-08-03T19:20:00+00:00,305.3799999999997,305.4399999999997,304.59999999999974,304.78999999999974,381
2026-08-03T19:25:00+00:00,304.78999999999974,304.8799999999997,304.6899999999997,304.83999999999975,277
2026-08-03T19:30:00+00:00,304.83999999999975,304.8799999999997,304.6799999999997,304.76999999999975,198
2026-08-03T19:35:00+00:00,304.76999999999975,304.85999999999973,304.6999999999997,304.7999999999997,70
2026-08-03T19:40:00+00:00,304.7999999999997,304.8199999999997,304.2499999999997,304.6299999999997,267
2026-08-03T19:45:00+00:00,304.6299999999997,304.6299999999997,303.6999999999997,303.82999999999976,490
2026-08-03T19:50:00+00:00,303.82999999999976,304.1199999999997,302.7999999999997,303.20999999999975,864
2026-08-03T19:55:00+00:00,303.20999999999975,303.22999999999973,302.4499999999997,303.08999999999975,1276
2026-08-04T13:30:00+00:00,303.08999999999975,304.21999999999974,301.0699999999997,303.9999999999997,1331
2026-08-04T13:35:00+00:00,303.9999999999997,304.2499999999997,302.2499999999997,302.9999999999997,1697
2026-08-04T13:40:00+00:00,302.9999999999997,303.63999999999976,302.5099999999997,303.58999999999975,1221
2026-08-04T13:45:00+00:00,303.58999999999975,304.71999999999974,303.47999999999973,304.52999999999975,1427
2026-08-04T13:50:00+00:00,304.52999999999975,305.13999999999976,303.8799999999997,303.95999999999975,1193
2026-08-04T13:55:00+00:00,303.95999999999975,305.1199999999997,303.7999999999997,305.0599999999997,1033
2026-08-04T14:00:00+00:00,305.0599999999997,305.1999999999997,304.3199999999997,304.5599999999997,1120
2026-08-04T14:05:00+00:00,304.5599999999997,305.33999999999975,304.1999999999997,305.3199999999997,1153
2026-08-04T14:10:00+00:00,305.3199999999997,305.66999999999973,304.7999999999997,305.5099999999997,1206
2026-08-04T14:15:00+00:00,305.5099999999997,306.53999999999974,305.45999999999975,306.40999999999974,1161
2026-08-04T14:20:00+00:00,306.40999999999974,306.91999999999973,306.3099999999997,306.57999999999976,1242
2026-08-04T14:25:00+00:00,306.57999999999976,306.7399999999997,306.2499999999997,306.60999999999973,1250
2026-08-04T14:30:00+00:00,306.60999999999973,306.65999999999974,305.8199999999997,306.08999999999975,1152
2026-08-04T14:35:00+00:00,306.08999999999975,306.2499999999997,305.5499999999997,305.6199999999997,1102
2026-08-04T14:40:00+00:00,305.6199999999997,305.6899999999997,305.0099999999997,305.22999999999973,1102
2026-08-04T14:45:00+00:00,305.22999999999973,306.1999999999997,305.16999999999973,306.1199999999997,877
2026-08-04T14:50:00+00:00,306.1199999999997,306.3099999999997,305.7399999999997,305.88999999999976,797
2026-08-04T14:55:00+00:00,305.88999999999976,306.0499999999997,305.7999999999997,305.9999999999997,756
2026-08-04T15:00:00+00:00,305.9999999999997,306.02999999999975,305.6899999999997,305.9399999999997,764
2026-08-04T15:05:00+00:00,305.9399999999997,306.21999999999974,305.76999999999975,306.16999999999973,796
2026-08-04T15:10:00+00:00,306.16999999999973,306.28999999999974,305.9499999999997,306.0599999999997,620
2026-08-04T15:15:00+00:00,306.0599999999997,306.21999999999974,305.7999999999997,305.8799999999997,610
2026-08-04T15:20:00+00:00,305.8799999999997,306.2499999999997,305.59999999999974,306.2399999999997,668
2026-08-04T15:25:00+00:00,306.2399999999997,306.35999999999973,305.39999999999975,305.41999999999973,801
2026-08-04T15:30:00+00:00,305.41999999999973,305.76999999999975,305.2999999999997,305.7499999999997,675
2026-08-04T15:35:00+00:00,305.7499999999997,306.46999999999974,305.7499999999997,306.20999999999975,751
2026-08-04T15:40:00+00:00,306.20999999999975,306.27999999999975,305.91999999999973,306.0499999999997,582
2026-08-04T15:45:00+00:00,306.0499999999997,306.32999999999976,305.8699999999997,306.14999999999975,567
2026-08-04T15:50:00+00:00,306.14999999999975,306.4299999999997,306.03999999999974,306.03999999999974,574
2026-08-04T15:55:00+00:00,306.03999999999974,306.1999999999997,305.91999999999973,306.1299999999997,542
2026-08-04T16:00:00+00:00,306.1299999999997,306.2599999999997,305.91999999999973,305.9899999999997,491
2026-08-04T16:05:00+00:00,305.9899999999997,306.03999999999974,305.45999999999975,305.70999999999975,521
2026-08-04T16:10:00+00:00,305.70999999999975,306.15999999999974,305.6799999999997,306.09999999999974,508
2026-08-04T16:15:00+00:00,306.09999999999974,306.1899999999997,305.6299999999997,305.66999999999973,480
2026-08-04T16:20:00+00:00,305.66999999999973,306.10999999999973,305.60999999999973,306.01999999999975,551
2026-08-04T16:25:00+00:00,306.01999999999975,306.4999999999997,305.95999999999975,306.3099999999997,723
2026-08-04T16:30:00+00:00,306.3099999999997,306.3199999999997,306.09999999999974,306.27999999999975,526
2026-08-04T16:35:00+00:00,306.27999999999975,306.7499999999997,306.2399999999997,306.51999999999975,626
2026-08-04T16:40:00+00:00,306.51999999999975,307.59999999999974,306.51999999999975,307.5099999999997,586
2026-08-04T16:45:00+00:00,307.5099999999997,307.7599999999997,307.1999999999997,307.6899999999997,687
2026-08-04T16:50:00+00:00,307.6899999999997,308.38999999999976,307.65999999999974,307.95999999999975,710
2026-08-04T16:55:00+00:00,307.95999999999975,308.16999999999973,307.84999999999974,307.97999999999973,582
2026-08-04T17:00:00+00:00,307.97999999999973,309.03999999999974,307.95999999999975,309.0099999999997,737
2026-08-04T17:05:00+00:00,309.0099999999997,309.5499999999997,309.0099999999997,309.40999999999974,725
2026-08-04T17:10:00+00:00,309.40999999999974,310.20999999999975,309.40999999999974,309.89999999999975,822
2026-08-04T17:15:00+00:00,309.89999999999975,310.02999999999975,309.40999999999974,309.4399999999997,683
2026-08-04T17:20:00+00:00,309.4399999999997,309.47999999999973,308.66999999999973,308.71999999999974,675
2026-08-04T17:25:00+00:00,308.71999999999974,308.91999999999973,308.65999999999974,308.6899999999997,532
2026-08-04T17:30:00+00:00,308.6899999999997,308.8099999999997,308.45999999999975,308.53999999999974,524
2026-08-04T17:35:00+00:00,308.53999999999974,309.08999999999975,308.45999999999975,309.08999999999975,537
2026-08-04T17:40:00+00:00,309.08999999999975,309.40999999999974,309.0699999999997,309.3699999999997,526
2026-08-04T17:45:00+00:00,309.3699999999997,309.90999999999974,309.3199999999997,309.6799999999997,635
2026-08-04T17:50:00+00:00,309.6799999999997,309.6899999999997,309.22999999999973,309.32999999999976,729
2026-08-04T17:55:00+00:00,309.32999999999976,309.72999999999973,309.09999999999974,309.09999999999974,642
2026-08-04T18:00:00+00:00,309.09999999999974,309.71999999999974,309.0499999999997,309.6299999999997,708
2026-08-04T18:05:00+00:00,309.6299999999997,309.78999999999974,309.40999999999974,309.7499999999997,545
2026-08-04T18:10:00+00:00,309.7499999999997,309.89999999999975,309.65999999999974,309.82999999999976,452
2026-08-04T18:15:00+00:00,309.82999999999976,309.8799999999997,309.58999999999975,309.6999999999997,515
2026-08-04T18:20:00+00:00,309.6999999999997,309.71999999999974,309.16999999999973,309.2499999999997,627
2026-08-04T18:25:00+00:00,309.2499999999997,309.3199999999997,308.97999999999973,309.1199999999997,510
2026-08-04T18:30:00+00:00,309.1199999999997,309.27999999999975,308.8799999999997,308.9299999999997,482
2026-08-04T18:35:00+00:00,308.9299999999997,308.9899999999997,308.65999999999974,308.7499999999997,499
2026-08-04T18:40:00+00:00,308.7499999999997,308.7499999999997,308.39999999999975,308.57999999999976,588
2026-08-04T18:45:00+00:00,308.57999999999976,308.91999999999973,308.57999999999976,308.8099999999997,537
2026-08-04T18:50:00+00:00,308.8099999999997,309.01999999999975,308.77999999999975,308.97999999999973,460
2026-08-04T18:55:00+00:00,308.97999999999973,309.08999999999975,308.2399999999997,308.3199999999997,588
2026-08-04T19:00:00+00:00,308.3199999999997,308.66999999999973,308.27999999999975,308.40999999999974,656
2026-08-04T19:05:00+00:00,308.40999999999974,308.5099999999997,308.0499999999997,308.3199999999997,652
2026-08-04T19:10:00+00:00,308.3199999999997,308.6299999999997,308.2999999999997,308.4999999999997,625
2026-08-04T19:15:00+00:00,308.4999999999997,308.64999999999975,308.3199999999997,308.51999999999975,545
2026-08-04T19:20:00+00:00,308.51999999999975,309.34999999999974,308.5099999999997,309.3099999999997,659
2026-08-04T19:25:00+00:00,309.3099999999997,309.5499999999997,309.2599999999997,309.3799999999997,735
2026-08-04T19:30:00+00:00,309.3799999999997,309.8799999999997,309.2999999999997,309.8799999999997,669
2026-08-04T19:35:00+00:00,309.8799999999997,310.02999999999975,309.76999999999975,309.82999999999976,723
2026-08-04T19:40:00+00:00,309.82999999999976,310.08999999999975,309.7599999999997,310.03999999999974,601
2026-08-04T19:45:00+00:00,310.03999999999974,310.20999999999975,309.8799999999997,310.16999999999973,766
2026-08-04T19:50:00+00:00,310.16999999999973,310.16999999999973,309.16999999999973,309.40999999999974,1445
2026-08-04T19:55:00+00:00,309.40999999999974,309.66999999999973,308.4499999999997,308.9999999999997,1844
2026-08-05T13:30:00+00:00,308.9999999999997,308.9999999999997,307.3699999999997,308.2999999999997,1501
2026-08-05T13:35:00+00:00,308.2999999999997,308.3699999999997,305.46999999999974,307.4899999999997,1630
2026-08-05T13:40:00+00:00,307.4899999999997,308.01999999999975,306.84999999999974,307.9299999999997,1528
2026-08-05T13:45:00+00:00,307.9299999999997,307.9499999999997,307.0499999999997,307.0599999999997,1301
2026-08-05T13:50:00+00:00,307.0599999999997,307.97999999999973,306.63999999999976,307.5099999999997,1313
2026-08-05T13:55:00+00:00,307.5099999999997,307.9299999999997,307.39999999999975,307.76999999999975,1110
2026-08-05T14:00:00+00:00,307.76999999999975,308.09999999999974,307.2999999999997,308.07999999999976,1415
2026-08-05T14:05:00+00:00,308.07999999999976,308.16999999999973,307.41999999999973,307.47999999999973,1293
2026-08-05T14:10:00+00:00,307.47999999999973,308.2999999999997,307.1299999999997,308.15999999999974,1373
2026-08-05T14:15:00+00:00,308.15999999999974,308.5099999999997,307.83999999999975,308.07999999999976,1276
2026-08-05T14:20:00+00:00,308.07999999999976,308.83999999999975,308.03999999999974,308.15999999999974,1362
2026-08-05T14:25:00+00:00,308.15999999999974,308.15999999999974,306.4999999999997,306.5099999999997,1320
2026-08-05T14:30:00+00:00,306.5099999999997,306.83999999999975,306.0599999999997,306.6199999999997,1427
2026-08-05T14:35:00+00:00,306.6199999999997,307.4299999999997,306.5499999999997,307.3199999999997,1324
2026-08-05T14:40:00+00:00,307.3199999999997,308.64999999999975,307.2999999999997,308.59999999999974,1448
2026-08-05T14:45:00+00:00,308.59999999999974,309.8699999999997,308.57999999999976,309.6999999999997,1385
2026-08-05T14:50:00+00:00,309.6999999999997,310.9999999999997,309.65999999999974,310.4899999999997,1564
2026-08-05T14:55:00+00:00,310.4899999999997,311.14999999999975,310.08999999999975,311.1199999999998,1174.2188449848024
2026-08-05T15:00:00+00:00,311.1199999999998,311.1799999999998,310.38999999999976,310.8099999999998,1376
2026-08-05T15:05:00+00:00,310.8099999999998,311.46999999999974,310.6699999999998,311.37999999999977,1274
2026-08-05T15:10:00+00:00,311.37999999999977,311.52999999999975,310.32999999999976,310.32999999999976,1221
2026-08-05T15:15:00+00:00,310.32999999999976,310.39999999999975,309.1099999999998,309.6099999999998,1356
2026-08-05T15:20:00+00:00,309.6099999999998,309.7299999999998,309.25999999999976,309.45999999999975,1075
2026-08-05T15:25:00+00:00,309.45999999999975,309.50999999999976,308.18999999999977,308.38999999999976,1016
2026-08-05T15:30:00+00:00,308.38999999999976,308.75999999999976,308.33999999999975,308.4799999999998,1046
2026-08-05T15:35:00+00:00,308.4799999999998,308.5599999999998,307.94999999999976,308.18999999999977,872
2026-08-05T15:40:00+00:00,308.18999999999977,308.2999999999998,307.9299999999998,308.06999999999977,799
2026-08-05T15:45:00+00:00,308.06999999999977,308.14999999999975,307.62999999999977,307.83999999999975,813
2026-08-05T15:50:00+00:00,307.83999999999975,308.3099999999998,307.69999999999976,308.20999999999975,790
2026-08-05T15:55:00+00:00,308.20999999999975,308.33999999999975,307.63999999999976,307.71999999999974,899
2026-08-05T16:00:00+00:00,307.71999999999974,308.7399999999998,307.68999999999977,308.46999999999974,953
2026-08-05T16:05:00+00:00,308.46999999999974,309.2299999999998,308.4199999999998,308.96999999999974,903
2026-08-05T16:10:00+00:00,308.96999999999974,309.1799999999998,308.69999999999976,308.8499999999998,960
2026-08-05T16:15:00+00:00,308.8499999999998,308.9199999999998,308.62999999999977,308.7299999999998,733
2026-08-05T16:20:00+00:00,308.7299999999998,309.14999999999975,308.6599999999998,308.83999999999975,666
2026-08-05T16:25:00+00:00,308.83999999999975,309.0599999999998,308.4099999999998,308.45999999999975,674
2026-08-05T16:30:00+00:00,308.45999999999975,308.7999999999998,308.25999999999976,308.7399999999998,761
2026-08-05T16:35:00+00:00,308.7399999999998,308.9299999999998,308.4299999999998,308.4899999999998,667
2026-08-05T16:40:00+00:00,308.4899999999998,309.12999999999977,308.44999999999976,309.0499999999998,690
2026-08-05T16:45:00+00:00,309.0499999999998,309.14999999999975,308.6799999999998,308.8699999999998,650
2026-08-05T16:50:00+00:00,308.8699999999998,308.9099999999998,308.5999999999998,308.81999999999977,608
2026-08-05T16:55:00+00:00,308.81999999999977,308.93999999999977,308.56999999999977,308.64999999999975,623
2026-08-05T17:00:00+00:00,308.64999999999975,308.9199999999998,308.57999999999976,308.8499999999998,510
2026-08-05T17:05:00+00:00,308.8499999999998,309.18999999999977,308.7299999999998,309.0599999999998,624
2026-08-05T17:10:00+00:00,309.0599999999998,309.58999999999975,309.0399999999998,309.5499999999998,746
2026-08-05T17:15:00+00:00,309.5499999999998,309.7999999999998,309.43999999999977,309.58999999999975,768
2026-08-05T17:20:00+00:00,309.58999999999975,309.62999999999977,309.3699999999998,309.6099999999998,665
2026-08-05T17:25:00+00:00,309.6099999999998,309.62999999999977,309.39999999999975,309.5399999999998,600
2026-08-05T17:30:00+00:00,309.5399999999998,309.9899999999998,309.4299999999998,309.9199999999998,686
2026-08-05T17:35:00+00:00,309.9199999999998,310.0399999999998,309.45999999999975,309.5599999999998,647
2026-08-05T17:40:00+00:00,309.5599999999998,309.75999999999976,309.19999999999976,309.4099999999998,700
2026-08-05T17:45:00+00:00,309.4099999999998,309.43999999999977,308.9099999999998,309.01999999999975,763
2026-08-05T17:50:00+00:00,309.01999999999975,309.08999999999975,308.77999999999975,308.93999999999977,576
2026-08-05T17:55:00+00:00,308.93999999999977,309.00999999999976,308.5399999999998,308.7399999999998,517
2026-08-05T18:00:00+00:00,308.7399999999998,308.76999999999975,308.37999999999977,308.51999999999975,524
2026-08-05T18:05:00+00:00,308.51999999999975,308.56999999999977,308.33999999999975,308.45999999999975,508
2026-08-05T18:10:00+00:00,308.45999999999975,308.46999999999974,308.1199999999998,308.3099999999998,461
2026-08-05T18:15:00+00:00,308.3099999999998,308.4999999999998,308.1699999999998,308.43999999999977,423
2026-08-05T18:20:00+00:00,308.43999999999977,308.44999999999976,308.12999999999977,308.13999999999976,502
2026-08-05T18:25:00+00:00,308.13999999999976,308.2399999999998,307.88999999999976,308.00999999999976,420
2026-08-05T18:30:00+00:00,308.00999999999976,308.1699999999998,307.88999999999976,308.14999999999975,432
2026-08-05T18:35:00+00:00,308.14999999999975,308.3099999999998,308.0999999999998,308.2399999999998,507
2026-08-05T18:40:00+00:00,308.2399999999998,308.5599999999998,308.21999999999974,308.44999999999976,539
2026-08-05T18:45:00+00:00,308.44999999999976,308.5599999999998,308.2999999999998,308.4999999999998,430
2026-08-05T18:50:00+00:00,308.4999999999998,308.9199999999998,308.4299999999998,308.8099999999998,417
2026-08-05T18:55:00+00:00,308.8099999999998,308.9099999999998,308.62999999999977,308.7399999999998,475
2026-08-05T19:00:00+00:00,308.7399999999998,308.87999999999977,308.4999999999998,308.5599999999998,597
2026-08-05T19:05:00+00:00,308.5599999999998,308.9299999999998,308.4999999999998,308.8499999999998,457
2026-08-05T19:10:00+00:00,308.8499999999998,308.8499999999998,308.6199999999998,308.7399999999998,406
2026-08-05T19:15:00+00:00,308.7399999999998,308.88999999999976,308.71999999999974,308.7999999999998,380
2026-08-05T19:20:00+00:00,308.7999999999998,309.6799999999998,308.7499999999998,309.6799999999998,548
2026-08-05T19:25:00+00:00,309.6799999999998,309.69999999999976,309.4199999999998,309.44999999999976,690
2026-08-05T19:30:00+00:00,309.44999999999976,309.88999999999976,309.3599999999998,309.7899999999998,778
2026-08-05T19:35:00+00:00,309.7899999999998,309.7899999999998,309.1799999999998,309.4999999999998,784
2026-08-05T19:40:00+00:00,309.4999999999998,309.7899999999998,309.31999999999977,309.70999999999975,724
2026-08-05T19:45:00+00:00,309.70999999999975,310.0499999999998,309.62999999999977,309.88999999999976,814
2026-08-05T19:50:00+00:00,309.88999999999976,310.7499999999998,309.88999999999976,310.7499999999998,1208
2026-08-05T19:55:00+00:00,310.7499999999998,311.3699999999998,310.37999999999977,310.76999999999975,2381
2026-08-06T13:30:00+00:00,310.76999999999975,315.76999999999975,310.76999999999975,314.06999999999977,1390
2026-08-06T13:35:00+00:00,314.06999999999977,314.69999999999976,313.25999999999976,313.6799999999998,1292
2026-08-06T13:40:00+00:00,313.6799999999998,314.88999999999976,313.63999999999976,314.45999999999975,1044
2026-08-06T13:45:00+00:00,314.45999999999975,315.75999999999976,314.3599999999998,315.2899999999998,1081
2026-08-06T13:50:00+00:00,315.2899999999998,315.8499999999998,314.83999999999975,315.8099999999998,1054
2026-08-06T13:55:00+00:00,315.8099999999998,316.06999999999977,314.57999999999976,314.57999999999976,1106
2026-08-06T14:00:00+00:00,314.57999999999976,314.9799999999998,314.13999999999976,314.5999999999998,1049
2026-08-06T14:05:00+00:00,314.5999999999998,314.5999999999998,313.4299999999998,313.4299999999998,961
2026-08-06T14:10:00+00:00,313.4299999999998,313.5399999999998,312.51999999999975,313.0499999999998,1247
2026-08-06T14:15:00+00:00,313.0499999999998,313.25999999999976,312.2399999999998,312.3599999999998,1050
2026-08-06T14:20:00+00:00,312.3599999999998,312.4899999999998,311.9299999999998,312.1799999999998,1319
2026-08-06T14:25:00+00:00,312.1799999999998,312.69999999999976,312.0599999999998,312.5999999999998,1180
2026-08-06T14:30:00+00:00,312.5999999999998,313.0399999999998,312.19999999999976,312.6799999999998,1264
2026-08-06T14:35:00+00:00,312.6799999999998,312.71999999999974,311.5999999999998,311.9299999999998,1141
2026-08-06T14:40:00+00:00,311.9299999999998,312.3099999999998,311.75999999999976,312.2299999999998,1015
2026-08-06T14:45:00+00:00,312.2299999999998,313.21999999999974,312.06999999999977,312.5999999999998,1069
2026-08-06T14:50:00+00:00,312.5999999999998,313.3599999999998,312.51999999999975,313.1199999999998,836
2026-08-06T14:55:00+00:00,313.1199999999998,313.39999999999975,312.82999999999976,313.1699999999998,859
2026-08-06T15:00:00+00:00,313.1699999999998,313.19999999999976,312.1199999999998,312.5999999999998,915
2026-08-06T15:05:00+00:00,312.5999999999998,312.6099999999998,312.21999999999974,312.38999999999976,807
2026-08-06T15:10:00+00:00,312.38999999999976,312.45999999999975,311.81999999999977,311.94999999999976,773
2026-08-06T15:15:00+00:00,311.94999999999976,312.06999999999977,310.5499999999998,310.5499999999998,928
2026-08-06T15:20:00+00:00,310.5499999999998,310.5499999999998,309.45999999999975,309.8699999999998,1065
2026-08-06T15:25:00+00:00,309.8699999999998,309.96999999999974,309.51999999999975,309.9199999999998,935
2026-08-06T15:30:00+00:00,309.9199999999998,310.1699999999998,309.5999999999998,310.0399999999998,835
2026-08-06T15:35:00+00:00,310.0399999999998,310.1699999999998,309.8499999999998,309.94999999999976,758
2026-08-06T15:40:00+00:00,309.94999999999976,310.1199999999998,309.76999999999975,309.8499999999998,663
2026-08-06T15:45:00+00:00,309.8499999999998,309.94999999999976,309.51999999999975,309.8599999999998,804
2026-08-06T15:50:00+00:00,309.8599999999998,310.0599999999998,309.56999999999977,309.64999999999975,825
2026-08-06T15:55:00+00:00,309.64999999999975,309.71999999999974,309.0499999999998,309.32999999999976,744
2026-08-06T16:00:00+00:00,309.32999999999976,309.76999999999975,309.19999999999976,309.76999999999975,673
2026-08-06T16:05:00+00:00,309.76999999999975,309.77999999999975,309.06999999999977,309.6699999999998,750
2026-08-06T16:10:00+00:00,309.6699999999998,309.87999999999977,309.4899999999998,309.7999999999998,621
2026-08-06T16:15:00+00:00,309.7999999999998,310.25999999999976,309.56999999999977,310.25999999999976,694
2026-08-06T16:20:00+00:00,310.25999999999976,310.8499999999998,310.2299999999998,310.69999999999976,631
2026-08-06T16:25:00+00:00,310.69999999999976,311.06999999999977,310.52999999999975,310.96999999999974,637
2026-08-06T16:30:00+00:00,310.96999999999974,311.2299999999998,310.9199999999998,311.21999999999974,583
2026-08-06T16:35:00+00:00,311.21999999999974,311.4799999999998,311.0999999999998,311.44999999999976,554
2026-08-06T16:40:00+00:00,311.44999999999976,311.44999999999976,311.06999999999977,311.12999999999977,504
2026-08-06T16:45:00+00:00,311.12999999999977,311.33999999999975,311.06999999999977,311.3099999999998,533
2026-08-06T16:50:00+00:00,311.3099999999998,311.33999999999975,311.1199999999998,311.3099999999998,526
2026-08-06T16:55:00+00:00,311.3099999999998,311.56999999999977,311.1699999999998,311.46999999999974,542
2026-08-06T17:00:00+00:00,311.46999999999974,311.56999999999977,311.2299999999998,311.3099999999998,406
2026-08-06T17:05:00+00:00,311.3099999999998,311.37999999999977,310.50999999999976,310.5599999999998,598
2026-08-06T17:10:00+00:00,310.5599999999998,310.7299999999998,310.52999999999975,310.68999999999977,520
2026-08-06T17:15:00+00:00,310.68999999999977,311.01999999999975,310.6799999999998,310.9299999999998,480
2026-08-06T17:20:00+00:00,310.9299999999998,311.07999999999976,310.83999999999975,311.02999999999975,429
2026-08-06T17:25:00+00:00,311.02999999999975,311.0399999999998,310.8599999999998,311.01999999999975,409
2026-08-06T17:30:00+00:00,311.01999999999975,311.2399999999998,310.94999999999976,311.1599999999998,426
2026-08-06T17:35:00+00:00,311.1599999999998,311.27999999999975,311.1099999999998,311.18999999999977,438
2026-08-06T17:40:00+00:00,311.18999999999977,311.3699999999998,311.1099999999998,311.3099999999998,446
2026-08-06T17:45:00+00:00,311.3099999999998,311.38999999999976,311.25999999999976,311.33999999999975,355
2026-08-06T17:50:00+00:00,311.33999999999975,311.76999999999975,311.32999999999976,311.75999999999976,359
2026-08-06T17:55:00+00:00,311.75999999999976,311.9799999999998,311.6699999999998,311.95999999999975,314
2026-08-06T18:00:00+00:00,311.95999999999975,312.02999999999975,311.76999999999975,311.9999999999998,448
2026-08-06T18:05:00+00:00,311.9999999999998,312.0599999999998,311.81999999999977,311.8499999999998,395
2026-08-06T18:10:00+00:00,311.8499999999998,312.01999999999975,311.77999999999975,311.7999999999998,352
2026-08-06T18:15:00+00:00,311.7999999999998,311.87999999999977,311.56999999999977,311.71999999999974,682
2026-08-06T18:20:00+00:00,311.71999999999974,312.0399999999998,311.71999999999974,311.9799999999998,437
2026-08-06T18:25:00+00:00,311.9799999999998,312.2499999999998,311.9199999999998,312.02999999999975,435
2026-08-06T18:30:00+00:00,312.02999999999975,312.25999999999976,311.9899999999998,312.1599999999998,409
2026-08-06T18:35:00+00:00,312.1599999999998,312.19999999999976,311.69999999999976,311.7399999999998,423
2026-08-06T18:40:00+00:00,311.7399999999998,311.94999999999976,311.68999999999977,311.7899999999998,434
2026-08-06T18:45:00+00:00,311.7899999999998,311.9899999999998,311.69999999999976,311.9299999999998,316
2026-08-06T18:50:00+00:00,311.9299999999998,312.0999999999998,311.7999999999998,312.0499999999998,392
2026-08-06T18:55:00+00:00,312.0499999999998,312.1599999999998,311.93999999999977,312.0599999999998,376
2026-08-06T19:00:00+00:00,312.0599999999998,312.20999999999975,311.87999999999977,312.1699999999998,475
2026-08-06T19:05:00+00:00,312.1699999999998,312.31999999999977,312.0999999999998,312.21999999999974,395
2026-08-06T19:10:00+00:00,312.21999999999974,312.27999999999975,312.06999999999977,312.21999999999974,391
2026-08-06T19:15:00+00:00,312.21999999999974,312.2399999999998,311.94999999999976,312.13999999999976,471
2026-08-06T19:20:00+00:00,312.13999999999976,312.6099999999998,312.1199999999998,312.43999999999977,529
2026-08-06T19:25:00+00:00,312.43999999999977,312.56999999999977,312.2499999999998,312.38999999999976,575
2026-08-06T19:30:00+00:00,312.38999999999976,312.5499999999998,312.18999999999977,312.51999999999975,598
2026-08-06T19:35:00+00:00,312.51999999999975,312.6199999999998,312.4199999999998,312.44999999999976,529
2026-08-06T19:40:00+00:00,312.44999999999976,312.68999999999977,312.3499999999998,312.5399999999998,588
2026-08-06T19:45:00+00:00,312.5399999999998,312.63999999999976,312.00999999999976,312.2299999999998,761
2026-08-06T19:50:00+00:00,312.2299999999998,312.3099999999998,311.56999999999977,312.00999999999976,1180
2026-08-06T19:55:00+00:00,312.00999999999976,312.56999999999977,311.95999999999975,312.32999999999976,1507
2026-08-07T13:30:00+00:00,312.32999999999976,313.5399999999998,310.83999999999975,313.02999999999975,1345
2026-08-07T13:35:00+00:00,313.02999999999975,313.3499999999998,311.8599999999998,312.0399999999998,1290
2026-08-07T13:40:00+00:00,312.0399999999998,312.0499999999998,310.5599999999998,311.5499999999998,1309
2026-08-07T13:45:00+00:00,311.5499999999998,311.9799999999998,310.95999999999975,311.02999999999975,1244
2026-08-07T13:50:00+00:00,311.02999999999975,311.58999999999975,310.82999999999976,311.57999999999976,1046
2026-08-07T13:55:00+00:00,311.57999999999976,311.77999999999975,311.2899999999998,311.45999999999975,1276
2026-08-07T14:00:00+00:00,311.45999999999975,312.0999999999998,311.43999999999977,312.0999999999998,1360
2026-08-07T14:05:00+00:00,312.0999999999998,312.33999999999975,311.70999999999975,312.21999999999974,1202
2026-08-07T14:10:00+00:00,312.21999999999974,312.2299999999998,311.8499999999998,311.9199999999998,1264
2026-08-07T14:15:00+00:00,311.9199999999998,312.83999999999975,311.51999999999975,312.83999999999975,1391
2026-08-07T14:20:00+00:00,312.83999999999975,313.89999999999975,312.7299999999998,313.7899999999998,1377
2026-08-07T14:25:00+00:00,313.7899999999998,313.9099999999998,313.44999999999976,313.83999999999975,1377
2026-08-07T14:30:00+00:00,313.83999999999975,314.63999999999976,313.77999999999975,314.0599999999998,1431
2026-08-07T14:35:00+00:00,314.0599999999998,314.1799999999998,313.69999999999976,313.9799999999998,1374
2026-08-07T14:40:00+00:00,313.9799999999998,314.18999999999977,313.8599999999998,314.0399999999998,1273
2026-08-07T14:45:00+00:00,314.0399999999998,314.1799999999998,313.81999999999977,313.83999999999975,939
2026-08-07T14:50:00+00:00,313.83999999999975,313.94999999999976,313.46999999999974,313.64999999999975,1022
2026-08-07T14:55:00+00:00,313.64999999999975,314.20999999999975,313.58999999999975,314.1199999999998,906
2026-08-07T15:00:00+00:00,314.1199999999998,314.14999999999975,313.83999999999975,314.02999999999975,770
2026-08-07T15:05:00+00:00,314.02999999999975,314.02999999999975,313.58999999999975,313.63999999999976,671
2026-08-07T15:10:00+00:00,313.63999999999976,313.82999999999976,313.3499999999998,313.71999999999974,897
2026-08-07T15:15:00+00:00,313.71999999999974,313.7299999999998,312.9299999999998,312.93999999999977,833
2026-08-07T15:20:00+00:00,312.93999999999977,313.07999999999976,312.82999999999976,312.9899999999998,781
2026-08-07T15:25:00+00:00,312.9899999999998,313.19999999999976,312.8599999999998,313.0999999999998,731
2026-08-07T15:30:00+00:00,313.0999999999998,313.20999999999975,312.2399999999998,312.2899999999998,822
2026-08-07T15:35:00+00:00,312.2899999999998,312.5599999999998,312.25999999999976,312.4299999999998,795
2026-08-07T15:40:00+00:00,312.4299999999998,312.4999999999998,312.2499999999998,312.4299999999998,718
2026-08-07T15:45:00+00:00,312.4299999999998,312.4299999999998,311.94999999999976,312.01999999999975,691
2026-08-07T15:50:00+00:00,312.01999999999975,312.12999999999977,311.82999999999976,312.1199999999998,784
2026-08-07T15:55:00+00:00,312.1199999999998,312.12999999999977,311.83999999999975,311.9799999999998,564
2026-08-07T16:00:00+00:00,311.9799999999998,312.21999999999974,311.83999999999975,312.21999999999974,600
2026-08-07T16:05:00+00:00,312.21999999999974,312.21999999999974,311.46999999999974,311.57999999999976,686
2026-08-07T16:10:00+00:00,311.57999999999976,311.6799999999998,311.3499999999998,311.6199999999998,779
2026-08-07T16:15:00+00:00,311.6199999999998,311.7299999999998,311.56999999999977,311.64999999999975,608
2026-08-07T16:20:00+00:00,311.64999999999975,311.76999999999975,311.4999999999998,311.5399999999998,669
2026-08-07T16:25:00+00:00,311.5399999999998,311.62999999999977,311.3499999999998,311.46999999999974,892
2026-08-07T16:30:00+00:00,311.46999999999974,311.70999999999975,311.4099999999998,311.70999999999975,752
2026-08-07T16:35:00+00:00,311.70999999999975,311.95999999999975,311.68999999999977,311.88999999999976,765
2026-08-07T16:40:00+00:00,311.88999999999976,312.0599999999998,311.82999999999976,311.95999999999975,597
2026-08-07T16:45:00+00:00,311.95999999999975,312.2899999999998,311.88999999999976,312.14999999999975,605
2026-08-07T16:50:00+00:00,312.14999999999975,312.1699999999998,311.9199999999998,311.95999999999975,648
2026-08-07T16:55:00+00:00,311.95999999999975,312.0999999999998,311.9199999999998,312.00999999999976,540
2026-08-07T17:00:00+00:00,312.00999999999976,312.2999999999998,311.9899999999998,312.2299999999998,573
2026-08-07T17:05:00+00:00,312.2299999999998,312.3499999999998,312.06999999999977,312.08999999999975,509
2026-08-07T17:10:00+00:00,312.08999999999975,312.37999999999977,312.06999999999977,312.2399999999998,458
2026-08-07T17:15:00+00:00,312.2399999999998,312.4799999999998,312.06999999999977,312.4299999999998,481
2026-08-07T17:20:00+00:00,312.4299999999998,312.71999999999974,312.4199999999998,312.63999999999976,466
2026-08-07T17:25:00+00:00,312.63999999999976,312.6599999999998,312.46999999999974,312.5499999999998,517
2026-08-07T17:30:00+00:00,312.5499999999998,312.71999999999974,312.43999999999977,312.46999999999974,593
2026-08-07T17:35:00+00:00,312.46999999999974,312.82999999999976,312.3699999999998,312.7299999999998,508
2026-08-07T17:40:00+00:00,312.7299999999998,312.87999999999977,312.64999999999975,312.8099999999998,430
2026-08-07T17:45:00+00:00,312.8099999999998,312.9999999999998,312.7899999999998,312.89999999999975,411
2026-08-07T17:50:00+00:00,312.89999999999975,313.0599999999998,312.68999999999977,312.7999999999998,552
2026-08-07T17:55:00+00:00,312.7999999999998,312.9799999999998,312.70999999999975,312.7999999999998,609
2026-08-07T18:00:00+00:00,312.7999999999998,312.8599999999998,312.38999999999976,312.57999999999976,697
2026-08-07T18:05:00+00:00,312.57999999999976,312.63999999999976,312.25999999999976,312.3099999999998,529
2026-08-07T18:10:00+00:00,312.3099999999998,312.50999999999976,312.0499999999998,312.1799999999998,445
2026-08-07T18:15:00+00:00,312.1799999999998,312.19999999999976,311.87999999999977,312.06999999999977,575
2026-08-07T18:20:00+00:00,312.06999999999977,312.1599999999998,311.87999999999977,311.9099999999998,420
2026-08-07T18:25:00+00:00,311.9099999999998,311.9799999999998,311.62999999999977,311.71999999999974,403
2026-08-07T18:30:00+00:00,311.71999999999974,311.7899999999998,311.4999999999998,311.6099999999998,407
2026-08-07T18:35:00+00:00,311.6099999999998,311.77999999999975,311.5999999999998,311.7399999999998,348
2026-08-07T18:40:00+00:00,311.7399999999998,311.8899999999998,311.6299999999998,311.67999999999984,412
2026-08-07T18:45:00+00:00,311.67999999999984,311.7899999999998,311.6399999999998,311.7199999999998,368
2026-08-07T18:50:00+00:00,311.7199999999998,312.0099999999998,311.7199999999998,311.9699999999998,436
2026-08-07T18:55:00+00:00,311.9699999999998,312.2199999999998,311.92999999999984,312.1699999999998,430
2026-08-07T19:00:00+00:00,312.1699999999998,312.2999999999998,312.0699999999998,312.2399999999998,550
2026-08-07T19:05:00+00:00,312.2399999999998,312.5699999999998,312.1699999999998,312.5499999999998,401
2026-08-07T19:10:00+00:00,312.5499999999998,312.7399999999998,312.5099999999998,312.67999999999984,520
2026-08-07T19:15:00+00:00,312.67999999999984,312.9599999999998,312.6499999999998,312.6999999999998,583
2026-08-07T19:20:00+00:00,312.6999999999998,313.0899999999998,312.6399999999998,313.0199999999998,404
2026-08-07T19:25:00+00:00,313.0199999999998,313.2299999999998,313.0099999999998,313.0899999999998,496
2026-08-07T19:30:00+00:00,313.0899999999998,313.1399999999998,312.8399999999998,312.9199999999998,713
2026-08-07T19:35:00+00:00,312.9199999999998,313.0799999999998,312.8399999999998,313.0499999999998,586
2026-08-07T19:40:00+00:00,313.0499999999998,313.1599999999998,312.9099999999998,313.0999999999998,666
2026-08-07T19:45:00+00:00,313.0999999999998,313.1499999999998,312.8399999999998,312.9099999999998,559
2026-08-07T19:50:00+00:00,312.9099999999998,313.42999999999984,312.74999999999983,312.9599999999998,945
2026-08-07T19:55:00+00:00,312.9599999999998,314.0099999999998,312.9499999999998,313.1399999999998,1158
2026-08-10T13:30:00+00:00,313.1399999999998,313.1399999999998,304.4399999999998,306.4399999999998,1450
2026-08-10T13:35:00+00:00,306.4399999999998,306.4599999999998,304.7399999999998,305.7099999999998,1602
2026-08-10T13:40:00+00:00,305.7099999999998,306.30999999999983,305.4499999999998,305.6899999999998,1782
2026-08-10T13:45:00+00:00,305.6899999999998,306.6899999999998,305.4899999999998,306.6899999999998,1764
2026-08-10T13:50:00+00:00,306.6899999999998,307.2199999999998,305.9499999999998,306.3499999999998,1511
2026-08-10T13:55:00+00:00,306.3499999999998,307.0399999999998,306.2699999999998,306.8199999999998,1183
2026-08-10T14:00:00+00:00,306.8199999999998,307.2599999999998,306.42999999999984,307.1699999999998,880
2026-08-10T14:05:00+00:00,307.1699999999998,307.2199999999998,306.0499999999998,306.2599999999998,716
2026-08-10T14:10:00+00:00,306.2599999999998,306.36999999999983,305.7899999999998,306.3499999999998,723
2026-08-10T14:15:00+00:00,306.3499999999998,306.8799999999998,306.0899999999998,306.8799999999998,661
2026-08-10T14:20:00+00:00,306.8799999999998,307.2599999999998,306.5499999999998,306.5899999999998,728
2026-08-10T14:25:00+00:00,306.5899999999998,307.05999999999983,306.4799999999998,306.7199999999998,626
2026-08-10T14:30:00+00:00,306.7199999999998,307.0299999999998,306.5399999999998,306.7199999999998,632
2026-08-10T14:35:00+00:00,306.7199999999998,306.7999999999998,306.3399999999998,306.4499999999998,562
2026-08-10T14:40:00+00:00,306.4499999999998,306.61999999999983,306.2899999999998,306.5699999999998,425
2026-08-10T14:45:00+00:00,306.5699999999998,306.6999999999998,306.0399999999998,306.2299999999998,609
2026-08-10T14:50:00+00:00,306.2299999999998,306.67999999999984,306.1699999999998,306.67999999999984,582
2026-08-10T14:55:00+00:00,306.67999999999984,307.0299999999998,306.4599999999998,306.8999999999998,525
2026-08-10T15:00:00+00:00,306.8999999999998,306.9799999999998,306.4599999999998,306.4899999999998,515
2026-08-10T15:05:00+00:00,306.4899999999998,306.5799999999998,306.2599999999998,306.4099999999998,377
2026-08-10T15:10:00+00:00,306.4099999999998,306.67999999999984,306.2399999999998,306.2399999999998,419
2026-08-10T15:15:00+00:00,306.2399999999998,306.7099999999998,306.1299999999998,306.4399999999998,450
2026-08-10T15:20:00+00:00,306.4399999999998,306.5799999999998,306.3899999999998,306.4499999999998,312
2026-08-10T15:25:00+00:00,306.4499999999998,306.5199999999998,306.2399999999998,306.3599999999998,389
2026-08-10T15:30:00+00:00,306.3599999999998,306.4499999999998,306.2199999999998,306.2399999999998,357
2026-08-10T15:35:00+00:00,306.2399999999998,306.4799999999998,306.11999999999983,306.3299999999998,317
2026-08-10T15:40:00+00:00,306.3299999999998,306.5699999999998,306.2599999999998,306.3799999999998,325
2026-08-10T15:45:00+00:00,306.3799999999998,306.5199999999998,306.3399999999998,306.4799999999998,292
2026-08-10T15:50:00+00:00,306.4799999999998,306.7699999999998,306.3499999999998,306.6699999999998,382
2026-08-10T15:55:00+00:00,306.6699999999998,307.0699999999998,306.5999999999998,306.9599999999998,400
2026-08-10T16:00:00+00:00,306.9599999999998,307.0699999999998,306.2899999999998,306.30999999999983,523
2026-08-10T16:05:00+00:00,306.30999999999983,306.3799999999998,305.8599999999998,305.8899999999998,525
2026-08-10T16:10:00+00:00,305.8899999999998,305.9199999999998,305.2599999999998,305.36999999999983,573
2026-08-10T16:15:00+00:00,305.36999999999983,305.5099999999998,304.86999999999983,305.49999999999983,557
2026-08-10T16:20:00+00:00,305.49999999999983,305.8199999999998,305.3499999999998,305.4599999999998,492
2026-08-10T16:25:00+00:00,305.4599999999998,305.49999999999983,305.24999999999983,305.3499999999998,314
2026-08-10T16:30:00+00:00,305.3499999999998,305.5199999999998,304.9899999999998,305.0899999999998,518
2026-08-10T16:35:00+00:00,305.0899999999998,305.4599999999998,304.99999999999983,305.2999999999998,472
2026-08-10T16:40:00+00:00,305.2999999999998,305.5899999999998,305.2099999999998,305.4099999999998,482
2026-08-10T16:45:00+00:00,305.4099999999998,305.74999999999983,305.4099999999998,305.6599999999998,440
2026-08-10T16:50:00+00:00,305.6599999999998,305.9099999999998,305.6399999999998,305.8899999999998,281
2026-08-10T16:55:00+00:00,305.8899999999998,306.11999999999983,305.80999999999983,306.1099999999998,361
2026-08-10T17:00:00+00:00,306.1099999999998,306.2999999999998,306.0399999999998,306.2999999999998,273
2026-08-10T17:05:00+00:00,306.2999999999998,306.4799999999998,306.0699999999998,306.4399999999998,301
2026-08-10T17:10:00+00:00,306.4399999999998,306.4499999999998,306.1399999999998,306.2599999999998,293
2026-08-10T17:15:00+00:00,306.2599999999998,306.6299999999998,306.24999999999983,306.2599999999998,326
2026-08-10T17:20:00+00:00,306.2599999999998,306.4399999999998,306.0999999999998,306.3899999999998,289
2026-08-10T17:25:00+00:00,306.3899999999998,306.42999999999984,306.0799999999998,306.2999999999998,303
2026-08-10T17:30:00+00:00,306.2999999999998,306.3999999999998,306.1399999999998,306.2999999999998,318
2026-08-10T17:35:00+00:00,306.2999999999998,306.61999999999983,306.1999999999998,306.4099999999998,272
2026-08-10T17:40:00+00:00,306.4099999999998,306.6699999999998,306.3599999999998,306.5499999999998,241
2026-08-10T17:45:00+00:00,306.5499999999998,306.5999999999998,305.8399999999998,306.1899999999998,493
2026-08-10T17:50:00+00:00,306.1899999999998,306.2299999999998,306.0399999999998,306.1099999999998,311
2026-08-10T17:55:00+00:00,306.1099999999998,306.6299999999998,306.1099999999998,306.55999999999983,265
2026-08-10T18:00:00+00:00,306.55999999999983,306.8199999999998,306.4699999999998,306.5199999999998,310
2026-08-10T18:05:00+00:00,306.5199999999998,306.5699999999998,306.4399999999998,306.5299999999998,260
2026-08-10T18:10:00+00:00,306.5299999999998,306.6399999999998,306.3599999999998,306.4399999999998,266
2026-08-10T18:15:00+00:00,306.4399999999998,306.5899999999998,306.3399999999998,306.4399999999998,266
2026-08-10T18:20:00+00:00,306.4399999999998,306.55999999999983,306.3899999999998,306.3999999999998,204
2026-08-10T18:25:00+00:00,306.3999999999998,306.6099999999998,306.3999999999998,306.4899999999998,240
2026-08-10T18:30:00+00:00,306.4899999999998,306.80999999999983,306.4599999999998,306.6599999999998,315
2026-08-10T18:35:00+00:00,306.6599999999998,306.7099999999998,306.4799999999998,306.5099999999998,186
2026-08-10T18:40:00+00:00,306.5099999999998,306.67999999999984,306.4099999999998,306.6599999999998,218
2026-08-10T18:45:00+00:00,306.6599999999998,306.6899999999998,306.5399999999998,306.6499999999998,211
2026-08-10T18:50:00+00:00,306.6499999999998,307.0899999999998,306.5699999999998,306.9899999999998,223
2026-08-10T18:55:00+00:00,306.9899999999998,307.0499999999998,306.8399999999998,306.8799999999998,307
2026-08-10T19:00:00+00:00,306.8799999999998,307.0499999999998,306.86999999999983,307.0299999999998,256
2026-08-10T19:05:00+00:00,307.0299999999998,307.1899999999998,306.92999999999984,307.05999999999983,257
2026-08-10T19:10:00+00:00,307.05999999999983,307.2799999999998,306.9899999999998,307.24999999999983,233
2026-08-10T19:15:00+00:00,307.24999999999983,307.3499999999998,307.0699999999998,307.3399999999998,295
2026-08-10T19:20:00+00:00,307.3399999999998,307.49999999999983,307.11999999999983,307.36999999999983,328
2026-08-10T19:25:00+00:00,307.36999999999983,307.4699999999998,307.0399999999998,307.0699999999998,327
2026-08-10T19:30:00+00:00,307.0699999999998,307.0899999999998,306.80999999999983,306.8599999999998,491
2026-08-10T19:35:00+00:00,306.8599999999998,307.17999999999984,306.8399999999998,307.1699999999998,343
2026-08-10T19:40:00+00:00,307.1699999999998,307.2799999999998,307.05999999999983,307.0799999999998,373
2026-08-10T19:45:00+00:00,307.0799999999998,307.4399999999998,306.9899999999998,307.3199999999998,372
2026-08-10T19:50:00+00:00,307.3199999999998,307.3299999999998,306.6599999999998,306.7699999999998,801
2026-08-10T19:55:00+00:00,306.7699999999998,308.0999999999998,306.7699999999998,307.9399999999998,1195
2026-08-11T13:30:00+00:00,307.9399999999998,309.61999999999983,307.1999999999998,308.0499999999998,1310
2026-08-11T13:35:00+00:00,308.0499999999998,308.0499999999998,306.1999999999998,306.5099999999998,1712
2026-08-11T13:40:00+00:00,306.5099999999998,306.74999999999983,306.0699999999998,306.1999999999998,1623
2026-08-11T13:45:00+00:00,306.1999999999998,306.4499999999998,305.6899999999998,305.6899999999998,1555
2026-08-11T13:50:00+00:00,305.6899999999998,306.1299999999998,305.5099999999998,305.9699999999998,1440
2026-08-11T13:55:00+00:00,305.9699999999998,306.3499999999998,305.9399999999998,306.0499999999998,1178
2026-08-11T14:00:00+00:00,306.0499999999998,306.36999999999983,305.92999999999984,306.3299999999998,1439
2026-08-11T14:05:00+00:00,306.3299999999998,306.4899999999998,306.0799999999998,306.3199999999998,1176
2026-08-11T14:10:00+00:00,306.3199999999998,306.5299999999998,305.8599999999998,306.1699999999998,997
2026-08-11T14:15:00+00:00,306.1699999999998,306.36999999999983,305.9699999999998,306.2599999999998,1036
2026-08-11T14:20:00+00:00,306.2599999999998,306.5299999999998,306.1699999999998,306.1999999999998,1050
2026-08-11T14:25:00+00:00,306.1999999999998,306.1999999999998,305.7199999999998,305.9799999999998,947
2026-08-11T14:30:00+00:00,305.9799999999998,306.5399999999998,305.92999999999984,306.5399999999998,1394
2026-08-11T14:35:00+00:00,306.5399999999998,306.6699999999998,306.3299999999998,306.61999999999983,1061
2026-08-11T14:40:00+00:00,306.61999999999983,306.7699999999998,306.4499999999998,306.4799999999998,1105
2026-08-11T14:45:00+00:00,306.4799999999998,306.7699999999998,306.3399999999998,306.3499999999998,1164
2026-08-11T14:50:00+00:00,306.3499999999998,306.6299999999998,306.3499999999998,306.5499999999998,1066
2026-08-11T14:55:00+00:00,306.5499999999998,306.5999999999998,306.3799999999998,306.3899999999998,835
2026-08-11T15:00:00+00:00,306.3899999999998,306.5299999999998,306.1699999999998,306.2899999999998,972
2026-08-11T15:05:00+00:00,306.2899999999998,306.3199999999998,305.8599999999998,305.9499999999998,1169
2026-08-11T15:10:00+00:00,305.9499999999998,306.1999999999998,305.9399999999998,306.0499999999998,1026
2026-08-11T15:15:00+00:00,306.0499999999998,306.2699999999998,305.9599999999998,306.1599999999998,1082
2026-08-11T15:20:00+00:00,306.1599999999998,306.4499999999998,306.0699999999998,306.4199999999998,801
2026-08-11T15:25:00+00:00,306.4199999999998,306.5999999999998,306.30999999999983,306.5499999999998,709
2026-08-11T15:30:00+00:00,306.5499999999998,306.6899999999998,306.4099999999998,306.4699999999998,989
2026-08-11T15:35:00+00:00,306.4699999999998,306.5699999999998,306.30999999999983,306.5099999999998,1052
2026-08-11T15:40:00+00:00,306.5099999999998,307.1899999999998,306.4099999999998,307.0899999999998,883
2026-08-11T15:45:00+00:00,307.0899999999998,307.30999999999983,306.9699999999998,307.30999999999983,736
2026-08-11T15:50:00+00:00,307.30999999999983,307.4399999999998,307.0099999999998,307.0799999999998,897
2026-08-11T15:55:00+00:00,307.0799999999998,307.1699999999998,306.8299999999998,307.0699999999998,941
2026-08-11T16:00:00+00:00,307.0699999999998,307.1999999999998,306.8599999999998,306.8999999999998,899
2026-08-11T16:05:00+00:00,306.8999999999998,307.0799999999998,306.7599999999998,306.8899999999998,761
2026-08-11T16:10:00+00:00,306.8899999999998,306.8899999999998,306.49999999999983,306.61999999999983,869
2026-08-11T16:15:00+00:00,306.61999999999983,306.8399999999998,306.5699999999998,306.8399999999998,805
2026-08-11T16:20:00+00:00,306.8399999999998,306.9599999999998,306.6399999999998,306.6999999999998,801
2026-08-11T16:25:00+00:00,306.6999999999998,306.6999999999998,306.24999999999983,306.36999999999983,939
2026-08-11T16:30:00+00:00,306.36999999999983,306.42999999999984,306.0899999999998,306.0899999999998,903
2026-08-11T16:35:00+00:00,306.0899999999998,306.3999999999998,306.0499999999998,306.2999999999998,802
2026-08-11T16:40:00+00:00,306.2999999999998,306.2999999999998,305.5999999999998,305.6699999999998,844
2026-08-11T16:45:00+00:00,305.6699999999998,306.0499999999998,305.5399999999998,305.9799999999998,1107
2026-08-11T16:50:00+00:00,305.9799999999998,306.17999999999984,305.8499999999998,306.1299999999998,639
2026-08-11T16:55:00+00:00,306.1299999999998,306.2199999999998,305.9599999999998,306.0499999999998,433
2026-08-11T17:00:00+00:00,306.0499999999998,306.1099999999998,305.8499999999998,305.9199999999998,563
2026-08-11T17:05:00+00:00,305.9199999999998,306.1399999999998,305.8999999999998,306.0699999999998,568
2026-08-11T17:10:00+00:00,306.0699999999998,306.1299999999998,305.7899999999998,305.7899999999998,461
2026-08-11T17:15:00+00:00,305.7899999999998,305.9799999999998,305.7899999999998,305.9499999999998,524
2026-08-11T17:20:00+00:00,305.9499999999998,306.1299999999998,305.92999999999984,306.1299999999998,582
2026-08-11T17:25:00+00:00,306.1299999999998,306.1399999999998,305.9799999999998,306.0099999999998,333
2026-08-11T17:30:00+00:00,306.0099999999998,306.11999999999983,305.9499999999998,306.0499999999998,473
2026-08-11T17:35:00+00:00,306.0499999999998,306.2699999999998,305.9899999999998,306.1899999999998,671
2026-08-11T17:40:00+00:00,306.1899999999998,306.3499999999998,306.0899999999998,306.2399999999998,503
2026-08-11T17:45:00+00:00,306.2399999999998,306.3199999999998,305.7399999999998,305.8399999999998,797
2026-08-11T17:50:00+00:00,305.8399999999998,306.0399999999998,305.5899999999998,305.9399999999998,709
2026-08-11T17:55:00+00:00,305.9399999999998,306.0699999999998,305.8399999999998,305.8599999999998,689
2026-08-11T18:00:00+00:00,305.8599999999998,305.86999999999983,305.5899999999998,305.5999999999998,766
2026-08-11T18:05:00+00:00,305.5999999999998,305.6499999999998,304.86999999999983,305.0899999999998,844
2026-08-11T18:10:00+00:00,305.0899999999998,305.1099999999998,304.6099999999998,304.7699999999998,804
2026-08-11T18:15:00+00:00,304.7699999999998,304.8399999999998,304.5399999999998,304.6999999999998,470
2026-08-11T18:20:00+00:00,304.6999999999998,304.6999999999998,303.7699999999998,303.8199999999998,895
2026-08-11T18:25:00+00:00,303.8199999999998,303.8399999999998,302.61999999999983,303.1099999999998,1464
2026-08-11T18:30:00+00:00,303.1099999999998,303.5099999999998,302.7899999999998,303.4499999999998,951
2026-08-11T18:35:00+00:00,303.4499999999998,303.6099999999998,302.8499999999998,303.0099999999998,1063
2026-08-11T18:40:00+00:00,303.0099999999998,303.4399999999998,302.9699999999998,303.24999999999983,916
2026-08-11T18:45:00+00:00,303.24999999999983,303.4599999999998,302.9499999999998,303.3499999999998,989
2026-08-11T18:50:00+00:00,303.3499999999998,304.24999999999983,303.3199999999998,304.2399999999998,965
2026-08-11T18:55:00+00:00,304.2399999999998,304.4199999999998,304.1399999999998,304.1599999999998,762
2026-08-11T19:00:00+00:00,304.1599999999998,304.2999999999998,303.8399999999998,304.0499999999998,864
2026-08-11T19:05:00+00:00,304.0499999999998,304.3499999999998,303.9399999999998,304.3299999999998,712
2026-08-11T19:10:00+00:00,304.3299999999998,304.6499999999998,304.2899999999998,304.55999999999983,613
2026-08-11T19:15:00+00:00,304.55999999999983,304.8299999999998,304.55999999999983,304.6999999999998,584
2026-08-11T19:20:00+00:00,304.6999999999998,304.8499999999998,304.6399999999998,304.74999999999983,577
2026-08-11T19:25:00+00:00,304.74999999999983,305.0299999999998,304.7099999999998,304.9399999999998,621
2026-08-11T19:30:00+00:00,304.9399999999998,305.1399999999998,304.2099999999998,304.2799999999998,1048
2026-08-11T19:35:00+00:00,304.2799999999998,304.5899999999998,304.2699999999998,304.4499999999998,971
2026-08-11T19:40:00+00:00,304.4499999999998,304.55999999999983,304.3399999999998,304.3899999999998,724
2026-08-11T19:45:00+00:00,304.3899999999998,304.4699999999998,304.0199999999998,304.2999999999998,888
2026-08-11T19:50:00+00:00,304.2999999999998,304.7599999999998,303.7999999999998,304.5999999999998,908
2026-08-11T19:55:00+00:00,304.5999999999998,304.9199999999998,304.2999999999998,304.7599999999998,1118
2026-08-12T13:30:00+00:00,304.7599999999998,305.2599999999998,302.0099999999998,302.80999999999983,1294
2026-08-12T13:35:00+00:00,302.80999999999983,303.5199999999998,302.5699999999998,303.2899999999998,1098
2026-08-12T13:40:00+00:00,303.2899999999998,303.5499999999998,302.9499999999998,303.1999999999998,1248
2026-08-12T13:45:00+00:00,303.1999999999998,303.2899999999998,302.7599999999998,302.7599999999998,1232
2026-08-12T13:50:00+00:00,302.7599999999998,303.0099999999998,302.3899999999998,302.9399999999998,1385
2026-08-12T13:55:00+00:00,302.9399999999998,303.2699999999998,302.8399999999998,303.1999999999998,1191
2026-08-12T14:00:00+00:00,303.1999999999998,304.1499999999998,302.9399999999998,303.3999999999998,1629
2026-08-12T14:05:00+00:00,303.3999999999998,303.6299999999998,302.86999999999983,302.8799999999998,1185
2026-08-12T14:10:00+00:00,302.8799999999998,303.1299999999998,302.0899999999998,302.2999999999998,1357
2026-08-12T14:15:00+00:00,302.2999999999998,302.5299999999998,302.1399999999998,302.17999999999984,1218
2026-08-12T14:20:00+00:00,302.17999999999984,302.6399999999998,302.1399999999998,302.4199999999998,1038
2026-08-12T14:25:00+00:00,302.4199999999998,302.61999999999983,302.1499999999998,302.1699999999998,877
2026-08-12T14:30:00+00:00,302.1699999999998,302.6699999999998,302.1399999999998,302.4499999999998,1410
2026-08-12T14:35:00+00:00,302.4499999999998,302.7999999999998,302.3499999999998,302.5299999999998,1072
2026-08-12T14:40:00+00:00,302.5299999999998,302.7699999999998,302.4199999999998,302.7699999999998,923
2026-08-12T14:45:00+00:00,302.7699999999998,302.8599999999998,302.2199999999998,302.2199999999998,993
2026-08-12T14:50:00+00:00,302.2199999999998,302.67999999999984,301.8999999999998,302.61999999999983,1161
2026-08-12T14:55:00+00:00,302.61999999999983,303.0199999999998,302.2799999999998,302.2799999999998,1222.3999185501934
2026-08-12T15:00:00+00:00,302.2799999999998,302.6699999999998,302.0599999999998,302.0699999999998,898
2026-08-12T15:05:00+00:00,302.0699999999998,302.2999999999998,302.0499999999998,302.1699999999998,912
2026-08-12T15:10:00+00:00,302.1699999999998,302.1899999999998,301.4099999999998,301.5499999999998,1004
2026-08-12T15:15:00+00:00,301.5499999999998,301.5799999999998,301.3099999999998,301.4799999999998,1058
2026-08-12T15:20:00+00:00,301.4799999999998,301.4999999999998,300.8899999999998,300.9099999999998,1065
2026-08-12T15:25:00+00:00,300.9099999999998,301.1299999999998,300.8799999999998,300.9299999999998,977
2026-08-12T15:30:00+00:00,300.9299999999998,300.9499999999998,300.4199999999998,300.7099999999998,1020
2026-08-12T15:35:00+00:00,300.7099999999998,301.1299999999998,300.6999999999998,300.8299999999998,958
2026-08-12T15:40:00+00:00,300.8299999999998,300.8799999999998,300.5999999999998,300.6999999999998,811
2026-08-12T15:45:00+00:00,300.6999999999998,300.8099999999998,300.5299999999998,300.7899999999998,682
2026-08-12T15:50:00+00:00,300.7899999999998,300.9099999999998,300.4599999999998,300.7599999999998,599
2026-08-12T15:55:00+00:00,300.7599999999998,301.0799999999998,300.7299999999998,301.0199999999998,800
2026-08-12T16:00:00+00:00,301.0199999999998,301.2899999999998,300.9599999999998,300.9799999999998,734
2026-08-12T16:05:00+00:00,300.9799999999998,301.4799999999998,300.8499999999998,301.3799999999998,600
2026-08-12T16:10:00+00:00,301.3799999999998,301.6499999999998,301.3099999999998,301.6299999999998,633
2026-08-12T16:15:00+00:00,301.6299999999998,301.6499999999998,301.2399999999998,301.2999999999998,629
2026-08-12T16:20:00+00:00,301.2999999999998,301.3499999999998,301.1599999999998,301.3199999999998,519
2026-08-12T16:25:00+00:00,301.3199999999998,301.3999999999998,301.0999999999998,301.3699999999998,651
2026-08-12T16:30:00+00:00,301.3699999999998,301.4599999999998,301.2099999999998,301.3799999999998,600
2026-08-12T16:35:00+00:00,301.3799999999998,301.5499999999998,301.2499999999998,301.5399999999998,531
2026-08-12T16:40:00+00:00,301.5399999999998,301.7499999999998,301.4499999999998,301.7099999999998,571
2026-08-12T16:45:00+00:00,301.7099999999998,301.7599999999998,301.4499999999998,301.5799999999998,499
2026-08-12T16:50:00+00:00,301.5799999999998,301.9699999999998,301.5799999999998,301.9299999999998,549
2026-08-12T16:55:00+00:00,301.9299999999998,302.0799999999998,301.7899999999998,302.0299999999998,671
2026-08-12T17:00:00+00:00,302.0299999999998,302.0599999999998,301.8599999999998,302.0099999999998,448
2026-08-12T17:05:00+00:00,302.0099999999998,302.2099999999998,301.9899999999998,302.1499999999998,445
2026-08-12T17:10:00+00:00,302.1499999999998,302.3599999999998,302.0299999999998,302.2599999999998,548
2026-08-12T17:15:00+00:00,302.2599999999998,302.3599999999998,301.8999999999998,301.9899999999998,578
2026-08-12T17:20:00+00:00,301.9899999999998,302.2699999999998,301.9699999999998,302.2599999999998,589
2026-08-12T17:25:00+00:00,302.2599999999998,302.3199999999998,301.9999999999998,302.0099999999998,461
2026-08-12T17:30:00+00:00,302.0099999999998,302.0799999999998,301.8799999999998,302.0099999999998,458
2026-08-12T17:35:00+00:00,302.0099999999998,302.1399999999998,301.8699999999998,301.9599999999998,414
2026-08-12T17:40:00+00:00,301.9599999999998,301.9899999999998,301.5799999999998,301.5999999999998,502
2026-08-12T17:45:00+00:00,301.5999999999998,301.6499999999998,301.3999999999998,301.4199999999998,466
2026-08-12T17:50:00+00:00,301.4199999999998,301.4699999999998,301.1199999999998,301.3099999999998,626
2026-08-12T17:55:00+00:00,301.3099999999998,301.3999999999998,301.2599999999998,301.3599999999998,400
2026-08-12T18:00:00+00:00,301.3599999999998,301.4899999999998,301.3499999999998,301.4199999999998,443
2026-08-12T18:05:00+00:00,301.4199999999998,301.6299999999998,301.3499999999998,301.4299999999998,548
2026-08-12T18:10:00+00:00,301.4299999999998,301.4999999999998,301.3699999999998,301.4099999999998,450
2026-08-12T18:15:00+00:00,301.4099999999998,301.4399999999998,301.1199999999998,301.2299999999998,472
2026-08-12T18:20:00+00:00,301.2299999999998,301.3199999999998,300.9899999999998,301.0799999999998,546
2026-08-12T18:25:00+00:00,301.0799999999998,301.1599999999998,300.9099999999998,300.9599999999998,468
2026-08-12T18:30:00+00:00,300.9599999999998,301.1599999999998,300.8899999999998,301.0799999999998,536
2026-08-12T18:35:00+00:00,301.0799999999998,301.1799999999998,300.9499999999998,300.9599999999998,503
2026-08-12T18:40:00+00:00,300.9599999999998,301.3899999999998,300.8999999999998,301.2899999999998,560
2026-08-12T18:45:00+00:00,301.2899999999998,301.8199999999998,301.1899999999998,301.5399999999998,535
2026-08-12T18:50:00+00:00,301.5399999999998,301.6399999999998,301.3199999999998,301.4399999999998,281
2026-08-12T18:55:00+00:00,301.4399999999998,301.6699999999998,301.1899999999998,301.2199999999998,364
2026-08-12T19:00:00+00:00,301.2199999999998,301.4499999999998,301.2099999999998,301.2699999999998,314
2026-08-12T19:05:00+00:00,301.2699999999998,301.2899999999998,301.0899999999998,301.1399999999998,280
2026-08-12T19:10:00+00:00,301.1399999999998,301.1899999999998,301.0299999999998,301.1099999999998,265
2026-08-12T19:15:00+00:00,301.1099999999998,301.1499999999998,300.9899999999998,301.1299999999998,302
2026-08-12T19:20:00+00:00,301.1299999999998,301.2799999999998,301.0699999999998,301.2099999999998,290
2026-08-12T19:25:00+00:00,301.2099999999998,301.5699999999998,301.1599999999998,301.5099999999998,357
2026-08-12T19:30:00+00:00,301.5099999999998,301.8599999999998,301.4499999999998,301.7499999999998,502
2026-08-12T19:35:00+00:00,301.7499999999998,301.8199999999998,301.3799999999998,301.4299999999998,423
2026-08-12T19:40:00+00:00,301.4299999999998,301.4599999999998,300.8499999999998,301.4399999999998,530
2026-08-12T19:45:00+00:00,301.4399999999998,301.4999999999998,301.0699999999998,301.3999999999998,607
2026-08-12T19:50:00+00:00,301.3999999999998,301.6899999999998,300.9999999999998,301.2099999999998,855
2026-08-12T19:55:00+00:00,301.2099999999998,302.1299999999998,301.0699999999998,302.1099999999998,1305
2026-08-13T13:30:00+00:00,302.1099999999998,303.9299999999998,301.8599999999998,303.6199999999998,1383
2026-08-13T13:35:00+00:00,303.6199999999998,304.5499999999998,303.3999999999998,304.3699999999998,1787
2026-08-13T13:40:00+00:00,304.3699999999998,304.5299999999998,303.0299999999998,303.2299999999998,1811
2026-08-13T13:45:00+00:00,303.2299999999998,303.7599999999998,302.7499999999998,303.5099999999998,1854
2026-08-13T13:50:00+00:00,303.5099999999998,304.3399999999998,303.3999999999998,304.1199999999998,1780
2026-08-13T13:55:00+00:00,304.1199999999998,304.4699999999998,304.0499999999998,304.4099999999998,1487
2026-08-13T14:00:00+00:00,304.4099999999998,304.4799999999998,303.9899999999998,304.2299999999998,1341
2026-08-13T14:05:00+00:00,304.2299999999998,304.7899999999998,304.1999999999998,304.6899999999998,1358
2026-08-13T14:10:00+00:00,304.6899999999998,305.3199999999998,304.5999999999998,305.2999999999998,954
2026-08-13T14:15:00+00:00,305.2999999999998,305.7799999999998,304.2199999999998,304.3299999999998,1581
2026-08-13T14:20:00+00:00,304.3299999999998,304.4699999999998,303.9699999999998,304.4299999999998,1095
2026-08-13T14:25:00+00:00,304.4299999999998,305.5199999999998,304.4199999999998,305.4799999999998,1268
2026-08-13T14:30:00+00:00,305.4799999999998,305.8599999999998,304.8099999999998,304.9499999999998,1496
2026-08-13T14:35:00+00:00,304.9499999999998,305.2699999999998,304.6699999999998,305.0099999999998,1336
2026-08-13T14:40:00+00:00,305.0099999999998,305.1599999999998,304.7499999999998,304.7899999999998,1040
2026-08-13T14:45:00+00:00,304.7899999999998,304.8699999999998,304.3999999999998,304.4199999999998,1154
2026-08-13T14:50:00+00:00,304.4199999999998,304.9799999999998,304.3599999999998,304.7199999999998,1304
2026-08-13T14:55:00+00:00,304.7199999999998,304.9899999999998,304.6099999999998,304.9499999999998,1138
2026-08-13T15:00:00+00:00,304.9499999999998,305.0499999999998,304.5499999999998,304.7499999999998,1183
2026-08-13T15:05:00+00:00,304.7499999999998,304.7999999999998,303.8999999999998,304.0699999999998,1200
2026-08-13T15:10:00+00:00,304.0699999999998,304.1899999999998,303.9199999999998,304.0699999999998,1036
2026-08-13T15:15:00+00:00,304.0699999999998,304.0799999999998,303.6099999999998,303.9799999999998,1162
2026-08-13T15:20:00+00:00,303.9799999999998,304.1999999999998,303.8499999999998,303.9599999999998,1047
2026-08-13T15:25:00+00:00,303.9599999999998,304.0799999999998,303.3799999999998,303.5499999999998,1268
2026-08-13T15:30:00+00:00,303.5499999999998,303.8299999999998,303.3599999999998,303.6299999999998,1513
2026-08-13T15:35:00+00:00,303.6299999999998,303.6499999999998,302.7999999999998,303.3499999999998,1614
2026-08-13T15:40:00+00:00,303.3499999999998,303.4299999999998,303.0999999999998,303.2899999999998,1084
2026-08-13T15:45:00+00:00,303.2899999999998,303.3799999999998,303.0999999999998,303.2099999999998,1050
2026-08-13T15:50:00+00:00,303.2099999999998,303.3499999999998,303.0999999999998,303.1699999999998,953
2026-08-13T15:55:00+00:00,303.1699999999998,303.2299999999998,302.5999999999998,302.6399999999998,803
2026-08-13T16:00:00+00:00,302.6399999999998,302.6899999999998,302.4499999999998,302.5199999999998,780
2026-08-13T16:05:00+00:00,302.5199999999998,303.0899999999998,302.3999999999998,303.0499999999998,859
2026-08-13T16:10:00+00:00,303.0499999999998,303.2499999999998,302.9099999999998,303.2199999999998,853
2026-08-13T16:15:00+00:00,303.2199999999998,303.4599999999998,303.0399999999998,303.4599999999998,922
2026-08-13T16:20:00+00:00,303.4599999999998,303.6999999999998,303.1099999999998,303.3699999999998,770
2026-08-13T16:25:00+00:00,303.3699999999998,303.5899999999998,303.2299999999998,303.2899999999998,596
2026-08-13T16:30:00+00:00,303.2899999999998,303.2899999999998,302.8999999999998,303.0199999999998,711
2026-08-13T16:35:00+00:00,303.0199999999998,303.1899999999998,302.8599999999998,303.0299999999998,550
2026-08-13T16:40:00+00:00,303.0299999999998,303.1199999999998,302.9199999999998,303.0799999999998,627
2026-08-13T16:45:00+00:00,303.0799999999998,303.6099999999998,302.9999999999998,303.5599999999998,725
2026-08-13T16:50:00+00:00,303.5599999999998,303.5999999999998,303.1799999999998,303.3499999999998,680
2026-08-13T16:55:00+00:00,303.3499999999998,303.4499999999998,302.8599999999998,302.8599999999998,739
2026-08-13T17:00:00+00:00,302.8599999999998,303.0299999999998,302.6799999999998,302.8299999999998,682
2026-08-13T17:05:00+00:00,302.8299999999998,302.9699999999998,302.6799999999998,302.8699999999998,509
2026-08-13T17:10:00+00:00,302.8699999999998,302.9399999999998,302.7499999999998,302.8699999999998,421
2026-08-13T17:15:00+00:00,302.8699999999998,302.9499999999998,302.8099999999998,302.8599999999998,319
2026-08-13T17:20:00+00:00,302.8599999999998,302.9999999999998,302.8199999999998,302.9899999999998,342
2026-08-13T17:25:00+00:00,302.9899999999998,303.2299999999998,302.8899999999998,303.1899999999998,648
2026-08-13T17:30:00+00:00,303.1899999999998,303.2399999999998,302.8899999999998,303.0399999999998,564
2026-08-13T17:35:00+00:00,303.0399999999998,303.5299999999998,302.9699999999998,303.5099999999998,653
2026-08-13T17:40:00+00:00,303.5099999999998,303.6599999999998,303.0799999999998,303.3199999999998,1000
2026-08-13T17:45:00+00:00,303.3199999999998,303.7499999999998,303.2999999999998,303.5199999999998,585
2026-08-13T17:50:00+00:00,303.5199999999998,303.6299999999998,303.1999999999998,303.2599999999998,634
2026-08-13T17:55:00+00:00,303.2599999999998,303.3399999999998,303.1999999999998,303.2199999999998,511
2026-08-13T18:00:00+00:00,303.2199999999998,303.3399999999998,302.7699999999998,302.8399999999998,928
2026-08-13T18:05:00+00:00,302.8399999999998,303.0199999999998,302.7699999999998,302.8699999999998,657
2026-08-13T18:10:00+00:00,302.8699999999998,303.3099999999998,302.8599999999998,303.2099999999998,550
2026-08-13T18:15:00+00:00,303.2099999999998,303.3399999999998,303.0399999999998,303.2999999999998,418
2026-08-13T18:20:00+00:00,303.2999999999998,303.3299999999998,303.1499999999998,303.2699999999998,331
2026-08-13T18:25:00+00:00,303.2699999999998,303.3599999999998,303.1099999999998,303.1499999999998,349
2026-08-13T18:30:00+00:00,303.1499999999998,303.3499999999998,302.9699999999998,303.2699999999998,811
2026-08-13T18:35:00+00:00,303.2699999999998,303.3799999999998,303.0199999999998,303.0499999999998,860
2026-08-13T18:40:00+00:00,303.0499999999998,303.7999999999998,303.0499999999998,303.5799999999998,660
2026-08-13T18:45:00+00:00,303.5799999999998,303.6899999999998,303.3199999999998,303.4799999999998,811
2026-08-13T18:50:00+00:00,303.4799999999998,303.5199999999998,303.0499999999998,303.2199999999998,680
2026-08-13T18:55:00+00:00,303.2199999999998,303.3899999999998,302.9999999999998,303.0099999999998,664
2026-08-13T19:00:00+00:00,303.0099999999998,303.1799999999998,302.8799999999998,303.1699999999998,670
2026-08-13T19:05:00+00:00,303.1699999999998,303.4699999999998,302.9999999999998,303.0799999999998,765
2026-08-13T19:10:00+00:00,303.0799999999998,303.3699999999998,302.9999999999998,303.2999999999998,783
2026-08-13T19:15:00+00:00,303.2999999999998,303.7999999999998,303.2999999999998,303.6999999999998,738
2026-08-13T19:20:00+00:00,303.6999999999998,304.4199999999998,303.6499999999998,303.9499999999998,1147
2026-08-13T19:25:00+00:00,303.9499999999998,304.4699999999998,303.8799999999998,304.2299999999998,1285
2026-08-13T19:30:00+00:00,304.2299999999998,304.4999999999998,303.9799999999998,304.4399999999998,1248
2026-08-13T19:35:00+00:00,304.4399999999998,304.4499999999998,303.7899999999998,304.0499999999998,1173
2026-08-13T19:40:00+00:00,304.0499999999998,304.1099999999998,303.7499999999998,303.9499999999998,963
2026-08-13T19:45:00+00:00,303.9499999999998,304.6799999999998,303.8499999999998,304.4699999999998,1225
2026-08-13T19:50:00+00:00,304.4699999999998,305.0899999999998,304.2899999999998,305.0399999999998,1157
2026-08-13T19:55:00+00:00,305.0399999999998,305.1999999999998,304.6799999999998,305.1299999999998,2132
2026-08-14T13:30:00+00:00,305.1299999999998,307.2199999999998,305.1299999999998,307.1899999999998,1366
2026-08-14T13:35:00+00:00,307.1899999999998,307.2999999999998,305.9399999999998,306.7999999999998,1289
2026-08-14T13:40:00+00:00,306.7999999999998,306.8799999999998,305.9999999999998,306.0399999999998,1429
2026-08-14T13:45:00+00:00,306.0399999999998,306.8299999999998,305.8199999999998,306.4099999999998,1397
2026-08-14T13:50:00+00:00,306.4099999999998,306.4399999999998,305.6499999999998,305.8799999999998,1182
2026-08-14T13:55:00+00:00,305.8799999999998,306.0599999999998,305.5099999999998,305.9299999999998,1032
2026-08-14T14:00:00+00:00,305.9299999999998,306.1599999999998,305.5999999999998,305.8399999999998,887
2026-08-14T14:05:00+00:00,305.8399999999998,305.9599999999998,305.5499999999998,305.7399999999998,825
2026-08-14T14:10:00+00:00,305.7399999999998,305.9399999999998,305.5099999999998,305.5499999999998,837
2026-08-14T14:15:00+00:00,305.5499999999998,305.7499999999998,305.2499999999998,305.4899999999998,1020
2026-08-14T14:20:00+00:00,305.4899999999998,305.5699999999998,304.8799999999998,305.1399999999998,921
2026-08-14T14:25:00+00:00,305.1399999999998,305.1799999999998,304.5999999999998,304.7999999999998,908
2026-08-14T14:30:00+00:00,304.7999999999998,304.9399999999998,304.4799999999998,304.7399999999998,1183
2026-08-14T14:35:00+00:00,304.7399999999998,305.0199999999998,304.5499999999998,304.9999999999998,1173
2026-08-14T14:40:00+00:00,304.9999999999998,305.0099999999998,304.5999999999998,304.7599999999998,1040
2026-08-14T14:45:00+00:00,304.7599999999998,305.2399999999998,304.6499999999998,305.0999999999998,962
2026-08-14T14:50:00+00:00,305.0999999999998,305.1699999999998,304.7499999999998,304.8499999999998,808
2026-08-14T14:55:00+00:00,304.8499999999998,305.0699999999998,304.7999999999998,304.9899999999998,550
2026-08-14T15:00:00+00:00,304.9899999999998,305.0799999999998,304.8499999999998,304.9199999999998,844
2026-08-14T15:05:00+00:00,304.9199999999998,305.0999999999998,304.1799999999998,304.1799999999998,806
2026-08-14T15:10:00+00:00,304.1799999999998,304.5799999999998,304.1499999999998,304.5399999999998,887
2026-08-14T15:15:00+00:00,304.5399999999998,305.0499999999998,304.5299999999998,304.9699999999998,894
2026-08-14T15:20:00+00:00,304.9699999999998,305.6499999999998,304.9399999999998,305.5799999999998,1092
2026-08-14T15:25:00+00:00,305.5799999999998,305.7999999999998,305.2999999999998,305.3299999999998,1039
2026-08-14T15:30:00+00:00,305.3299999999998,305.6499999999998,305.2099999999998,305.5999999999998,996
2026-08-14T15:35:00+00:00,305.5999999999998,305.7199999999998,305.3999999999998,305.6399999999998,888
2026-08-14T15:40:00+00:00,305.6399999999998,305.7699999999998,305.4599999999998,305.5699999999998,849
2026-08-14T15:45:00+00:00,305.5699999999998,305.6799999999998,305.5099999999998,305.5299999999998,468
2026-08-14T15:50:00+00:00,305.5299999999998,305.6399999999998,305.3899999999998,305.4799999999998,489
2026-08-14T15:55:00+00:00,305.4799999999998,305.5899999999998,305.3499999999998,305.5199999999998,489
2026-08-14T16:00:00+00:00,305.5199999999998,305.5599999999998,305.2699999999998,305.4099999999998,686
2026-08-14T16:05:00+00:00,305.4099999999998,305.4799999999998,305.0999999999998,305.1699999999998,669
2026-08-14T16:10:00+00:00,305.1699999999998,305.1899999999998,305.0099999999998,305.0999999999998,557
2026-08-14T16:15:00+00:00,305.0999999999998,305.1799999999998,304.8599999999998,304.8899999999998,384
2026-08-14T16:20:00+00:00,304.8899999999998,305.0399999999998,304.8099999999998,304.9899999999998,467
2026-08-14T16:25:00+00:00,304.9899999999998,305.3199999999998,304.9499999999998,305.2699999999998,370
2026-08-14T16:30:00+00:00,305.2699999999998,305.3599999999998,305.0699999999998,305.1399999999998,458
2026-08-14T16:35:00+00:00,305.1399999999998,305.2799999999998,305.0099999999998,305.2399999999998,439
2026-08-14T16:40:00+00:00,305.2399999999998,305.2499999999998,305.0099999999998,305.1499999999998,341
2026-08-14T16:45:00+00:00,305.1499999999998,305.1799999999998,304.9199999999998,305.1399999999998,386
2026-08-14T16:50:00+00:00,305.1399999999998,305.1499999999998,304.9699999999998,305.0599999999998,340
2026-08-14T16:55:00+00:00,305.0599999999998,305.3499999999998,305.0599999999998,305.2499999999998,379
2026-08-14T17:00:00+00:00,305.2499999999998,305.3699999999998,305.0799999999998,305.1299999999998,361
2026-08-14T17:05:00+00:00,305.1299999999998,305.2999999999998,305.1299999999998,305.1599999999998,270
2026-08-14T17:10:00+00:00,305.1599999999998,305.4099999999998,305.1299999999998,305.3299999999998,422
2026-08-14T17:15:00+00:00,305.3299999999998,305.3799999999998,305.1199999999998,305.1999999999998,309
2026-08-14T17:20:00+00:00,305.1999999999998,305.2199999999998,304.9999999999998,305.0399999999998,332
2026-08-14T17:25:00+00:00,305.0399999999998,305.1199999999998,304.9099999999998,305.0099999999998,337
2026-08-14T17:30:00+00:00,305.0099999999998,305.0899999999998,304.9499999999998,305.0499999999998,317
2026-08-14T17:35:00+00:00,305.0499999999998,305.3099999999998,304.8499999999998,305.3099999999998,439
2026-08-14T17:40:00+00:00,305.3099999999998,305.3799999999998,305.1899999999998,305.2499999999998,338
2026-08-14T17:45:00+00:00,305.2499999999998,305.9899999999998,305.2199999999998,305.9099999999998,635
2026-08-14T17:50:00+00:00,305.9099999999998,305.9399999999998,305.6399999999998,305.8299999999998,635
2026-08-14T17:55:00+00:00,305.8299999999998,305.9499999999998,305.6999999999998,305.8399999999998,576
2026-08-14T18:00:00+00:00,305.8399999999998,305.9699999999998,305.6399999999998,305.6399999999998,645
2026-08-14T18:05:00+00:00,305.6399999999998,305.7399999999998,305.3999999999998,305.6799999999998,537
2026-08-14T18:10:00+00:00,305.6799999999998,306.0099999999998,305.5899999999998,305.9099999999998,641
2026-08-14T18:15:00+00:00,305.9099999999998,306.0999999999998,305.8899999999998,306.0299999999998,373
2026-08-14T18:20:00+00:00,306.0299999999998,306.0899999999998,305.8799999999998,305.9999999999998,443
2026-08-14T18:25:00+00:00,305.9999999999998,306.0699999999998,305.7199999999998,305.7999999999998,366
2026-08-14T18:30:00+00:00,305.7999999999998,306.0299999999998,305.7399999999998,305.9599999999998,425
2026-08-14T18:35:00+00:00,305.9599999999998,305.9599999999998,305.6499999999998,305.6699999999998,300
2026-08-14T18:40:00+00:00,305.6699999999998,305.7099999999998,305.4799999999998,305.5099999999998,338
2026-08-14T18:45:00+00:00,305.5099999999998,305.7199999999998,305.5099999999998,305.6299999999998,446
2026-08-14T18:50:00+00:00,305.6299999999998,305.7299999999998,305.4999999999998,305.6499999999998,562
2026-08-14T18:55:00+00:00,305.6499999999998,305.6799999999998,305.3999999999998,305.4399999999998,340
2026-08-14T19:00:00+00:00,305.4399999999998,305.5499999999998,305.3799999999998,305.4199999999998,396
2026-08-14T19:05:00+00:00,305.4199999999998,305.4699999999998,305.2499999999998,305.3199999999998,281
2026-08-14T19:10:00+00:00,305.3199999999998,305.4399999999998,305.0999999999998,305.2499999999998,501
2026-08-14T19:15:00+00:00,305.2499999999998,305.5499999999998,305.2499999999998,305.4999999999998,373
2026-08-14T19:20:00+00:00,305.4999999999998,305.4999999999998,305.2599999999998,305.3599999999998,441
2026-08-14T19:25:00+00:00,305.3599999999998,305.8999999999998,305.2699999999998,305.7899999999998,445
2026-08-14T19:30:00+00:00,305.7899999999998,305.8099999999998,305.5399999999998,305.7399999999998,601
2026-08-14T19:35:00+00:00,305.7399999999998,305.7499999999998,305.3499999999998,305.4799999999998,595
2026-08-14T19:40:00+00:00,305.4799999999998,305.5999999999998,305.3499999999998,305.4099999999998,504
2026-08-14T19:45:00+00:00,305.4099999999998,305.6699999999998,305.3499999999998,305.5899999999998,544
2026-08-14T19:50:00+00:00,305.5899999999998,305.8899999999998,305.5899999999998,305.7299999999998,650
2026-08-14T19:55:00+00:00,305.7299999999998,305.8399999999998,305.3499999999998,305.8199999999998,1231
2026-08-17T13:30:00+00:00,305.85,307.48,305.6,305.6,2449
2026-08-17T13:35:00+00:00,305.6,306.52,304.98,305.12,2044
2026-08-17T13:40:00+00:00,305.12,305.19,303.89,304.95,2460
2026-08-17T13:45:00+00:00,304.95,305.91,304.95,305.91,2009
2026-08-17T13:50:00+00:00,305.91,306.2,305.2,305.27,2006
2026-08-17T13:55:00+00:00,305.27,305.76,305.13,305.23,1774
2026-08-17T14:00:00+00:00,305.23,305.42,304.68,304.94,1742
2026-08-17T14:05:00+00:00,304.94,304.96,304.48,304.58,1251
2026-08-17T14:10:00+00:00,304.58,304.94,304.54,304.78,1001
2026-08-17T14:15:00+00:00,304.78,304.99,304.65,304.71,1255
2026-08-17T14:20:00+00:00,304.71,304.9,304.46,304.67,1259
2026-08-17T14:25:00+00:00,304.67,304.69,304.33,304.37,1005
2026-08-17T14:30:00+00:00,304.37,304.4,304,304.06,1233
2026-08-17T14:35:00+00:00,304.06,304.48,304.06,304.2,1148
2026-08-17T14:40:00+00:00,304.2,304.69,304.14,304.45,1156
2026-08-17T14:45:00+00:00,304.45,304.59,303.93,304.04,1172
2026-08-17T14:50:00+00:00,304.04,304.07,303.52,303.63,1293
2026-08-17T14:55:00+00:00,303.63,304.1,303.62,303.99,1196
2026-08-17T15:00:00+00:00,303.99,304.05,303.68,303.89,1110
2026-08-17T15:05:00+00:00,303.89,304.35,303.8,304.26,1284
2026-08-17T15:10:00+00:00,304.26,304.64,304.11,304.51,1082
2026-08-17T15:15:00+00:00,304.51,304.8,304.48,304.7,1148
2026-08-17T15:20:00+00:00,304.7,304.73,304.28,304.48,932
2026-08-17T15:25:00+00:00,304.48,304.5,304.29,304.36,794
2026-08-17T15:30:00+00:00,304.36,304.46,304.14,304.14,940
2026-08-17T15:35:00+00:00,304.14,304.17,303.54,303.65,1079
2026-08-17T15:40:00+00:00,303.65,303.65,303.18,303.2,1159
2026-08-17T15:45:00+00:00,303.2,303.39,302.93,302.94,822
2026-08-17T15:50:00+00:00,302.94,303.27,302.93,303.04,934
2026-08-17T15:55:00+00:00,303.04,303.24,303.02,303.05,729
2026-08-17T16:00:00+00:00,303.05,303.17,302.96,303.12,790
2026-08-17T16:05:00+00:00,303.12,303.12,302.94,303.08,715
2026-08-17T16:10:00+00:00,303.08,303.44,302.93,303.42,796
2026-08-17T16:15:00+00:00,303.42,303.58,303.24,303.5,642
2026-08-17T16:20:00+00:00,303.5,303.68,303.43,303.54,768
2026-08-17T16:25:00+00:00,303.54,303.54,303.28,303.44,724
2026-08-17T16:30:00+00:00,303.44,303.87,303.42,303.84,875
2026-08-17T16:35:00+00:00,303.84,303.91,303.68,303.77,712
2026-08-17T16:40:00+00:00,303.77,303.82,303.62,303.63,761
2026-08-17T16:45:00+00:00,303.63,303.68,303.39,303.59,850
2026-08-17T16:50:00+00:00,303.59,303.71,303.3,303.3,978
2026-08-17T16:55:00+00:00,303.3,303.34,302.8,302.89,749
2026-08-17T17:00:00+00:00,302.89,303.48,302.89,303.36,880
2026-08-17T17:05:00+00:00,303.36,303.68,303.23,303.68,774
2026-08-17T17:10:00+00:00,303.68,303.82,303.48,303.74,770
2026-08-17T17:15:00+00:00,303.74,304.17,303.66,304.12,1000
2026-08-17T17:20:00+00:00,304.12,304.32,303.98,304,960
2026-08-17T17:25:00+00:00,304,304.3,303.84,304.28,894
2026-08-17T17:30:00+00:00,304.28,304.54,304.06,304.32,1077
2026-08-17T17:35:00+00:00,304.32,304.42,303.96,304.08,1091
2026-08-17T17:40:00+00:00,304.08,304.5,304.06,304.39,826
2026-08-17T17:45:00+00:00,304.39,304.52,304.38,304.4,670
2026-08-17T17:50:00+00:00,304.4,304.43,304.18,304.2,810
2026-08-17T17:55:00+00:00,304.2,304.24,304.03,304.18,698
2026-08-17T18:00:00+00:00,304.18,304.27,303.89,303.94,891
2026-08-17T18:05:00+00:00,303.94,304.23,303.83,304.12,1070
2026-08-17T18:10:00+00:00,304.12,304.55,304.1,304.41,1019
2026-08-17T18:15:00+00:00,304.41,304.59,304.41,304.59,874
2026-08-17T18:20:00+00:00,304.59,304.82,304.52,304.77,799
2026-08-17T18:25:00+00:00,304.77,304.78,304.44,304.55,880
2026-08-17T18:30:00+00:00,304.55,304.8,304.51,304.6,1002
2026-08-17T18:35:00+00:00,304.6,305.01,304.54,305,736
2026-08-17T18:40:00+00:00,305,305.41,304.92,305.4,759
2026-08-17T18:45:00+00:00,305.4,305.62,305.26,305.6,1054
2026-08-17T18:50:00+00:00,305.6,305.86,305.33,305.41,1038
2026-08-17T18:55:00+00:00,305.41,305.55,305.33,305.52,679
2026-08-17T19:00:00+00:00,305.52,305.83,305.5,305.56,937
2026-08-17T19:05:00+00:00,305.56,305.69,305.45,305.57,804
2026-08-17T19:10:00+00:00,305.57,305.74,305.53,305.69,737
2026-08-17T19:15:00+00:00,305.69,305.77,305.48,305.69,739
2026-08-17T19:20:00+00:00,305.69,306.03,305.61,305.73,748
2026-08-17T19:25:00+00:00,305.73,306.04,305.71,306.02,627
2026-08-17T19:30:00+00:00,306.02,306.19,305.8,305.94,1097
2026-08-17T19:35:00+00:00,305.94,305.97,305.56,305.65,996
2026-08-17T19:40:00+00:00,305.65,305.65,305.4,305.48,1066
2026-08-17T19:45:00+00:00,305.48,305.64,305.41,305.63,849
2026-08-17T19:50:00+00:00,305.63,305.63,305.06,305.38,848
2026-08-17T19:55:00+00:00,305.38,305.66,304.89,305.59,2296
2026-08-18T13:30:00+00:00,305.59,307.66,305.59,305.96,2620
2026-08-18T13:35:00+00:00,305.96,306.89,305.96,306.17,2130
2026-08-18T13:40:00+00:00,306.17,307.09,305.79,306.85,2138
2026-08-18T13:45:00+00:00,306.85,307.12,306.1,306.17,1931
2026-08-18T13:50:00+00:00,306.17,306.37,305.6,306.3,1746
2026-08-18T13:55:00+00:00,306.3,307.21,306.19,307.1,1718
2026-08-18T14:00:00+00:00,307.1,308.99,307.02,308.86,1788
2026-08-18T14:05:00+00:00,308.86,309.71,308.79,309.65,1563
2026-08-18T14:10:00+00:00,309.65,309.98,309.12,309.79,1890
2026-08-18T14:15:00+00:00,309.79,310.13,309.04,309.27,1726
2026-08-18T14:20:00+00:00,309.27,309.5,308.72,309.03,1417
2026-08-18T14:25:00+00:00,309.03,309.52,308.68,309.52,1296
2026-08-18T14:30:00+00:00,309.52,310.85,309.43,310.78,1589
2026-08-18T14:35:00+00:00,310.78,311.2,310.53,311.01,1644
2026-08-18T14:40:00+00:00,311.01,311.36,310.6,310.65,1600
2026-08-18T14:45:00+00:00,310.65,311.09,310.54,310.81,1570
2026-08-18T14:50:00+00:00,310.81,311.08,310.28,310.38,1455
2026-08-18T14:55:00+00:00,310.38,310.66,310.06,310.22,1508
2026-08-18T15:00:00+00:00,310.22,310.47,309.78,310.4,1755
2026-08-18T15:05:00+00:00,310.4,310.84,310.37,310.81,1622
2026-08-18T15:10:00+00:00,310.81,311,310.29,310.33,1372
2026-08-18T15:15:00+00:00,310.33,310.8,310.21,310.25,1299
2026-08-18T15:20:00+00:00,310.25,310.58,309.99,310.07,955
2026-08-18T15:25:00+00:00,310.07,310.38,309.93,310.31,810
2026-08-18T15:30:00+00:00,310.31,310.38,309.9,309.92,994
2026-08-18T15:35:00+00:00,309.92,310.3,309.84,310.15,1120
2026-08-18T15:40:00+00:00,310.15,310.23,309.58,309.7,959
2026-08-18T15:45:00+00:00,309.7,309.9,309.26,309.49,964
2026-08-18T15:50:00+00:00,309.49,309.53,309.2,309.35,714
2026-08-18T15:55:00+00:00,309.35,309.74,309.28,309.38,876
2026-08-18T16:00:00+00:00,309.38,309.43,308.89,309.31,1088
2026-08-18T16:05:00+00:00,309.31,309.92,309.3,309.72,894
2026-08-18T16:10:00+00:00,309.72,310.34,309.65,310.12,783
2026-08-18T16:15:00+00:00,310.12,310.17,309.81,310.04,720
2026-08-18T16:20:00+00:00,310.04,310.16,309.93,310.13,745
2026-08-18T16:25:00+00:00,310.13,310.52,310.05,310.49,771
2026-08-18T16:30:00+00:00,310.49,310.61,310.23,310.52,767
2026-08-18T16:35:00+00:00,310.52,310.55,310.14,310.27,701
2026-08-18T16:40:00+00:00,310.27,310.39,310.19,310.33,498
2026-08-18T16:45:00+00:00,310.33,310.35,310.05,310.21,621
2026-08-18T16:50:00+00:00,310.21,310.61,310.12,310.3,641
2026-08-18T16:55:00+00:00,310.3,310.65,310.29,310.64,556
2026-08-18T17:00:00+00:00,310.64,310.81,310.39,310.52,743
2026-08-18T17:05:00+00:00,310.52,310.68,310.38,310.61,603
2026-08-18T17:10:00+00:00,310.61,310.63,310.41,310.44,576
2026-08-18T17:15:00+00:00,310.44,310.54,310.22,310.54,503
2026-08-18T17:20:00+00:00,310.54,310.65,310.39,310.58,605
2026-08-18T17:25:00+00:00,310.58,310.58,310.14,310.27,620
2026-08-18T17:30:00+00:00,310.27,310.31,309.82,309.98,689
2026-08-18T17:35:00+00:00,309.98,310.16,309.94,310.02,704
2026-08-18T17:40:00+00:00,310.02,310.1,309.73,309.93,481
2026-08-18T17:45:00+00:00,309.93,310.11,309.87,309.94,449
2026-08-18T17:50:00+00:00,309.94,310.08,309.93,310.06,391
2026-08-18T17:55:00+00:00,310.06,310.15,309.92,309.94,570
2026-08-18T18:00:00+00:00,309.94,310.01,309.63,309.91,889
2026-08-18T18:05:00+00:00,309.91,310.23,309.83,310.17,663
2026-08-18T18:10:00+00:00,310.17,310.46,310.11,310.32,670
2026-08-18T18:15:00+00:00,310.32,310.43,310.14,310.29,740
2026-08-18T18:20:00+00:00,310.29,310.51,310.24,310.41,604
2026-08-18T18:25:00+00:00,310.41,310.52,310.32,310.5,392
2026-08-18T18:30:00+00:00,310.5,310.52,310.27,310.3,549
2026-08-18T18:35:00+00:00,310.3,310.54,310.19,310.33,729
2026-08-18T18:40:00+00:00,310.33,311.09,310.31,310.89,798
2026-08-18T18:45:00+00:00,310.89,311.13,310.6,310.74,911
2026-08-18T18:50:00+00:00,310.74,310.78,310.31,310.42,603
2026-08-18T18:55:00+00:00,310.42,310.52,310.19,310.19,528
2026-08-18T19:00:00+00:00,310.19,310.3,309.91,310.04,803
2026-08-18T19:05:00+00:00,310.04,310.07,309.67,309.72,667
2026-08-18T19:10:00+00:00,309.72,309.76,309.53,309.56,721
2026-08-18T19:15:00+00:00,309.56,309.64,309.22,309.39,886
2026-08-18T19:20:00+00:00,309.39,309.82,309.21,309.75,835
2026-08-18T19:25:00+00:00,309.75,309.85,309.49,309.52,701
2026-08-18T19:30:00+00:00,309.52,309.77,309.45,309.77,893
2026-08-18T19:35:00+00:00,309.77,309.97,309.68,309.95,715
2026-08-18T19:40:00+00:00,309.95,310.4,309.88,310.29,846
2026-08-18T19:45:00+00:00,310.29,310.67,310.18,310.44,994
2026-08-18T19:50:00+00:00,310.44,310.94,309.93,310.37,1453
2026-08-18T19:55:00+00:00,310.37,310.42,309.63,310.08,2024
2026-08-19T13:30:00+00:00,310.08,310.94,309.35,310.52,2478
2026-08-19T13:35:00+00:00,310.52,312.16,310.52,312.08,2160
2026-08-19T13:40:00+00:00,312.08,312.26,311.18,311.49,2116
2026-08-19T13:45:00+00:00,311.49,312.87,311.49,312.76,2366
2026-08-19T13:50:00+00:00,312.76,315.32,312.67,315.29,2464
2026-08-19T13:55:00+00:00,315.29,316.25,314.58,316.25,2506
2026-08-19T14:00:00+00:00,316.25,317.38,315.88,317.07,2437
2026-08-19T14:05:00+00:00,317.07,317.29,316.21,316.32,2177
2026-08-19T14:10:00+00:00,316.32,317.35,316.3,316.97,2352
2026-08-19T14:15:00+00:00,316.97,317.56,316.93,317.42,2184
2026-08-19T14:20:00+00:00,317.42,317.67,315.53,315.84,2427
2026-08-19T14:25:00+00:00,315.84,316.2,315.22,315.85,1786
2026-08-19T14:30:00+00:00,315.85,316.9,315.75,316.65,2101
2026-08-19T14:35:00+00:00,316.65,316.65,315.91,316.14,1865
2026-08-19T14:40:00+00:00,316.14,316.37,315.59,315.73,1956
2026-08-19T14:45:00+00:00,315.73,316.51,315.72,316.47,1907
2026-08-19T14:50:00+00:00,316.47,317.48,316.41,317.44,1299
2026-08-19T14:55:00+00:00,317.44,318.19,317.38,317.69999999999976,1654.8647105159512
2026-08-19T15:00:00+00:00,317.72,318.75,317.7,318.71,1479
2026-08-19T15:05:00+00:00,318.71,319.15,318.3,318.41,1715
2026-08-19T15:10:00+00:00,318.41,318.7,318.14,318.61,1549
2026-08-19T15:15:00+00:00,318.61,318.85,318.46,318.62,1452
2026-08-19T15:20:00+00:00,318.62,318.7,318.28,318.34,1460
2026-08-19T15:25:00+00:00,318.34,318.37,317.85,318.05,1159
2026-08-19T15:30:00+00:00,318.05,318.09,317.22,317.29,1383
2026-08-19T15:35:00+00:00,317.29,317.31,316.49,316.84,1612
2026-08-19T15:40:00+00:00,316.84,316.85,316.17,316.28,1284
2026-08-19T15:45:00+00:00,316.28,316.72,316.2,316.56,1248
2026-08-19T15:50:00+00:00,316.56,316.73,316.2,316.21,1247
2026-08-19T15:55:00+00:00,316.21,316.25,315.81,316.11,964
2026-08-19T16:00:00+00:00,316.11,316.64,315.86,316.62,1276
2026-08-19T16:05:00+00:00,316.62,316.9,316.55,316.81,1117
2026-08-19T16:10:00+00:00,316.81,317.18,316.44,317.08,1012
2026-08-19T16:15:00+00:00,317.08,317.22,316.99,317.05,1128
2026-08-19T16:20:00+00:00,317.05,317.32,316.71,316.8,1031
2026-08-19T16:25:00+00:00,316.8,316.91,316.41,316.41,880
2026-08-19T16:30:00+00:00,316.41,316.41,316.04,316.13,977
2026-08-19T16:35:00+00:00,316.13,316.14,315.14,315.21,935
2026-08-19T16:40:00+00:00,315.21,315.31,314.92,315.1,949
2026-08-19T16:45:00+00:00,315.1,315.18,314.89,314.96,978
2026-08-19T16:50:00+00:00,314.96,315.17,314.75,314.75,946
2026-08-19T16:55:00+00:00,314.75,315.02,314.46,314.94,985
2026-08-19T17:00:00+00:00,314.94,315.03,314.76,314.86,989
2026-08-19T17:05:00+00:00,314.86,314.86,314.33,314.39,802
2026-08-19T17:10:00+00:00,314.39,315.01,314.35,314.73,1145
2026-08-19T17:15:00+00:00,314.73,315.04,314.55,314.74,1017
2026-08-19T17:20:00+00:00,314.74,314.97,314.64,314.84,945
2026-08-19T17:25:00+00:00,314.84,314.99,314.67,314.92,950
2026-08-19T17:30:00+00:00,314.92,315.21,314.8,315.11,1025
2026-08-19T17:35:00+00:00,315.11,315.45,314.98,315.37,956
2026-08-19T17:40:00+00:00,315.37,315.69,315.17,315.18,952
2026-08-19T17:45:00+00:00,315.18,315.4,315.02,315.15,1003
2026-08-19T17:50:00+00:00,315.15,315.3,315.07,315.13,823
2026-08-19T17:55:00+00:00,315.13,315.26,315.01,315.09,606
2026-08-19T18:00:00+00:00,315.09,315.56,314.95,315.51,1069
2026-08-19T18:05:00+00:00,315.51,315.57,314.89,314.91,1257
2026-08-19T18:10:00+00:00,314.91,315.46,314.91,315.31,883
2026-08-19T18:15:00+00:00,315.31,315.33,314.64,314.87,1181
2026-08-19T18:20:00+00:00,314.87,314.99,314.8,314.92,785
2026-08-19T18:25:00+00:00,314.92,314.95,314.64,314.7,797
2026-08-19T18:30:00+00:00,314.7,314.81,314.14,314.37,1219
2026-08-19T18:35:00+00:00,314.37,314.74,314.31,314.71,970
2026-08-19T18:40:00+00:00,314.71,314.9,314.58,314.74,893
2026-08-19T18:45:00+00:00,314.74,315.09,314.59,315.02,903
2026-08-19T18:50:00+00:00,315.02,315.1,314.8,314.89,705
2026-08-19T18:55:00+00:00,314.89,315,314.73,314.75,666
2026-08-19T19:00:00+00:00,314.75,315.09,314.62,315.07,967
2026-08-19T19:05:00+00:00,315.07,315.7,315.04,315.68,1049
2026-08-19T19:10:00+00:00,315.68,315.85,315.38,315.62,1010
2026-08-19T19:15:00+00:00,315.62,316.22,315.51,316.14,859
2026-08-19T19:20:00+00:00,316.14,316.42,316.03,316.06,1039
2026-08-19T19:25:00+00:00,316.06,316.61,316.06,316.53,715
2026-08-19T19:30:00+00:00,316.53,316.55,316.13,316.38,1140
2026-08-19T19:35:00+00:00,316.38,316.48,315.47,315.51,1357
2026-08-19T19:40:00+00:00,315.51,315.74,315.23,315.44,1311
2026-08-19T19:45:00+00:00,315.44,315.59,315.04,315.42,1516
2026-08-19T19:50:00+00:00,315.42,316.49,315.38,316.15,1381
2026-08-19T19:55:00+00:00,316.15,316.75,315.9,316.64,2260
2026-08-20T13:30:00+00:00,316.64,320.09,316.38,318.49,2502
2026-08-20T13:35:00+00:00,318.49,318.62,316.93,317.48,1821
2026-08-20T13:40:00+00:00,317.48,318.4,317.25,318.18,1840
2026-08-20T13:45:00+00:00,318.18,318.38,317.22,317.26,2020
2026-08-20T13:50:00+00:00,317.26,318.02,317.05,317.97,2051
2026-08-20T13:55:00+00:00,317.97,318.28,316.88,317.05,1802
2026-08-20T14:00:00+00:00,317.05,317.45,316.68,316.99,1924
2026-08-20T14:05:00+00:00,316.99,317.03,316.19,316.24,1662
2026-08-20T14:10:00+00:00,316.24,316.74,316.19,316.54,1470
2026-08-20T14:15:00+00:00,316.54,316.92,316.53,316.68,1550
2026-08-20T14:20:00+00:00,316.68,316.73,316.07,316.44,1498
2026-08-20T14:25:00+00:00,316.44,316.62,316.27,316.29,1297
2026-08-20T14:30:00+00:00,316.29,316.45,316.1,316.18,1188
2026-08-20T14:35:00+00:00,316.18,316.44,316.03,316.34,1160
2026-08-20T14:40:00+00:00,316.34,316.54,316.18,316.19,1150
2026-08-20T14:45:00+00:00,316.19,316.79,316.16,316.45,1031
2026-08-20T14:50:00+00:00,316.45,317.01,316.34,316.92,1311
2026-08-20T14:55:00+00:00,316.92,317.32,316.81,317.31,1392
2026-08-20T15:00:00+00:00,317.31,317.66,317.2,317.57,1541
2026-08-20T15:05:00+00:00,317.57,317.58,316.59,316.71,1352
2026-08-20T15:10:00+00:00,316.71,316.74,316.14,316.38,1349
2026-08-20T15:15:00+00:00,316.38,316.38,315.89,316.24,1331
2026-08-20T15:20:00+00:00,316.24,316.57,316.01,316.39,1328
2026-08-20T15:25:00+00:00,316.39,317.11,316.13,317.09,1346
2026-08-20T15:30:00+00:00,317.09,317.12,316.39,316.49,958
2026-08-20T15:35:00+00:00,316.49,316.59,316.2,316.27,952
2026-08-20T15:40:00+00:00,316.27,316.65,316.09,316.38,1015
2026-08-20T15:45:00+00:00,316.38,316.47,315.88,316.09,946
2026-08-20T15:50:00+00:00,316.09,316.34,315.83,316.33,918
2026-08-20T15:55:00+00:00,316.33,316.84,316.23,316.78,821
2026-08-20T16:00:00+00:00,316.78,316.97,316.43,316.67,951
2026-08-20T16:05:00+00:00,316.67,316.75,316.43,316.63,774
2026-08-20T16:10:00+00:00,316.63,316.79,316.01,316.04,829
2026-08-20T16:15:00+00:00,316.04,316.29,315.93,316.2,765
2026-08-20T16:20:00+00:00,316.2,316.66,316.01,316.51,762
2026-08-20T16:25:00+00:00,316.51,316.62,316.28,316.3,664
2026-08-20T16:30:00+00:00,316.3,316.97,316.14,316.94,720
2026-08-20T16:35:00+00:00,316.94,316.98,316.72,316.86,565
2026-08-20T16:40:00+00:00,316.86,317.31,316.79,317.29,615
2026-08-20T16:45:00+00:00,317.29,317.43,316.81,316.84,703
2026-08-20T16:50:00+00:00,316.84,316.98,316.76,316.91,602
2026-08-20T16:55:00+00:00,316.91,317.11,316.81,317.08,538
2026-08-20T17:00:00+00:00,317.08,317.35,317,317.11,607
2026-08-20T17:05:00+00:00,317.11,317.3,317.01,317.22,684
2026-08-20T17:10:00+00:00,317.22,317.48,317.01,317.12,631
2026-08-20T17:15:00+00:00,317.12,317.45,316.81,316.91,850
2026-08-20T17:20:00+00:00,316.91,317.02,316.6,316.78,935
2026-08-20T17:25:00+00:00,316.78,316.88,316.5,316.52,607
2026-08-20T17:30:00+00:00,316.52,316.64,316.38,316.5,805
2026-08-20T17:35:00+00:00,316.5,316.73,316.4,316.45,684
2026-08-20T17:40:00+00:00,316.45,316.56,316.41,316.48,569
2026-08-20T17:45:00+00:00,316.48,316.51,316.14,316.19,656
2026-08-20T17:50:00+00:00,316.19,316.49,316.14,316.42,952
2026-08-20T17:55:00+00:00,316.42,316.5,316.12,316.19,681
2026-08-20T18:00:00+00:00,316.19,316.2,315.88,315.93,1007
2026-08-20T18:05:00+00:00,315.93,316.01,315.14,315.18,1115
2026-08-20T18:10:00+00:00,315.18,315.44,314.94,315.32,995
2026-08-20T18:15:00+00:00,315.32,315.52,315.13,315.42,826
2026-08-20T18:20:00+00:00,315.42,315.59,314.98,315.04,883
2026-08-20T18:25:00+00:00,315.04,315.09,314.68,314.69,779
2026-08-20T18:30:00+00:00,314.69,315.26,314.62,315.23,740
2026-08-20T18:35:00+00:00,315.23,315.52,315.16,315.38,808
2026-08-20T18:40:00+00:00,315.38,315.58,315.32,315.52,694
2026-08-20T18:45:00+00:00,315.52,315.52,314.97,315.03,858
2026-08-20T18:50:00+00:00,315.03,315.41,315.02,315.37,612
2026-08-20T18:55:00+00:00,315.37,315.42,314.95,314.95,735
2026-08-20T19:00:00+00:00,314.95,314.99,314.71,314.88,874
2026-08-20T19:05:00+00:00,314.88,315.01,314.68,314.77,820
2026-08-20T19:10:00+00:00,314.77,314.78,314.37,314.43,652
2026-08-20T19:15:00+00:00,314.43,314.44,313.87,313.88,805
2026-08-20T19:20:00+00:00,313.88,314.01,313.41,313.66,1026
2026-08-20T19:25:00+00:00,313.66,313.79,313.17,313.24,925
2026-08-20T19:30:00+00:00,313.24,313.31,312.81,313.27,1273
2026-08-20T19:35:00+00:00,313.27,313.51,313.13,313.32,1094
2026-08-20T19:40:00+00:00,313.32,313.39,312.78,312.89,736
2026-08-20T19:45:00+00:00,312.89,312.96,312.3,312.52,1365
2026-08-20T19:50:00+00:00,312.52,312.84,311.78,311.81,1547
2026-08-20T19:55:00+00:00,311.81,311.84,310.51,311.2,2745
2026-08-21T13:30:00+00:00,311.2,312.13,307.54,307.89,1306
2026-08-21T13:35:00+00:00,307.89,308.73,307.61,308.01,1447
2026-08-21T13:40:00+00:00,308.01,308.25,307.32,307.94,1238
2026-08-21T13:45:00+00:00,307.94,308.16,306.91,307.22,1215
2026-08-21T13:50:00+00:00,307.22,307.89,306.89,307.15,1183
2026-08-21T13:55:00+00:00,307.15,307.45,306.93,307.21,1078
2026-08-21T14:00:00+00:00,307.21,307.77,306.93,307.77,1017
2026-08-21T14:05:00+00:00,307.77,307.89,307.5,307.65,1084
2026-08-21T14:10:00+00:00,307.65,307.8,307.38,307.53,955
2026-08-21T14:15:00+00:00,307.53,308.07,307.52,307.81,1033
2026-08-21T14:20:00+00:00,307.81,307.94,307.31,307.71,918
2026-08-21T14:25:00+00:00,307.71,307.92,307.45,307.59,812
2026-08-21T14:30:00+00:00,307.59,308.16,307.45,307.91,877
2026-08-21T14:35:00+00:00,307.91,308.33,307.83,308.09,790
2026-08-21T14:40:00+00:00,308.09,308.6,307.84,308.43,875
2026-08-21T14:45:00+00:00,308.43,308.73,308.11,308.65,958
2026-08-21T14:50:00+00:00,308.65,308.89,308.47,308.76,697
2026-08-21T14:55:00+00:00,308.76,309.34,308.72,309.2599999999997,766
2026-08-21T15:00:00+00:00,309.28,309.66,309.12,309.55,833
2026-08-21T15:05:00+00:00,309.55,309.8,309.31,309.35,781
2026-08-21T15:10:00+00:00,309.35,309.7,309.27,309.5,771
2026-08-21T15:15:00+00:00,309.5,309.99,309.39,309.9,850
2026-08-21T15:20:00+00:00,309.9,310.03,309.62,309.63,660
2026-08-21T15:25:00+00:00,309.63,310.53,309.63,310.47,698
2026-08-21T15:30:00+00:00,310.47,311.18,310.25,310.97,782
2026-08-21T15:35:00+00:00,310.97,311.49,310.88,311.3,803
2026-08-21T15:40:00+00:00,311.3,311.34,311.06,311.13,624
2026-08-21T15:45:00+00:00,311.13,311.3,310.79,311,676
2026-08-21T15:50:00+00:00,311,311.73,310.92,311.62,663
2026-08-21T15:55:00+00:00,311.62,311.8,311.24,311.35,598
2026-08-21T16:00:00+00:00,311.35,311.65,311.1,311.2,589
2026-08-21T16:05:00+00:00,311.2,311.42,311.13,311.37,628
2026-08-21T16:10:00+00:00,311.37,311.45,311,311,461
2026-08-21T16:15:00+00:00,311,311.28,310.88,310.97,503
2026-08-21T16:20:00+00:00,310.97,311.24,310.92,311.24,689
2026-08-21T16:25:00+00:00,311.24,311.3,310.92,311.07,506
2026-08-21T16:30:00+00:00,311.07,311.08,310.26,310.31,617
2026-08-21T16:35:00+00:00,310.31,310.63,310.13,310.52,432
2026-08-21T16:40:00+00:00,310.52,310.76,310.41,310.55,483
2026-08-21T16:45:00+00:00,310.55,310.72,310.43,310.67,408
2026-08-21T16:50:00+00:00,310.67,310.9,310.49,310.78,405
2026-08-21T16:55:00+00:00,310.78,310.89,310.75,310.8,370
2026-08-21T17:00:00+00:00,310.8,311.17,310.75,310.89,508
2026-08-21T17:05:00+00:00,310.89,311.49,310.88,311.46,359
2026-08-21T17:10:00+00:00,311.46,311.48,311.24,311.36,421
2026-08-21T17:15:00+00:00,311.36,311.47,311.04,311.25,472
2026-08-21T17:20:00+00:00,311.25,311.51,310.94,311.11,669
2026-08-21T17:25:00+00:00,311.11,311.27,310.85,310.88,531
2026-08-21T17:30:00+00:00,310.88,311.04,310.65,310.67,504
2026-08-21T17:35:00+00:00,310.67,310.67,310.13,310.13,606
2026-08-21T17:40:00+00:00,310.13,310.19,309.73,309.87,435
2026-08-21T17:45:00+00:00,309.87,310,309.49,309.55,452
2026-08-21T17:50:00+00:00,309.55,309.72,309.3,309.67,493
2026-08-21T17:55:00+00:00,309.67,309.7,309.34,309.38,406
2026-08-21T18:00:00+00:00,309.38,309.47,309.18,309.39,537
2026-08-21T18:05:00+00:00,309.39,309.46,309.11,309.19,485
2026-08-21T18:10:00+00:00,309.19,309.25,308.88,309.05,416
2026-08-21T18:15:00+00:00,309.05,309.08,308.76,308.91,458
2026-08-21T18:20:00+00:00,308.91,308.96,308.33,308.36,449
2026-08-21T18:25:00+00:00,308.36,308.52,308.28,308.36,492
2026-08-21T18:30:00+00:00,308.36,308.73,308.34,308.6,478
2026-08-21T18:35:00+00:00,308.6,308.84,308.45,308.69,404
2026-08-21T18:40:00+00:00,308.69,308.81,308.39,308.42,305
2026-08-21T18:45:00+00:00,308.42,308.53,308.03,308.43,500
2026-08-21T18:50:00+00:00,308.43,308.64,308.39,308.39,451
2026-08-21T18:55:00+00:00,308.39,308.69,308.37,308.61,271
2026-08-21T19:00:00+00:00,308.61,308.74,308.26,308.33,390
2026-08-21T19:05:00+00:00,308.33,308.52,308.29,308.37,368
2026-08-21T19:10:00+00:00,308.37,308.62,308.28,308.58,405
2026-08-21T19:15:00+00:00,308.58,309.37,308.52,309.26,605
2026-08-21T19:20:00+00:00,309.26,309.47,309.03,309.29,550
2026-08-21T19:25:00+00:00,309.29,309.73,309.23,309.63,537
2026-08-21T19:30:00+00:00,309.63,309.88,309.47,309.53,647
2026-08-21T19:35:00+00:00,309.53,309.73,309.26,309.41,621
2026-08-21T19:40:00+00:00,309.41,309.6,309.28,309.42,570
2026-08-21T19:45:00+00:00,309.42,309.92,309.38,309.91,541
2026-08-21T19:50:00+00:00,309.91,310.06,309.67,309.79,695
2026-08-21T19:55:00+00:00,309.79,309.83,308.79,309.31,1093
2026-08-24T13:30:00+00:00,309.31,311.88,309.31,310.36,991
2026-08-24T13:35:00+00:00,310.36,311.89,310.18,311.4,1081
2026-08-24T13:40:00+00:00,311.4,312.17,310.95,310.98,1117
2026-08-24T13:45:00+00:00,310.98,311.69,310.43,311.28,1218
2026-08-24T13:50:00+00:00,311.28,311.51,310.98,311.31,1015
2026-08-24T13:55:00+00:00,311.31,311.72,310.81,311.66,962
2026-08-24T14:00:00+00:00,311.66,312.77,311.56,312.13,1058
2026-08-24T14:05:00+00:00,312.13,312.42,311.76,311.91,720
2026-08-24T14:10:00+00:00,311.91,312.64,311.55,312.09,841
2026-08-24T14:15:00+00:00,312.09,313.04,311.94,312.83,923
2026-08-24T14:20:00+00:00,312.83,313.05,312.49,312.71,708
2026-08-24T14:25:00+00:00,312.71,312.91,312.48,312.81,709
2026-08-24T14:30:00+00:00,312.81,313.19,312.68,313.05,723
2026-08-24T14:35:00+00:00,313.05,313.14,312.73,312.83,617
2026-08-24T14:40:00+00:00,312.83,313.16,312.68,312.9,523
2026-08-24T14:45:00+00:00,312.9,313.12,312.88,313.08,518
2026-08-24T14:50:00+00:00,313.08,313.16,312.42,312.48,580
2026-08-24T14:55:00+00:00,312.48,312.99,312.36,312.85,609
2026-08-24T15:00:00+00:00,312.85,313.04,312.39,312.47,599
2026-08-24T15:05:00+00:00,312.47,312.47,311.38,311.53,646
2026-08-24T15:10:00+00:00,311.53,311.78,311.41,311.72,580
2026-08-24T15:15:00+00:00,311.72,311.91,311.58,311.72,517
2026-08-24T15:20:00+00:00,311.72,311.87,311.53,311.83,501
2026-08-24T15:25:00+00:00,311.83,312.32,311.75,312.06,684
2026-08-24T15:30:00+00:00,312.06,312.19,311.76,311.81,579
2026-08-24T15:35:00+00:00,311.81,311.85,311.58,311.72,495
2026-08-24T15:40:00+00:00,311.72,312.26,311.68,312.07,452
2026-08-24T15:45:00+00:00,312.07,312.17,311.73,311.79,402
2026-08-24T15:50:00+00:00,311.79,311.95,311.65,311.66,427
2026-08-24T15:55:00+00:00,311.66,311.75,311.44,311.57,482
2026-08-24T16:00:00+00:00,311.57,311.75,311.45,311.67,507
2026-08-24T16:05:00+00:00,311.67,311.72,311.21,311.29,461
2026-08-24T16:10:00+00:00,311.29,311.39,311.18,311.27,359
2026-08-24T16:15:00+00:00,311.27,311.85,311.23,311.57,478
2026-08-24T16:20:00+00:00,311.57,311.66,311.39,311.56,336
2026-08-24T16:25:00+00:00,311.56,311.9,311.49,311.8,379
2026-08-24T16:30:00+00:00,311.8,312.01,311.71,312,369
2026-08-24T16:35:00+00:00,312,312.16,311.96,312.1,369
2026-08-24T16:40:00+00:00,312.1,312.2,311.97,312.13,336
2026-08-24T16:45:00+00:00,312.13,313.04,312.04,313,527
2026-08-24T16:50:00+00:00,313,313.24,312.6,312.81,490
2026-08-24T16:55:00+00:00,312.81,313.09,312.74,312.82,444
2026-08-24T17:00:00+00:00,312.82,312.82,312.38,312.46,456
2026-08-24T17:05:00+00:00,312.46,312.46,312.01,312.39,611
2026-08-24T17:10:00+00:00,312.39,312.58,312.23,312.31,477
2026-08-24T17:15:00+00:00,312.31,312.35,311.89,312,511
2026-08-24T17:20:00+00:00,312,312.02,311.74,311.86,505
2026-08-24T17:25:00+00:00,311.86,312.14,311.77,311.95,468
2026-08-24T17:30:00+00:00,311.95,312.23,311.8,311.94,437
2026-08-24T17:35:00+00:00,311.94,311.98,311.56,311.69,302
2026-08-24T17:40:00+00:00,311.69,311.89,311.68,311.76,432
2026-08-24T17:45:00+00:00,311.76,311.93,311.66,311.88,389
2026-08-24T17:50:00+00:00,311.88,312.15,311.58,311.74,403
2026-08-24T17:55:00+00:00,311.74,311.95,311.68,311.86,355
2026-08-24T18:00:00+00:00,311.86,311.98,311.63,311.72,472
2026-08-24T18:05:00+00:00,311.72,311.77,311.38,311.62,448
2026-08-24T18:10:00+00:00,311.62,311.66,311.38,311.59,389
2026-08-24T18:15:00+00:00,311.59,311.67,311.49,311.52,379
2026-08-24T18:20:00+00:00,311.52,311.76,311.48,311.52,394
2026-08-24T18:25:00+00:00,311.52,311.76,311.48,311.61,297
2026-08-24T18:30:00+00:00,311.61,311.71,311.28,311.28,413
2026-08-24T18:35:00+00:00,311.28,311.28,310.92,310.97,344
2026-08-24T18:40:00+00:00,310.97,310.97,310.58,310.8,407
2026-08-24T18:45:00+00:00,310.8,311.44,310.79,311.44,413
2026-08-24T18:50:00+00:00,311.44,311.51,311.33,311.42,335
2026-08-24T18:55:00+00:00,311.42,311.67,311.34,311.46,423
2026-08-24T19:00:00+00:00,311.46,311.48,311.18,311.41,391
2026-08-24T19:05:00+00:00,311.41,311.55,311.13,311.16,325
2026-08-24T19:10:00+00:00,311.16,311.29,310.89,311.08,406
2026-08-24T19:15:00+00:00,311.08,311.45,311.04,311.32,404
2026-08-24T19:20:00+00:00,311.32,311.35,311.15,311.18,330
2026-08-24T19:25:00+00:00,311.18,311.22,311.02,311.12,370
2026-08-24T19:30:00+00:00,311.12,311.15,310.73,310.93,456
2026-08-24T19:35:00+00:00,310.93,310.99,310.72,310.86,481
2026-08-24T19:40:00+00:00,310.86,311.01,310.54,310.55,483
2026-08-24T19:45:00+00:00,310.55,310.84,310.29,310.84,519
2026-08-24T19:50:00+00:00,310.84,310.88,310.41,310.7,856
2026-08-24T19:55:00+00:00,310.7,310.7,310.01,310.22,1241
2026-08-25T13:30:00+00:00,310.22,313.34,310.22,311.16,1277
2026-08-25T13:35:00+00:00,311.16,311.53,310.4,310.94,1388
2026-08-25T13:40:00+00:00,310.94,311,310.13,310.31,1183
2026-08-25T13:45:00+00:00,310.31,311.06,310.06,311.01,1318
2026-08-25T13:50:00+00:00,311.01,311.17,310.41,311.13,1339
2026-08-25T13:55:00+00:00,311.13,311.33,309.89,310.21,1207
2026-08-25T14:00:00+00:00,310.21,310.42,309.51,310.07,1263
2026-08-25T14:05:00+00:00,310.07,310.55,310.03,310.34,1197
2026-08-25T14:10:00+00:00,310.34,310.42,309.54,309.9,894
2026-08-25T14:15:00+00:00,309.9,310.29,309.78,310.21,874
2026-08-25T14:20:00+00:00,310.21,310.57,309.89,310.39,949
2026-08-25T14:25:00+00:00,310.39,310.47,309.93,309.95,763
2026-08-25T14:30:00+00:00,309.95,310.64,309.47,310.11,1301
2026-08-25T14:35:00+00:00,310.11,310.46,309.94,310.42,831
2026-08-25T14:40:00+00:00,310.42,310.46,309.64,309.7,822
2026-08-25T14:45:00+00:00,309.7,309.83,309.55,309.56,829
2026-08-25T14:50:00+00:00,309.56,309.59,309.09,309.55,815
2026-08-25T14:55:00+00:00,309.55,309.56,308.91,308.98,809
2026-08-25T15:00:00+00:00,308.98,309.04,308.23,308.59,916
2026-08-25T15:05:00+00:00,308.59,309.24,308.46,309.04,831
2026-08-25T15:10:00+00:00,309.04,309.27,308.81,309.2,712
2026-08-25T15:15:00+00:00,309.2,309.33,308.83,309.09,640
2026-08-25T15:20:00+00:00,309.09,309.15,308.73,308.81,556
2026-08-25T15:25:00+00:00,308.81,309.2,308.73,309.12,478
2026-08-25T15:30:00+00:00,309.12,309.56,309.11,309.24,670
2026-08-25T15:35:00+00:00,309.24,309.64,309.16,309.5,510
2026-08-25T15:40:00+00:00,309.5,309.69,309.34,309.64,498
2026-08-25T15:45:00+00:00,309.64,309.7,309.14,309.14,531
2026-08-25T15:50:00+00:00,309.14,309.52,309.04,309.5,424
2026-08-25T15:55:00+00:00,309.5,309.68,309.27,309.48,583
2026-08-25T16:00:00+00:00,309.48,309.58,309.35,309.41,476
2026-08-25T16:05:00+00:00,309.41,309.5,309.14,309.28,489
2026-08-25T16:10:00+00:00,309.28,309.45,309.26,309.36,425
2026-08-25T16:15:00+00:00,309.36,309.57,309.33,309.5,416
2026-08-25T16:20:00+00:00,309.5,309.98,309.4,309.95,359
2026-08-25T16:25:00+00:00,309.95,310.05,309.64,309.8,392
2026-08-25T16:30:00+00:00,309.8,309.91,309.54,309.63,360
2026-08-25T16:35:00+00:00,309.63,309.73,309.38,309.39,459
2026-08-25T16:40:00+00:00,309.39,309.76,309.38,309.61,295
2026-08-25T16:45:00+00:00,309.61,309.74,309.42,309.54,339
2026-08-25T16:50:00+00:00,309.54,309.86,309.51,309.83,307
2026-08-25T16:55:00+00:00,309.83,309.95,309.66,309.91,317
2026-08-25T17:00:00+00:00,309.91,309.91,309.64,309.72,381
2026-08-25T17:05:00+00:00,309.72,309.77,309.45,309.52,425
2026-08-25T17:10:00+00:00,309.52,309.76,309.5,309.69,289
2026-08-25T17:15:00+00:00,309.69,309.88,309.65,309.85,280
2026-08-25T17:20:00+00:00,309.85,309.85,309.46,309.55,374
2026-08-25T17:25:00+00:00,309.55,309.64,309.46,309.5,303
2026-08-25T17:30:00+00:00,309.5,309.58,309.38,309.55,322
2026-08-25T17:35:00+00:00,309.55,309.7,309.39,309.55,250
2026-08-25T17:40:00+00:00,309.55,309.67,309.52,309.55,250
2026-08-25T17:45:00+00:00,309.55,309.67,309.52,309.52,249
2026-08-25T17:50:00+00:00,309.52,309.54,309.19,309.29,329
2026-08-25T17:55:00+00:00,309.29,309.43,309.2,309.34,398
2026-08-25T18:00:00+00:00,309.34,309.34,308.66,308.7,485
2026-08-25T18:05:00+00:00,308.7,308.92,308.48,308.88,539
2026-08-25T18:10:00+00:00,308.88,309.31,308.87,309.12,440
2026-08-25T18:15:00+00:00,309.12,309.34,309.04,309.29,341
2026-08-25T18:20:00+00:00,309.29,309.6,309.29,309.35,361
2026-08-25T18:25:00+00:00,309.35,309.55,309.23,309.43,275
2026-08-25T18:30:00+00:00,309.43,309.48,309.28,309.41,326
2026-08-25T18:35:00+00:00,309.41,309.43,308.98,308.98,337
2026-08-25T18:40:00+00:00,308.98,309.13,308.91,309.06,349
2026-08-25T18:45:00+00:00,309.06,309.18,308.88,309.02,408
2026-08-25T18:50:00+00:00,309.02,309.06,308.88,308.9,315
2026-08-25T18:55:00+00:00,308.9,309.02,308.28,308.43,395
2026-08-25T19:00:00+00:00,308.43,308.45,308.08,308.1,485
2026-08-25T19:05:00+00:00,308.1,308.37,308.09,308.31,312
2026-08-25T19:10:00+00:00,308.31,308.66,308.28,308.56,357
2026-08-25T19:15:00+00:00,308.56,308.94,308.54,308.86,369
2026-08-25T19:20:00+00:00,308.86,309.04,308.8,309.01,295
2026-08-25T19:25:00+00:00,309.01,309.23,308.81,308.82,359
2026-08-25T19:30:00+00:00,308.82,308.93,308.48,308.78,405
2026-08-25T19:35:00+00:00,308.78,308.87,308.61,308.66,422
2026-08-25T19:40:00+00:00,308.66,308.85,308.66,308.79,373
2026-08-25T19:45:00+00:00,308.79,309.19,308.68,309.19,366
2026-08-25T19:50:00+00:00,309.19,309.79,309.02,309.64,576
2026-08-25T19:55:00+00:00,309.64,310.18,309.55,309.8,1101
2026-08-26T13:30:00+00:00,309.8,311.31,308.68,309.4,784
2026-08-26T13:35:00+00:00,309.4,310.29,308.99,310.04,718
2026-08-26T13:40:00+00:00,310.04,311.51,310.02,311.29,884
2026-08-26T13:45:00+00:00,311.29,311.67,310.9,311.42,910
2026-08-26T13:50:00+00:00,311.42,311.91,311.17,311.8,822
2026-08-26T13:55:00+00:00,311.8,312.55,311.62,312.32,862
2026-08-26T14:00:00+00:00,312.32,312.72,311.52,312.35,877
2026-08-26T14:05:00+00:00,312.35,312.61,311.9,312.26,695
2026-08-26T14:10:00+00:00,312.26,313.27,312.24,312.7,771
2026-08-26T14:15:00+00:00,312.7,312.89,312.42,312.54,754
2026-08-26T14:20:00+00:00,312.54,313.13,312.52,312.56,663
2026-08-26T14:25:00+00:00,312.56,312.61,311.66,311.66,714
2026-08-26T14:30:00+00:00,311.66,311.85,311.51,311.72,584
2026-08-26T14:35:00+00:00,311.72,312.07,311.71,311.92,551
2026-08-26T14:40:00+00:00,311.92,312.42,311.91,312.37,511
2026-08-26T14:45:00+00:00,312.37,312.51,311.9,312.36,485
2026-08-26T14:50:00+00:00,312.36,312.65,312.28,312.56,420
2026-08-26T14:55:00+00:00,312.56,312.73,312.2,312.68,480
2026-08-26T15:00:00+00:00,312.68,312.82,312.33,312.37,518
2026-08-26T15:05:00+00:00,312.37,313.29,312.37,313.15,469
2026-08-26T15:10:00+00:00,313.15,313.3,312.66,312.92,487
2026-08-26T15:15:00+00:00,312.92,313.06,312.47,312.61,594
2026-08-26T15:20:00+00:00,312.61,313.03,312.61,312.61,471
2026-08-26T15:25:00+00:00,312.61,312.61,312.38,312.38,417
2026-08-26T15:30:00+00:00,312.38,312.44,312.06,312.15,449
2026-08-26T15:35:00+00:00,312.15,312.45,312.09,312.36,555
2026-08-26T15:40:00+00:00,312.36,313.36,312.25,313.3,457
2026-08-26T15:45:00+00:00,313.3,313.48,312.97,313.28,487
2026-08-26T15:50:00+00:00,313.28,313.33,312.93,313.05,574
2026-08-26T15:55:00+00:00,313.05,313.07,312.68,312.77,395
2026-08-26T16:00:00+00:00,312.77,312.8,312.21,312.44,576
2026-08-26T16:05:00+00:00,312.44,313.75,312.37,313.34,676
2026-08-26T16:10:00+00:00,313.34,313.51,313.11,313.3,588
2026-08-26T16:15:00+00:00,313.3,313.48,313.23,313.26,472
2026-08-26T16:20:00+00:00,313.26,313.37,313.02,313.19,410
2026-08-26T16:25:00+00:00,313.19,313.33,313.12,313.16,352
2026-08-26T16:30:00+00:00,313.16,313.33,312.96,313.26,320
2026-08-26T16:35:00+00:00,313.26,313.34,312.64,312.64,378
2026-08-26T16:40:00+00:00,312.64,312.65,312.38,312.6,391
2026-08-26T16:45:00+00:00,312.6,312.82,312.5,312.56,485
2026-08-26T16:50:00+00:00,312.56,312.75,312.56,312.65,348
2026-08-26T16:55:00+00:00,312.65,313.06,312.64,312.9,471
2026-08-26T17:00:00+00:00,312.9,312.96,312.59,312.66,328
2026-08-26T17:05:00+00:00,312.66,312.73,312.59,312.68,348
2026-08-26T17:10:00+00:00,312.68,312.68,312.38,312.46,350
2026-08-26T17:15:00+00:00,312.46,312.91,312.46,312.68,462
2026-08-26T17:20:00+00:00,312.68,313.11,312.68,313.11,358
2026-08-26T17:25:00+00:00,313.11,313.14,312.89,312.98,286
2026-08-26T17:30:00+00:00,312.98,313.13,312.94,313.05,326
2026-08-26T17:35:00+00:00,313.05,313.08,312.7,312.71,302
2026-08-26T17:40:00+00:00,312.71,312.76,312.51,312.67,304
2026-08-26T17:45:00+00:00,312.67,312.74,312.54,312.63,242
2026-08-26T17:50:00+00:00,312.63,312.89,312.6,312.89,269
2026-08-26T17:55:00+00:00,312.89,312.98,312.68,312.8,297
2026-08-26T18:00:00+00:00,312.8,313,312.7,312.92,281
2026-08-26T18:05:00+00:00,312.92,313.03,312.84,312.9,258
2026-08-26T18:10:00+00:00,312.9,312.96,312.68,312.68,214
2026-08-26T18:15:00+00:00,312.68,312.97,312.61,312.91,326
2026-08-26T18:20:00+00:00,312.91,313.06,312.83,312.88,274
2026-08-26T18:25:00+00:00,312.88,312.99,312.8,312.9,296
2026-08-26T18:30:00+00:00,312.9,313.09,312.8,313.08,247
2026-08-26T18:35:00+00:00,313.08,313.19,312.98,313.04,334
2026-08-26T18:40:00+00:00,313.04,313.57,312.97,313.56,322
2026-08-26T18:45:00+00:00,313.56,314.27,313.55,314.13,549
2026-08-26T18:50:00+00:00,314.13,314.96,314.07,314.58,704
2026-08-26T18:55:00+00:00,314.58,314.63,314.34,314.44,439
2026-08-26T19:00:00+00:00,314.44,315,314.32,314.99,524
2026-08-26T19:05:00+00:00,314.99,315.12,314.82,315,478
2026-08-26T19:10:00+00:00,315,315.12,314.88,314.96,412
2026-08-26T19:15:00+00:00,314.96,315.1,314.7,314.91,441
2026-08-26T19:20:00+00:00,314.91,314.98,314.71,314.89,366
2026-08-26T19:25:00+00:00,314.89,314.95,314.7,314.71,416
2026-08-26T19:30:00+00:00,314.71,314.92,314.54,314.76,570
2026-08-26T19:35:00+00:00,314.76,315.1,314.55,315.07,452
2026-08-26T19:40:00+00:00,315.07,315.28,314.97,315.12,500
2026-08-26T19:45:00+00:00,315.12,315.22,314.63,314.79,566
2026-08-26T19:50:00+00:00,314.79,314.87,313.99,314.11,848
2026-08-26T19:55:00+00:00,314.11,314.11,312.82,313.49,1162
2026-08-27T13:30:00+00:00,313.49,313.49,309.29,309.8,1603
2026-08-27T13:35:00+00:00,309.8,310.8,309.29,310.46,1562
2026-08-27T13:40:00+00:00,310.46,310.97,309.49,310.66,1407
2026-08-27T13:45:00+00:00,310.66,311.74,310.66,311.4,1460
2026-08-27T13:50:00+00:00,311.4,311.96,311.29,311.74,1105
2026-08-27T13:55:00+00:00,311.74,311.98,311.1,311.48,1132
2026-08-27T14:00:00+00:00,311.48,311.85,311.19,311.22,1198
2026-08-27T14:05:00+00:00,311.22,311.23,310.21,310.32,1187
2026-08-27T14:10:00+00:00,310.32,310.92,310.02,310.1,1006
2026-08-27T14:15:00+00:00,310.1,310.39,309.79,309.9,1027
2026-08-27T14:20:00+00:00,309.9,310.27,309.49,310.24,1137
2026-08-27T14:25:00+00:00,310.24,310.76,310.17,310.63,1120
2026-08-27T14:30:00+00:00,310.63,311.33,310.5,311.3,958
2026-08-27T14:35:00+00:00,311.3,312.99,311.28,312.83,1304
2026-08-27T14:40:00+00:00,312.83,313.4,312.64,312.72,1410
2026-08-27T14:45:00+00:00,312.72,313.38,312.49,313.29,1109
2026-08-27T14:50:00+00:00,313.29,313.59,312.98,313.4,885
2026-08-27T14:55:00+00:00,313.4,313.51,313.08,313.24,892
2026-08-27T15:00:00+00:00,313.24,314.2,313.24,314.17,1006
2026-08-27T15:05:00+00:00,314.17,314.54,314.09,314.37,901
2026-08-27T15:10:00+00:00,314.37,314.57,314.17,314.56,898
2026-08-27T15:15:00+00:00,314.56,315.02,314.52,314.62,919
2026-08-27T15:20:00+00:00,314.62,314.99,314.44,314.64,922
2026-08-27T15:25:00+00:00,314.64,314.69,314.41,314.48,779
2026-08-27T15:30:00+00:00,314.48,314.63,314.17,314.43,871
2026-08-27T15:35:00+00:00,314.43,314.47,314.13,314.18,733
2026-08-27T15:40:00+00:00,314.18,314.92,314.13,314.6,882
2026-08-27T15:45:00+00:00,314.6,314.65,314.02,314.31,712
2026-08-27T15:50:00+00:00,314.31,314.71,314.28,314.52,745
2026-08-27T15:55:00+00:00,314.52,314.71,314.26,314.69,657
2026-08-27T16:00:00+00:00,314.69,314.84,314.55,314.75,618
2026-08-27T16:05:00+00:00,314.75,314.75,314.18,314.18,625
2026-08-27T16:10:00+00:00,314.18,314.55,314.12,314.5,512
2026-08-27T16:15:00+00:00,314.5,314.6,314.2,314.2,548
2026-08-27T16:20:00+00:00,314.2,314.27,313.98,314.18,670
2026-08-27T16:25:00+00:00,314.18,314.44,314.03,314.42,527
2026-08-27T16:30:00+00:00,314.42,314.48,314.25,314.37,573
2026-08-27T16:35:00+00:00,314.37,314.48,314.1,314.43,500
2026-08-27T16:40:00+00:00,314.43,314.66,314.38,314.59,433
2026-08-27T16:45:00+00:00,314.59,315.03,314.52,314.52,586
2026-08-27T16:50:00+00:00,314.52,315.06,314.36,314.95,605
2026-08-27T16:55:00+00:00,314.95,314.96,314.7,314.85,505
2026-08-27T17:00:00+00:00,314.85,314.93,314.62,314.71,552
2026-08-27T17:05:00+00:00,314.71,315.21,314.56,315.11,491
2026-08-27T17:10:00+00:00,315.11,315.2,314.74,314.75,422
2026-08-27T17:15:00+00:00,314.75,315.11,314.66,315.11,533
2026-08-27T17:20:00+00:00,315.11,315.26,314.88,314.9,497
2026-08-27T17:25:00+00:00,314.9,315.18,314.82,315.1,503
2026-08-27T17:30:00+00:00,315.1,315.21,314.71,314.72,490
2026-08-27T17:35:00+00:00,314.72,314.81,314.36,314.37,540
2026-08-27T17:40:00+00:00,314.37,314.82,314.35,314.51,539
2026-08-27T17:45:00+00:00,314.51,314.76,314.48,314.7,509
2026-08-27T17:50:00+00:00,314.7,314.74,314.48,314.61,437
2026-08-27T17:55:00+00:00,314.61,314.92,314.56,314.67,626
2026-08-27T18:00:00+00:00,314.67,314.78,314.05,314.09,667
2026-08-27T18:05:00+00:00,314.09,314.26,313.98,314.21,664
2026-08-27T18:10:00+00:00,314.21,314.28,314.03,314.2,529
2026-08-27T18:15:00+00:00,314.2,314.28,313.92,314.19,597
2026-08-27T18:20:00+00:00,314.19,314.23,313.91,314.04,506
2026-08-27T18:25:00+00:00,314.04,314.13,313.87,314.02,598
2026-08-27T18:30:00+00:00,314.02,314.09,313.72,313.74,537
2026-08-27T18:35:00+00:00,313.74,314.32,313.71,314.25,502
2026-08-27T18:40:00+00:00,314.25,314.35,314,314.06,435
2026-08-27T18:45:00+00:00,314.06,314.46,314.05,314.12,501
2026-08-27T18:50:00+00:00,314.12,314.15,313.49,313.51,590
2026-08-27T18:55:00+00:00,313.51,313.82,313.42,313.72,524
2026-08-27T19:00:00+00:00,313.72,313.93,313.48,313.84,623
2026-08-27T19:05:00+00:00,313.84,314.06,313.63,313.93,628
2026-08-27T19:10:00+00:00,313.93,314.24,313.89,314.07,461
2026-08-27T19:15:00+00:00,314.07,314.16,313.88,314.1,481
2026-08-27T19:20:00+00:00,314.1,314.1,313.46,313.51,521
2026-08-27T19:25:00+00:00,313.51,313.58,313.26,313.45,571
2026-08-27T19:30:00+00:00,313.45,313.6,313.38,313.52,558
2026-08-27T19:35:00+00:00,313.52,313.54,313.22,313.48,472
2026-08-27T19:40:00+00:00,313.48,313.72,313.38,313.72,501
2026-08-27T19:45:00+00:00,313.72,313.92,313.6,313.92,495
2026-08-27T19:50:00+00:00,313.92,314.8,313.39,314.73,895
2026-08-27T19:55:00+00:00,314.73,314.83,314.07,314.62,1562
2026-08-28T13:30:00+00:00,314.62,317.87,314.62,317.53,1153
2026-08-28T13:35:00+00:00,317.53,317.94,316.88,317.02,1064
2026-08-28T13:40:00+00:00,317.02,317.34,316.49,317.15,894
2026-08-28T13:45:00+00:00,317.15,317.2,315.38,315.75,1113
2026-08-28T13:50:00+00:00,315.75,316.28,315.34,316.12,777
2026-08-28T13:55:00+00:00,316.12,316.69,315.58,316.57,705
2026-08-28T14:00:00+00:00,316.57,316.96,316.02,316.64,1028
2026-08-28T14:05:00+00:00,316.64,316.83,316.1,316.59,811
2026-08-28T14:10:00+00:00,316.59,316.8,315.94,316.33,738
2026-08-28T14:15:00+00:00,316.33,316.76,316.01,316.65,684
2026-08-28T14:20:00+00:00,316.65,317.05,316.46,316.87,691
2026-08-28T14:25:00+00:00,316.87,316.93,315.99,316.52,740
2026-08-28T14:30:00+00:00,316.52,316.93,316.34,316.86,622
2026-08-28T14:35:00+00:00,316.86,317.67,316.85,317.41,754
2026-08-28T14:40:00+00:00,317.41,319.39,317.37,319.31,992
2026-08-28T14:45:00+00:00,319.31,319.6,318.46,319.02,1251
2026-08-28T14:50:00+00:00,319.02,320.16,318.8,319.86,893
2026-08-28T14:55:00+00:00,319.86,320.64,319.81,320.58,982
2026-08-28T15:00:00+00:00,320.58,321.1,320.36,321.1,1103
2026-08-28T15:05:00+00:00,321.1,321.2,319.97,320.42,1069
2026-08-28T15:10:00+00:00,320.42,320.83,319.91,320.64,891
2026-08-28T15:15:00+00:00,320.64,321.26,320.61,321.04,886
2026-08-28T15:20:00+00:00,321.04,321.48,320.78,321.31,789
2026-08-28T15:25:00+00:00,321.31,321.89,321.26,321.76,829
2026-08-28T15:30:00+00:00,321.76,322.24,321.7,322.05,800
2026-08-28T15:35:00+00:00,322.05,322.1,321.33,321.37,819
2026-08-28T15:40:00+00:00,321.37,321.88,321.16,321.67,1009
2026-08-28T15:45:00+00:00,321.67,322.22,321.64,321.98,863
2026-08-28T15:50:00+00:00,321.98,322.11,321.18,321.44,882
2026-08-28T15:55:00+00:00,321.44,321.48,320.98,321.34,984
2026-08-28T16:00:00+00:00,321.34,321.7,321.09,321.53,970
2026-08-28T16:05:00+00:00,321.53,321.6,321.18,321.2,807
2026-08-28T16:10:00+00:00,321.2,321.54,320.97,321.47,720
2026-08-28T16:15:00+00:00,321.47,321.7,320.53,320.94,883
2026-08-28T16:20:00+00:00,320.94,320.95,320.4,320.84,930
2026-08-28T16:25:00+00:00,320.84,320.9,320.45,320.78,720
2026-08-28T16:30:00+00:00,320.78,321.28,320.78,321.07,878
2026-08-28T16:35:00+00:00,321.07,321.39,321.02,321.14,667
2026-08-28T16:40:00+00:00,321.14,321.18,320.45,320.51,642
2026-08-28T16:45:00+00:00,320.51,321.22,320.46,321,709
2026-08-28T16:50:00+00:00,321,321.07,320.57,320.64,615
2026-08-28T16:55:00+00:00,320.64,320.89,320.52,320.72,565
2026-08-28T17:00:00+00:00,320.72,320.73,320.13,320.55,792
2026-08-28T17:05:00+00:00,320.55,320.69,320.28,320.41,646
2026-08-28T17:10:00+00:00,320.41,320.67,320.28,320.6,590
2026-08-28T17:15:00+00:00,320.6,320.69,319.88,320,657
2026-08-28T17:20:00+00:00,320,320.21,319.44,319.6,581
2026-08-28T17:25:00+00:00,319.6,319.8,319.51,319.63,534
2026-08-28T17:30:00+00:00,319.63,319.89,319.58,319.7,583
2026-08-28T17:35:00+00:00,319.7,319.77,319.23,319.25,591
2026-08-28T17:40:00+00:00,319.25,319.49,319.23,319.25,503
2026-08-28T17:45:00+00:00,319.25,319.5,319.23,319.33,414
2026-08-28T17:50:00+00:00,319.33,319.45,319.23,319.4,409
2026-08-28T17:55:00+00:00,319.4,319.58,319.25,319.56,549
2026-08-28T18:00:00+00:00,319.56,319.88,319.3,319.71,549
2026-08-28T18:05:00+00:00,319.71,319.89,319.38,319.49,568
2026-08-28T18:10:00+00:00,319.49,319.93,319.44,319.48,516
2026-08-28T18:15:00+00:00,319.48,319.71,319.3,319.47,459
2026-08-28T18:20:00+00:00,319.47,319.55,319.28,319.33,439
2026-08-28T18:25:00+00:00,319.33,319.57,319.32,319.38,565
2026-08-28T18:30:00+00:00,319.38,319.63,319.38,319.48,441
2026-08-28T18:35:00+00:00,319.48,319.56,319.3,319.38,477
2026-08-28T18:40:00+00:00,319.38,319.64,319.37,319.49,534
2026-08-28T18:45:00+00:00,319.49,319.52,319.28,319.33,557
2026-08-28T18:50:00+00:00,319.33,319.43,318.91,319.34,738
2026-08-28T18:55:00+00:00,319.34,319.68,319.12,319.66,605
2026-08-28T19:00:00+00:00,319.66,319.71,319.18,319.62,567
2026-08-28T19:05:00+00:00,319.62,319.77,319.36,319.41,623
2026-08-28T19:10:00+00:00,319.41,319.62,319.13,319.45,618
2026-08-28T19:15:00+00:00,319.45,319.76,319.44,319.62,582
2026-08-28T19:20:00+00:00,319.62,319.88,319.53,319.6,613
2026-08-28T19:25:00+00:00,319.6,319.7,319.38,319.42,629
2026-08-28T19:30:00+00:00,319.42,319.91,319.38,319.89,687
2026-08-28T19:35:00+00:00,319.89,319.97,319.6,319.87,585
2026-08-28T19:40:00+00:00,319.87,320.05,319.69,319.72,682
2026-08-28T19:45:00+00:00,319.72,319.79,319.45,319.71,686
2026-08-28T19:50:00+00:00,319.71,320.21,319.39,319.69,1108
2026-08-28T19:55:00+00:00,319.69,319.91,319.3,319.51,1159
2026-08-31T13:30:00+00:00,319.51,321.09,317.94,317.94,1891
2026-08-31T13:35:00+00:00,317.94,318.67,317.09,318.47,1434
2026-08-31T13:40:00+00:00,318.47,318.75,316.9,317.28,1403
2026-08-31T13:45:00+00:00,317.28,317.42,316.61,317.25,1583
2026-08-31T13:50:00+00:00,317.25,317.91,316.99,317.78,1456
2026-08-31T13:55:00+00:00,317.78,317.92,317.03,317.06,1281
2026-08-31T14:00:00+00:00,317.06,317.1,316.18,316.33,1380
2026-08-31T14:05:00+00:00,316.33,316.64,316.1,316.21,1317
2026-08-31T14:10:00+00:00,316.21,316.48,315.63,316.34,1346
2026-08-31T14:15:00+00:00,316.34,316.7,315.93,316.05,1243
2026-08-31T14:20:00+00:00,316.05,316.05,315.38,315.46,982
2026-08-31T14:25:00+00:00,315.46,315.68,315.34,315.56,1102
2026-08-31T14:30:00+00:00,315.56,315.57,314.24,314.29,941
2026-08-31T14:35:00+00:00,314.29,315.08,314.26,314.82,925
2026-08-31T14:40:00+00:00,314.82,314.88,314.4,314.84,960
2026-08-31T14:45:00+00:00,314.84,315.18,314.71,314.94,849
2026-08-31T14:50:00+00:00,314.94,315.04,314.63,314.83,873
2026-08-31T14:55:00+00:00,314.83,315.52,314.59,315.26,932
2026-08-31T15:00:00+00:00,315.26,315.72,315.03,315.11,1034
2026-08-31T15:05:00+00:00,315.11,315.35,314.89,315.33,1118
2026-08-31T15:10:00+00:00,315.33,315.43,314.97,315.17,1052
2026-08-31T15:15:00+00:00,315.17,315.28,314.78,315.01,778
2026-08-31T15:20:00+00:00,315.01,315.32,314.78,314.91,742
2026-08-31T15:25:00+00:00,314.91,315.05,314.79,314.9,964
2026-08-31T15:30:00+00:00,314.9,315.06,314.63,314.94,981
2026-08-31T15:35:00+00:00,314.94,315.11,314.54,314.57,793
2026-08-31T15:40:00+00:00,314.57,314.8,314.49,314.8,703
2026-08-31T15:45:00+00:00,314.8,314.81,314.53,314.8,755
2026-08-31T15:50:00+00:00,314.8,315.01,314.68,314.79,783
2026-08-31T15:55:00+00:00,314.79,314.9,314.45,314.52,620
2026-08-31T16:00:00+00:00,314.52,314.58,314.23,314.26,818
2026-08-31T16:05:00+00:00,314.26,314.27,313.83,313.9,904
2026-08-31T16:10:00+00:00,313.9,314.37,313.82,314.31,777
2026-08-31T16:15:00+00:00,314.31,314.36,313.88,314.12,871
2026-08-31T16:20:00+00:00,314.12,314.2,313.94,314.16,784
2026-08-31T16:25:00+00:00,314.16,314.75,314.09,314.54,653
2026-08-31T16:30:00+00:00,314.54,315.25,312.83,313.89,1255
2026-08-31T16:35:00+00:00,313.89,313.97,312.9,313.01,895
2026-08-31T16:40:00+00:00,313.01,313.43,312.96,313.29,758
2026-08-31T16:45:00+00:00,313.29,313.6,313.26,313.51,696
2026-08-31T16:50:00+00:00,313.51,313.76,313.41,313.64,629
2026-08-31T16:55:00+00:00,313.64,313.76,313.48,313.61,480
2026-08-31T17:00:00+00:00,313.61,313.64,313.28,313.36,559
2026-08-31T17:05:00+00:00,313.36,313.66,313.28,313.48,553
2026-08-31T17:10:00+00:00,313.48,313.94,313.39,313.92,437
2026-08-31T17:15:00+00:00,313.92,313.96,313.65,313.96,529
2026-08-31T17:20:00+00:00,313.96,314.13,313.85,314.02,619
2026-08-31T17:25:00+00:00,314.02,314.04,313.63,313.72,539
2026-08-31T17:30:00+00:00,313.72,313.74,313.25,313.27,528
2026-08-31T17:35:00+00:00,313.27,313.98,313.25,313.98,593
2026-08-31T17:40:00+00:00,313.98,314.12,313.83,314.04,506
2026-08-31T17:45:00+00:00,314.04,314.34,314.01,314.3,427
2026-08-31T17:50:00+00:00,314.3,314.97,314.25,314.97,525
2026-08-31T17:55:00+00:00,314.97,315.07,314.78,314.98,598
2026-08-31T18:00:00+00:00,314.98,315.08,314.78,315.03,643
2026-08-31T18:05:00+00:00,315.03,315.46,314.93,315.45,568
2026-08-31T18:10:00+00:00,315.45,315.6,315.13,315.23,525
2026-08-31T18:15:00+00:00,315.23,315.33,314.99,315.33,443
2026-08-31T18:20:00+00:00,315.33,315.88,315.27,315.68,549
2026-08-31T18:25:00+00:00,315.68,315.75,315.4,315.54,448
2026-08-31T18:30:00+00:00,315.54,315.81,315.52,315.73,534
2026-08-31T18:35:00+00:00,315.73,315.74,315.16,315.17,635
2026-08-31T18:40:00+00:00,315.17,315.31,314.89,315.11,633
2026-08-31T18:45:00+00:00,315.11,315.35,315.02,315.15,464
2026-08-31T18:50:00+00:00,315.15,315.32,315.14,315.27,475
2026-08-31T18:55:00+00:00,315.27,315.32,315.1,315.22,539
2026-08-31T19:00:00+00:00,315.22,315.56,315.22,315.43,540
2026-08-31T19:05:00+00:00,315.43,315.56,315.34,315.53,447
2026-08-31T19:10:00+00:00,315.53,315.94,315.53,315.91,533
2026-08-31T19:15:00+00:00,315.91,315.94,315.69,315.79,470
2026-08-31T19:20:00+00:00,315.79,315.83,315.5,315.66,587
2026-08-31T19:25:00+00:00,315.66,316.04,315.58,315.91,567
2026-08-31T19:30:00+00:00,315.91,315.95,315.59,315.7,700
2026-08-31T19:35:00+00:00,315.7,315.96,315.63,315.89,560
2026-08-31T19:40:00+00:00,315.89,316.37,315.88,316.27,754
2026-08-31T19:45:00+00:00,316.27,316.6,315.99,316.51,632
2026-08-31T19:50:00+00:00,316.51,317.29,316.34,316.69,1212
2026-08-31T19:55:00+00:00,316.69,317.32,315.58,317,1935
2026-09-01T13:30:00+00:00,317,317.2,314.58,314.93,1624
2026-09-01T13:35:00+00:00,314.93,318.1,314.92,318.03,1287
2026-09-01T13:40:00+00:00,318.03,319.17,317.58,318.95,1605
2026-09-01T13:45:00+00:00,318.95,320.85,318.88,320.53,1676
2026-09-01T13:50:00+00:00,320.53,321.63,320.02,321.45,1594
2026-09-01T13:55:00+00:00,321.45,322.58,320.56,322.57,1481
2026-09-01T14:00:00+00:00,322.57,323.26,321.36,321.62,1969
2026-09-01T14:05:00+00:00,321.62,323.16,321.62,322.88,1481
2026-09-01T14:10:00+00:00,322.88,323.41,322.77,323.26,1293
2026-09-01T14:15:00+00:00,323.26,323.64,322.92,323.42,1348
2026-09-01T14:20:00+00:00,323.42,325.06,323.39,325,1619
2026-09-01T14:25:00+00:00,325,325.26,324.52,325.21,1385
2026-09-01T14:30:00+00:00,325.21,325.74,324.55,325.49,1381
2026-09-01T14:35:00+00:00,325.49,325.57,324.38,324.62,1301
2026-09-01T14:40:00+00:00,324.62,324.95,324.11,324.57,1061
2026-09-01T14:45:00+00:00,324.57,325.11,324.4,325.07,1027
2026-09-01T14:50:00+00:00,325.07,325.08,324.33,324.7,946
2026-09-01T14:55:00+00:00,324.7,324.99,324.11,324.24,891
2026-09-01T15:00:00+00:00,324.24,324.24,322.79,322.98,1241
2026-09-01T15:05:00+00:00,322.98,323.35,322.65,322.97,954
2026-09-01T15:10:00+00:00,322.97,323.27,322.58,323.26,777
2026-09-01T15:15:00+00:00,323.26,324.9,323.19,324.86,951
2026-09-01T15:20:00+00:00,324.86,325.32,324.61,324.83,1065
2026-09-01T15:25:00+00:00,324.83,324.85,324.26,324.46,831
2026-09-01T15:30:00+00:00,324.46,324.59,324.06,324.23,682
2026-09-01T15:35:00+00:00,324.23,324.68,323.88,324.36,691
2026-09-01T15:40:00+00:00,324.36,325.14,324.25,325.03,789
2026-09-01T15:45:00+00:00,325.03,326.14,324.74,326.01,1016
2026-09-01T15:50:00+00:00,326.01,327.09,325.83,326.75,1079
2026-09-01T15:55:00+00:00,326.75,326.81,326.18,326.22,883
2026-09-01T16:00:00+00:00,326.22,326.3,325.71,326.03,745
2026-09-01T16:05:00+00:00,326.03,326.39,325.93,326.26,840
2026-09-01T16:10:00+00:00,326.26,326.36,325.38,325.41,801
2026-09-01T16:15:00+00:00,325.41,325.68,325.23,325.33,848
2026-09-01T16:20:00+00:00,325.33,327.09,325.21,326.83,1137
2026-09-01T16:25:00+00:00,326.83,326.99,326.21,326.49,1108
2026-09-01T16:30:00+00:00,326.49,326.76,326.19,326.22,1023
2026-09-01T16:35:00+00:00,326.22,326.5,325.88,326.34,1109
2026-09-01T16:40:00+00:00,326.34,326.34,325.28,325.34,1013
2026-09-01T16:45:00+00:00,325.34,326.14,325.25,325.79,887
2026-09-01T16:50:00+00:00,325.79,325.82,325.2,325.31,630
2026-09-01T16:55:00+00:00,325.31,325.83,325.25,325.7,687
2026-09-01T17:00:00+00:00,325.7,325.83,325.27,325.36,859
2026-09-01T17:05:00+00:00,325.36,325.43,324.83,324.92,565
2026-09-01T17:10:00+00:00,324.92,325.23,324.81,324.89,691
2026-09-01T17:15:00+00:00,324.89,325.19,324.71,324.88,646
2026-09-01T17:20:00+00:00,324.88,325.22,324.68,324.78,525
2026-09-01T17:25:00+00:00,324.78,325.09,324.31,324.53,885
2026-09-01T17:30:00+00:00,324.53,324.77,324.41,324.65,719
2026-09-01T17:35:00+00:00,324.65,324.65,324.38,324.47,555
2026-09-01T17:40:00+00:00,324.47,324.78,324.2,324.73,532
2026-09-01T17:45:00+00:00,324.73,324.85,324.4,324.42,523
2026-09-01T17:50:00+00:00,324.42,324.82,324.38,324.61,608
2026-09-01T17:55:00+00:00,324.61,325.09,324.59,325.09,549
2026-09-01T18:00:00+00:00,325.09,325.61,324.99,325.05,838
2026-09-01T18:05:00+00:00,325.05,325.08,324.63,325.08,576
2026-09-01T18:10:00+00:00,325.08,325.1,324.73,324.79,569
2026-09-01T18:15:00+00:00,324.79,324.99,324.51,324.99,606
2026-09-01T18:20:00+00:00,324.99,325.09,324.62,324.82,579
2026-09-01T18:25:00+00:00,324.82,325.35,324.66,325.05,787
2026-09-01T18:30:00+00:00,325.05,325.09,324.46,324.73,673
2026-09-01T18:35:00+00:00,324.73,325,324.53,324.54,657
2026-09-01T18:40:00+00:00,324.54,324.73,324.25,324.38,688
2026-09-01T18:45:00+00:00,324.38,324.93,324.29,324.89,920
2026-09-01T18:50:00+00:00,324.89,325.58,324.58,325.31,854
2026-09-01T18:55:00+00:00,325.31,325.71,325.16,325.42,812
2026-09-01T19:00:00+00:00,325.42,325.7,325.12,325.4,784
2026-09-01T19:05:00+00:00,325.4,325.5,324.91,325.07,836
2026-09-01T19:10:00+00:00,325.07,325.71,324.96,325.64,783
2026-09-01T19:15:00+00:00,325.64,325.8,325.35,325.44,644
2026-09-01T19:20:00+00:00,325.44,325.67,325.19,325.55,581
2026-09-01T19:25:00+00:00,325.55,325.76,325.38,325.47,665
2026-09-01T19:30:00+00:00,325.47,325.59,325.05,325.24,836
2026-09-01T19:35:00+00:00,325.24,325.43,324.99,325.27,743
2026-09-01T19:40:00+00:00,325.27,325.35,325.04,325.22,806
2026-09-01T19:45:00+00:00,325.22,325.65,325.12,325.62,850
2026-09-01T19:50:00+00:00,325.62,325.76,324.14,324.74,1384
2026-09-01T19:55:00+00:00,324.74,325.21,323.93,325.08,2005
2026-09-02T13:30:00+00:00,325.08,328.24,325.08,325.47,2035
2026-09-02T13:35:00+00:00,325.47,325.5,323.94,324.86,1407
2026-09-02T13:40:00+00:00,324.86,325.37,324.24,325.31,1431
2026-09-02T13:45:00+00:00,325.31,325.38,324.38,324.39,1512
2026-09-02T13:50:00+00:00,324.39,325.22,324.34,324.85,1618
2026-09-02T13:55:00+00:00,324.85,325.4,324.29,325,1362
2026-09-02T14:00:00+00:00,325,325.01,323.77,323.83,1479
2026-09-02T14:05:00+00:00,323.83,324.38,323.38,324.03,1588
2026-09-02T14:10:00+00:00,324.03,324.21,323.38,323.81,1463
2026-09-02T14:15:00+00:00,323.81,324.18,323.58,323.63,1327
2026-09-02T14:20:00+00:00,323.63,324.14,323.47,323.91,1339
2026-09-02T14:25:00+00:00,323.91,324.81,323.88,324.42,1278
2026-09-02T14:30:00+00:00,324.42,324.64,323.89,323.95,1319
2026-09-02T14:35:00+00:00,323.95,324.47,323.88,324.44,1116
2026-09-02T14:40:00+00:00,324.44,324.7,324.25,324.59,1113
2026-09-02T14:45:00+00:00,324.59,324.95,324.4,324.55,1169
2026-09-02T14:50:00+00:00,324.55,324.64,324.01,324.02,1096
2026-09-02T14:55:00+00:00,324.02,324.64,324,324.47,889
2026-09-02T15:00:00+00:00,324.51,324.83,324.27,324.28,1066
2026-09-02T15:05:00+00:00,324.28,324.56,324.13,324.27,1335
2026-09-02T15:10:00+00:00,324.27,324.48,323.98,324.29,1030
2026-09-02T15:15:00+00:00,324.29,325.06,324.29,325.06,999
2026-09-02T15:20:00+00:00,325.06,325.48,324.77,325.35,1000
2026-09-02T15:25:00+00:00,325.35,326.41,325.33,326.4,1075
2026-09-02T15:30:00+00:00,326.4,326.9,326.31,326.59,1380
2026-09-02T15:35:00+00:00,326.59,326.82,326.01,326.58,1191
2026-09-02T15:40:00+00:00,326.58,326.58,324.8,324.95,1261
2026-09-02T15:45:00+00:00,324.95,325.35,323.88,324.03,1138
2026-09-02T15:50:00+00:00,324.03,324.52,323.8,324.4,1096
2026-09-02T15:55:00+00:00,324.4,325.02,324.18,324.87,1018
2026-09-02T16:00:00+00:00,324.87,325.73,324.78,325.71,1129
2026-09-02T16:05:00+00:00,325.71,326.06,325.52,325.59,1206
2026-09-02T16:10:00+00:00,325.59,325.84,325.11,325.17,989
2026-09-02T16:15:00+00:00,325.17,325.19,324.43,324.71,974
2026-09-02T16:20:00+00:00,324.71,325,323.94,324.48,948
2026-09-02T16:25:00+00:00,324.48,324.66,324.34,324.52,665
2026-09-02T16:30:00+00:00,324.52,325.55,324.49,325.33,999
2026-09-02T16:35:00+00:00,325.33,325.54,325.15,325.28,1060
2026-09-02T16:40:00+00:00,325.28,325.41,325.07,325.26,822
2026-09-02T16:45:00+00:00,325.26,325.59,325.2,325.37,931
2026-09-02T16:50:00+00:00,325.37,326.07,325.32,325.85,955
2026-09-02T16:55:00+00:00,325.85,326.1,325.83,325.99,897
2026-09-02T17:00:00+00:00,325.99,326.37,325.96,326.12,881
2026-09-02T17:05:00+00:00,326.12,326.23,325.57,325.63,1035
2026-09-02T17:10:00+00:00,325.63,325.72,325.32,325.4,730
2026-09-02T17:15:00+00:00,325.4,325.84,325.37,325.56,719
2026-09-02T17:20:00+00:00,325.56,325.66,325.39,325.51,722
2026-09-02T17:25:00+00:00,325.51,325.55,324.91,324.91,712
2026-09-02T17:30:00+00:00,324.91,325.08,324.53,324.75,809
2026-09-02T17:35:00+00:00,324.75,325.01,324.72,324.86,652
2026-09-02T17:40:00+00:00,324.86,325.35,324.7,325.24,773
2026-09-02T17:45:00+00:00,325.24,325.59,325.14,325.37,637
2026-09-02T17:50:00+00:00,325.37,325.78,325.25,325.72,576
2026-09-02T17:55:00+00:00,325.72,326.07,325.62,325.79,705
2026-09-02T18:00:00+00:00,325.79,326.21,325.56,326.21,824
2026-09-02T18:05:00+00:00,326.21,326.21,325.75,325.83,712
2026-09-02T18:10:00+00:00,325.83,325.92,325.65,325.85,586
2026-09-02T18:15:00+00:00,325.85,326.28,325.81,326.03,1046
2026-09-02T18:20:00+00:00,326.03,326.25,325.96,326.04,693
2026-09-02T18:25:00+00:00,326.04,326.36,326,326.16,783
2026-09-02T18:30:00+00:00,326.16,326.3,325.79,325.8,721
2026-09-02T18:35:00+00:00,325.8,326.02,325.65,325.69,702
2026-09-02T18:40:00+00:00,325.69,325.69,325.09,325.2,779
2026-09-02T18:45:00+00:00,325.2,325.26,324.93,325.16,759
2026-09-02T18:50:00+00:00,325.16,325.28,324.8,325.06,611
2026-09-02T18:55:00+00:00,325.06,325.09,324.71,324.83,575
2026-09-02T19:00:00+00:00,324.83,324.88,324.48,324.82,803
2026-09-02T19:05:00+00:00,324.82,325.39,324.81,325.35,655
2026-09-02T19:10:00+00:00,325.35,325.71,325.19,325.42,711
2026-09-02T19:15:00+00:00,325.42,325.62,325.15,325.48,761
2026-09-02T19:20:00+00:00,325.48,325.56,325.24,325.34,585
2026-09-02T19:25:00+00:00,325.34,325.52,325.33,325.49,556
2026-09-02T19:30:00+00:00,325.49,325.8,325.28,325.79,777
2026-09-02T19:35:00+00:00,325.79,325.84,324.93,324.99,887
2026-09-02T19:40:00+00:00,324.99,325.27,324.81,325.07,832
2026-09-02T19:45:00+00:00,325.07,325.39,325,325.14,733
2026-09-02T19:50:00+00:00,325.14,325.23,324.83,325.16,861
2026-09-02T19:55:00+00:00,325.16,325.16,324.5,324.91,1368
2026-09-03T13:30:00+00:00,324.91,327.29,324.03,325.4,1041
2026-09-03T13:35:00+00:00,325.4,326.27,323.99,326.22,1194
2026-09-03T13:40:00+00:00,326.22,326.52,325.23,326.32,1010
2026-09-03T13:45:00+00:00,326.32,326.8,326.04,326.45,852
2026-09-03T13:50:00+00:00,326.45,326.71,325.88,326.12,875
2026-09-03T13:55:00+00:00,326.12,326.55,325.44,326.5,983
2026-09-03T14:00:00+00:00,326.5,326.66,325.79,325.88,821
2026-09-03T14:05:00+00:00,325.88,326.95,325.88,326.87,715
2026-09-03T14:10:00+00:00,326.87,328,326.51,328,859
2026-09-03T14:15:00+00:00,328,328.55,327.85,328.55,950
2026-09-03T14:20:00+00:00,328.55,329.19,328.38,329,842
2026-09-03T14:25:00+00:00,329,330.18,328.76,329.6,1130
2026-09-03T14:30:00+00:00,329.6,330.48,329.2,329.27,1164
2026-09-03T14:35:00+00:00,329.27,329.78,328.06,328.25,1026
2026-09-03T14:40:00+00:00,328.25,328.55,327.8,328.16,1003
2026-09-03T14:45:00+00:00,328.16,328.76,328.08,328.75,798
2026-09-03T14:50:00+00:00,328.75,328.8,327.52,327.94,866
2026-09-03T14:55:00+00:00,327.94,328.2,327.46,327.82,931
2026-09-03T15:00:00+00:00,327.82,329.01,327.82,329,968
2026-09-03T15:05:00+00:00,329,329.92,329,329.9,723
2026-09-03T15:10:00+00:00,329.9,330.68,329.9,330.35,826
2026-09-03T15:15:00+00:00,330.35,330.62,329.72,329.93,895
2026-09-03T15:20:00+00:00,329.93,330.19,329.38,329.39,787
2026-09-03T15:25:00+00:00,329.39,330.16,329.33,329.66,771
2026-09-03T15:30:00+00:00,329.66,330.03,329.58,330,759
2026-09-03T15:35:00+00:00,330,330.34,329.61,329.7,547
2026-09-03T15:40:00+00:00,329.7,329.84,329.08,329.57,600
2026-09-03T15:45:00+00:00,329.57,329.73,329.27,329.59,454
2026-09-03T15:50:00+00:00,329.59,329.63,329.13,329.41,496
2026-09-03T15:55:00+00:00,329.41,329.72,329.17,329.64,349
2026-09-03T16:00:00+00:00,329.64,329.89,329.46,329.76,546
2026-09-03T16:05:00+00:00,329.76,329.8,329.28,329.39,512
2026-09-03T16:10:00+00:00,329.39,329.92,329.32,329.92,502
2026-09-03T16:15:00+00:00,329.92,329.93,329.39,329.54,415
2026-09-03T16:20:00+00:00,329.54,330.42,329.38,330.26,521
2026-09-03T16:25:00+00:00,330.26,330.27,329.69,329.88,525
2026-09-03T16:30:00+00:00,329.88,330.04,329.73,329.96,508
2026-09-03T16:35:00+00:00,329.96,329.99,329.56,329.76,458
2026-09-03T16:40:00+00:00,329.76,329.86,329.63,329.71,332
2026-09-03T16:45:00+00:00,329.71,329.73,329.21,329.28,462
2026-09-03T16:50:00+00:00,329.28,329.41,329.09,329.18,425
2026-09-03T16:55:00+00:00,329.18,329.18,328.71,328.82,416
2026-09-03T17:00:00+00:00,328.82,328.91,328.28,328.59,377
2026-09-03T17:05:00+00:00,328.59,328.65,328.36,328.36,362
2026-09-03T17:10:00+00:00,328.36,328.43,327.94,328,446
2026-09-03T17:15:00+00:00,328,328.18,327.78,327.81,386
2026-09-03T17:20:00+00:00,327.81,327.89,327.35,327.56,507
2026-09-03T17:25:00+00:00,327.56,327.69,327.32,327.58,501
2026-09-03T17:30:00+00:00,327.58,327.89,327.48,327.6,537
2026-09-03T17:35:00+00:00,327.6,327.65,326.96,327.04,531
2026-09-03T17:40:00+00:00,327.04,327.09,326.58,326.73,591
2026-09-03T17:45:00+00:00,326.73,327.16,326.55,327.07,498
2026-09-03T17:50:00+00:00,327.07,327.13,326.88,326.97,426
2026-09-03T17:55:00+00:00,326.97,327.1,326.7,326.73,405
2026-09-03T18:00:00+00:00,326.73,327.27,326.72,327.08,565
2026-09-03T18:05:00+00:00,327.08,327.21,326.88,327.15,469
2026-09-03T18:10:00+00:00,327.15,327.35,327.04,327.13,462
2026-09-03T18:15:00+00:00,327.13,327.44,327.08,327.08,441
2026-09-03T18:20:00+00:00,327.08,327.13,326.78,326.81,388
2026-09-03T18:25:00+00:00,326.81,327.04,326.79,327,361
2026-09-03T18:30:00+00:00,327,327.12,326.84,327.12,330
2026-09-03T18:35:00+00:00,327.12,327.15,326.88,327.04,376
2026-09-03T18:40:00+00:00,327.04,327.06,326.74,326.74,335
2026-09-03T18:45:00+00:00,326.74,326.82,326.39,326.67,477
2026-09-03T18:50:00+00:00,326.67,326.89,326.4,326.84,370
2026-09-03T18:55:00+00:00,326.84,327.13,326.59,327.06,366
2026-09-03T19:00:00+00:00,327.06,327.27,326.9,327.12,359
2026-09-03T19:05:00+00:00,327.12,327.5,327.06,327.35,335
2026-09-03T19:10:00+00:00,327.35,327.47,327.2,327.21,376
2026-09-03T19:15:00+00:00,327.21,327.47,327.13,327.41,355
2026-09-03T19:20:00+00:00,327.41,327.49,327.26,327.39,365
2026-09-03T19:25:00+00:00,327.39,327.7,327.35,327.63,415
2026-09-03T19:30:00+00:00,327.63,327.65,327.28,327.41,435
2026-09-03T19:35:00+00:00,327.41,327.61,327.34,327.36,400
2026-09-03T19:40:00+00:00,327.36,327.74,327.3,327.66,480
2026-09-03T19:45:00+00:00,327.66,328.09,327.66,327.9,565
2026-09-03T19:50:00+00:00,327.9,328.57,327.6,328.48,889
2026-09-03T19:55:00+00:00,328.48,328.64,327.68,328.16,1514
2026-09-04T13:30:00+00:00,328.16,328.65,326.89,327.03,1127
2026-09-04T13:35:00+00:00,327.03,327.03,325.18,326.11,1476
2026-09-04T13:40:00+00:00,326.11,326.12,324.14,324.67,1400
2026-09-04T13:45:00+00:00,324.67,324.7,323.33,323.79,1285
2026-09-04T13:50:00+00:00,323.79,324.11,322.94,324.01,1365
2026-09-04T13:55:00+00:00,324.01,324.02,323.02,323.49,1167
2026-09-04T14:00:00+00:00,323.49,323.51,322.55,322.92,1239
2026-09-04T14:05:00+00:00,322.92,323.04,322.3,322.6,1087
2026-09-04T14:10:00+00:00,322.6,322.6,321.11,321.11,1182
2026-09-04T14:15:00+00:00,321.11,321.74,320.94,321.47,1216
2026-09-04T14:20:00+00:00,321.47,321.5,321.03,321.14,1191
2026-09-04T14:25:00+00:00,321.14,321.14,320.32,320.54,1207
2026-09-04T14:30:00+00:00,320.54,320.9,320.51,320.73,1176
2026-09-04T14:35:00+00:00,320.73,321.02,320.53,320.54,968
2026-09-04T14:40:00+00:00,320.54,320.55,319.76,319.89,971
2026-09-04T14:45:00+00:00,319.89,320.11,319.76,319.97,934
2026-09-04T14:50:00+00:00,319.97,319.99,318.84,318.84,1045
2026-09-04T14:55:00+00:00,318.84,318.95,318.18,318.25,1147
2026-09-04T15:00:00+00:00,318.25,318.5,317.74,318.42,1172
2026-09-04T15:05:00+00:00,318.42,318.85,318.32,318.78,1051
2026-09-04T15:10:00+00:00,318.78,319.29,318.59,319.14,974
2026-09-04T15:15:00+00:00,319.14,319.28,318.58,318.66,967
2026-09-04T15:20:00+00:00,318.66,318.99,318.43,318.95,894
2026-09-04T15:25:00+00:00,318.95,319.38,318.78,319.36,749
2026-09-04T15:30:00+00:00,319.36,319.54,318.99,319.5,957
2026-09-04T15:35:00+00:00,319.5,320.01,319.43,319.78,787
2026-09-04T15:40:00+00:00,319.78,320.46,319.76,320.19,785
2026-09-04T15:45:00+00:00,320.19,320.34,320.01,320.32,659
2026-09-04T15:50:00+00:00,320.32,321.12,320.28,320.87,819
2026-09-04T15:55:00+00:00,320.87,321.14,320.69,320.84,794
2026-09-04T16:00:00+00:00,320.84,320.97,320.58,320.86,800
2026-09-04T16:05:00+00:00,320.86,320.99,320.49,320.82,677
2026-09-04T16:10:00+00:00,320.82,321.13,320.81,320.89,616
2026-09-04T16:15:00+00:00,320.89,321.21,320.47,321.13,692
2026-09-04T16:20:00+00:00,321.13,321.18,320.63,320.84,585
2026-09-04T16:25:00+00:00,320.84,320.85,320.29,320.31,647
2026-09-04T16:30:00+00:00,320.31,321.01,320.28,320.94,727
2026-09-04T16:35:00+00:00,320.94,320.97,320.58,320.72,585
2026-09-04T16:40:00+00:00,320.72,320.94,320.57,320.72,541
2026-09-04T16:45:00+00:00,320.72,320.92,320.63,320.83,457
2026-09-04T16:50:00+00:00,320.83,321.09,320.69,320.9,471
2026-09-04T16:55:00+00:00,320.9,321.1,320.83,320.89,507
2026-09-04T17:00:00+00:00,320.89,321.1,320.83,320.85,485
2026-09-04T17:05:00+00:00,320.85,321.45,320.79,321.24,599
2026-09-04T17:10:00+00:00,321.24,321.47,321.03,321.04,556
2026-09-04T17:15:00+00:00,321.04,321.52,321.03,321.4,472
2026-09-04T17:20:00+00:00,321.4,321.77,321.38,321.67,645
2026-09-04T17:25:00+00:00,321.67,321.68,321.42,321.53,511
2026-09-04T17:30:00+00:00,321.53,321.53,320.89,320.97,560
2026-09-04T17:35:00+00:00,320.97,321.13,320.74,320.87,515
2026-09-04T17:40:00+00:00,320.87,320.93,320.59,320.85,542
2026-09-04T17:45:00+00:00,320.85,321.31,320.79,320.93,613
2026-09-04T17:50:00+00:00,320.93,321.03,320.77,320.84,459
2026-09-04T17:55:00+00:00,320.84,320.98,320.76,320.91,423
2026-09-04T18:00:00+00:00,320.91,321.06,320.8,320.98,574
2026-09-04T18:05:00+00:00,320.98,321.1,320.88,321.01,471
2026-09-04T18:10:00+00:00,321.01,321.2,320.99,321.15,369
2026-09-04T18:15:00+00:00,321.15,321.19,320.78,320.84,479
2026-09-04T18:20:00+00:00,320.84,321.13,320.73,321.04,422
2026-09-04T18:25:00+00:00,321.04,321.15,320.73,320.75,419
2026-09-04T18:30:00+00:00,320.75,321.06,320.73,320.89,464
2026-09-04T18:35:00+00:00,320.89,321.1,320.82,321.08,403
2026-09-04T18:40:00+00:00,321.08,321.25,320.92,321.25,425
2026-09-04T18:45:00+00:00,321.25,321.57,321.16,321.51,507
2026-09-04T18:50:00+00:00,321.51,321.56,321.22,321.52,453
2026-09-04T18:55:00+00:00,321.52,321.7,321.41,321.53,496
2026-09-04T19:00:00+00:00,321.53,321.71,321.22,321.32,462
2026-09-04T19:05:00+00:00,321.32,321.78,321.31,321.72,436
2026-09-04T19:10:00+00:00,321.72,321.96,321.51,321.87,575
2026-09-04T19:15:00+00:00,321.87,321.88,321.51,321.56,501
2026-09-04T19:20:00+00:00,321.56,321.89,321.56,321.74,476
2026-09-04T19:25:00+00:00,321.74,321.82,321.63,321.65,407
2026-09-04T19:30:00+00:00,321.65,321.65,321.38,321.55,492
2026-09-04T19:35:00+00:00,321.55,321.67,320.85,320.86,543
2026-09-04T19:40:00+00:00,320.86,320.92,320.51,320.55,571
2026-09-04T19:45:00+00:00,320.55,320.58,320.31,320.37,635
2026-09-04T19:50:00+00:00,320.37,320.66,320.08,320.59,964
2026-09-04T19:55:00+00:00,320.59,320.59,319.57,319.81,1481
2026-09-08T13:30:00+00:00,319.81,320.3,316.38,317.07,947
2026-09-08T13:35:00+00:00,317.07,317.45,315.58,317.11,1115
2026-09-08T13:40:00+00:00,317.11,317.84,317.09,317.26,916
2026-09-08T13:45:00+00:00,317.26,317.26,316.05,316.06,814
2026-09-08T13:50:00+00:00,316.06,316.49,315.82,316.3,900
2026-09-08T13:55:00+00:00,316.3,317.47,316.29,316.71,897
2026-09-08T14:00:00+00:00,316.71,317.13,316.19,316.73,1000
2026-09-08T14:05:00+00:00,316.73,316.73,315.81,315.81,807
2026-09-08T14:10:00+00:00,315.81,315.96,315.6,315.73,747
2026-09-08T14:15:00+00:00,315.73,315.82,315.41,315.75,769
2026-09-08T14:20:00+00:00,315.75,315.86,315.47,315.6,593
2026-09-08T14:25:00+00:00,315.6,315.76,315.16,315.57,770
2026-09-08T14:30:00+00:00,315.57,315.57,315.14,315.49,609
2026-09-08T14:35:00+00:00,315.49,315.81,315.33,315.81,712
2026-09-08T14:40:00+00:00,315.81,316.12,315.64,315.94,689
2026-09-08T14:45:00+00:00,315.94,316.05,315.75,316,664
2026-09-08T14:50:00+00:00,316,316.17,315.83,316.16,557
2026-09-08T14:55:00+00:00,316.16,316.24,315.48,315.83,605
2026-09-08T15:00:00+00:00,315.83,316.41,315.74,316.25,657
2026-09-08T15:05:00+00:00,316.25,316.31,315.58,315.66,522
2026-09-08T15:10:00+00:00,315.66,316.36,315.66,316.09,687
2026-09-08T15:15:00+00:00,316.09,316.29,315.73,315.76,633
2026-09-08T15:20:00+00:00,315.76,316.23,315.63,316.23,603
2026-09-08T15:25:00+00:00,316.23,316.6,316.04,316.12,689
2026-09-08T15:30:00+00:00,316.12,316.24,315.89,316.09,610
2026-09-08T15:35:00+00:00,316.09,316.22,315.99,316.14,549
2026-09-08T15:40:00+00:00,316.14,316.65,316.08,316.3,601
2026-09-08T15:45:00+00:00,316.3,316.42,315.98,316.08,540
2026-09-08T15:50:00+00:00,316.08,316.35,316.03,316.05,467
2026-09-08T15:55:00+00:00,316.05,316.14,315.88,315.94,527
2026-09-08T16:00:00+00:00,315.94,315.97,315.69,315.91,415
2026-09-08T16:05:00+00:00,315.91,316.13,315.59,315.6,442
2026-09-08T16:10:00+00:00,315.6,315.65,315.41,315.46,415
2026-09-08T16:15:00+00:00,315.46,315.63,315.34,315.37,435
2026-09-08T16:20:00+00:00,315.37,315.83,315.34,315.67,459
2026-09-08T16:25:00+00:00,315.67,315.98,315.64,315.95,452
2026-09-08T16:30:00+00:00,315.95,316,315.78,315.8,468
2026-09-08T16:35:00+00:00,315.8,315.9,315.76,315.84,349
2026-09-08T16:40:00+00:00,315.84,316.04,315.84,315.98,305
2026-09-08T16:45:00+00:00,315.98,316.07,315.87,315.94,299
2026-09-08T16:50:00+00:00,315.94,316.01,315.81,315.92,443
2026-09-08T16:55:00+00:00,315.92,315.98,315.63,315.81,419
2026-09-08T17:00:00+00:00,315.81,316.27,315.78,316.25,386
2026-09-08T17:05:00+00:00,316.25,316.43,316.03,316.03,394
2026-09-08T17:10:00+00:00,316.03,316.11,315.93,316.05,286
2026-09-08T17:15:00+00:00,316.05,316.09,315.88,315.96,245
2026-09-08T17:20:00+00:00,315.96,316.05,315.63,315.94,253
2026-09-08T17:25:00+00:00,315.94,316.14,315.86,316.12,250
2026-09-08T17:30:00+00:00,316.12,316.18,316,316.01,351
2026-09-08T17:35:00+00:00,316.01,316.13,315.92,315.92,343
2026-09-08T17:40:00+00:00,315.92,316.17,315.91,316.09,420
2026-09-08T17:45:00+00:00,316.09,316.19,315.89,316.02,346
2026-09-08T17:50:00+00:00,316.02,316.04,315.83,315.89,286
2026-09-08T17:55:00+00:00,315.89,315.97,315.83,315.89,322
2026-09-08T18:00:00+00:00,315.89,316.09,315.88,316,344
2026-09-08T18:05:00+00:00,316,316.14,315.91,315.91,241
2026-09-08T18:10:00+00:00,315.91,316.39,315.83,316.17,336
2026-09-08T18:15:00+00:00,316.17,316.27,316.08,316.14,340
2026-09-08T18:20:00+00:00,316.14,316.21,315.84,315.85,378
2026-09-08T18:25:00+00:00,315.85,316.62,315.8,316.29,435
2026-09-08T18:30:00+00:00,316.29,316.37,315.74,315.77,375
2026-09-08T18:35:00+00:00,315.77,315.99,315.58,315.73,441
2026-09-08T18:40:00+00:00,315.73,315.75,315.26,315.33,348
2026-09-08T18:45:00+00:00,315.33,315.51,314.77,315.07,741
2026-09-08T18:50:00+00:00,315.07,315.79,315.01,315.7,671
2026-09-08T18:55:00+00:00,315.7,315.85,315.34,315.38,372
2026-09-08T19:00:00+00:00,315.38,315.51,315.23,315.39,410
2026-09-08T19:05:00+00:00,315.39,316.21,315.34,316.13,385
2026-09-08T19:10:00+00:00,316.13,316.38,315.85,315.93,441
2026-09-08T19:15:00+00:00,315.93,315.97,315.42,315.64,415
2026-09-08T19:20:00+00:00,315.64,315.92,315.61,315.77,324
2026-09-08T19:25:00+00:00,315.77,315.83,315.4,315.64,416
2026-09-08T19:30:00+00:00,315.64,316.08,315.38,315.93,414
2026-09-08T19:35:00+00:00,315.93,316.18,315.84,316.13,339
2026-09-08T19:40:00+00:00,316.13,316.22,315.89,316.02,479
2026-09-08T19:45:00+00:00,316.02,316.14,315.8,316.11,598
2026-09-08T19:50:00+00:00,316.11,316.32,315.71,316.29,972
2026-09-08T19:55:00+00:00,316.29,316.51,315.57,316.18,1473
2026-09-09T13:30:00+00:00,316.18,316.18,314.88,315.34,1085
2026-09-09T13:35:00+00:00,315.34,316,315.09,315.69,1128
2026-09-09T13:40:00+00:00,315.69,316.06,315.43,315.69,1012
2026-09-09T13:45:00+00:00,315.69,316.21,315.4,315.96,1071
2026-09-09T13:50:00+00:00,315.96,316.39,315.82,316.17,940
2026-09-09T13:55:00+00:00,316.17,317.84,316.08,317.71,1223
2026-09-09T14:00:00+00:00,317.71,317.84,316.99,317.13,1298
2026-09-09T14:05:00+00:00,317.13,317.99,316.91,317.72,1095
2026-09-09T14:10:00+00:00,317.72,317.77,315.39,315.41,1063
2026-09-09T14:15:00+00:00,315.41,315.54,314.33,314.5,1161
2026-09-09T14:20:00+00:00,314.5,315.26,314.38,314.39,1169
2026-09-09T14:25:00+00:00,314.39,314.73,314.22,314.59,1120
2026-09-09T14:30:00+00:00,314.59,314.6,313.4,313.74,1150
2026-09-09T14:35:00+00:00,313.74,313.88,312.8,312.91,1012
2026-09-09T14:40:00+00:00,312.91,313.34,312.79,313.13,974
2026-09-09T14:45:00+00:00,313.13,313.43,312.97,313.29,903
2026-09-09T14:50:00+00:00,313.29,313.62,313.09,313.4,966
2026-09-09T14:55:00+00:00,313.4,313.52,312.96,313.14,699
2026-09-09T15:00:00+00:00,313.24,313.27,312.28,312.42,1361
2026-09-09T15:05:00+00:00,312.42,312.9,312.22,312.32,1045
2026-09-09T15:10:00+00:00,312.32,312.57,312.08,312.1,972
2026-09-09T15:15:00+00:00,312.1,312.65,311.98,312.57,906
2026-09-09T15:20:00+00:00,312.57,312.62,311.99,312.09,833
2026-09-09T15:25:00+00:00,312.09,312.42,312.01,312.39,674
2026-09-09T15:30:00+00:00,312.39,313.28,312.11,313.05,963
2026-09-09T15:35:00+00:00,313.05,313.36,312.91,313.28,831
2026-09-09T15:40:00+00:00,313.28,313.43,312.7,313.14,915
2026-09-09T15:45:00+00:00,313.14,313.28,312.92,313.25,649
2026-09-09T15:50:00+00:00,313.25,313.45,313.07,313.28,620
2026-09-09T15:55:00+00:00,313.28,313.28,312.89,313.01,556
2026-09-09T16:00:00+00:00,313.01,313.16,312.69,313.07,664
2026-09-09T16:05:00+00:00,313.07,313.27,312.91,313.02,613
2026-09-09T16:10:00+00:00,313.02,313.36,312.97,313.25,581
2026-09-09T16:15:00+00:00,313.25,313.57,313.08,313.46,560
2026-09-09T16:20:00+00:00,313.46,313.57,313.26,313.3,517
2026-09-09T16:25:00+00:00,313.3,313.55,313.26,313.49,525
2026-09-09T16:30:00+00:00,313.49,313.65,313.38,313.42,575
2026-09-09T16:35:00+00:00,313.42,313.55,313.33,313.48,530
2026-09-09T16:40:00+00:00,313.48,314.22,313.47,314.21,648
2026-09-09T16:45:00+00:00,314.21,314.23,313.45,313.53,735
2026-09-09T16:50:00+00:00,313.53,313.87,313.51,313.74,610
2026-09-09T16:55:00+00:00,313.74,313.95,313.5,313.88,699
2026-09-09T17:00:00+00:00,313.88,314.87,312.78,312.9,1211
2026-09-09T17:05:00+00:00,312.9,313.58,312.19,313.48,1343
2026-09-09T17:10:00+00:00,313.48,313.54,312.29,312.63,1125
2026-09-09T17:15:00+00:00,312.63,312.89,310.94,311.31,1344
2026-09-09T17:20:00+00:00,311.31,312.68,311.13,312.64,1072
2026-09-09T17:25:00+00:00,312.64,312.75,310.86,311.47,1172
2026-09-09T17:30:00+00:00,311.47,313.12,310.9,311.12,1567
2026-09-09T17:35:00+00:00,311.12,311.86,311.12,311.26,1051
2026-09-09T17:40:00+00:00,311.26,312.57,311.17,312.37,960
2026-09-09T17:45:00+00:00,312.37,312.56,312.01,312.38,980
2026-09-09T17:50:00+00:00,312.38,313.76,312.11,312.81,1149
2026-09-09T17:55:00+00:00,312.81,314.15,312.68,313.05,1410
2026-09-09T18:00:00+00:00,313.05,313.58,312.11,312.58,1432
2026-09-09T18:05:00+00:00,312.58,312.73,311.59,311.62,1156
2026-09-09T18:10:00+00:00,311.62,311.81,310.1,310.12,1048
2026-09-09T18:15:00+00:00,310.12,311.09,309.8,310.79,1665
2026-09-09T18:20:00+00:00,310.79,313.25,310.72,312.89,1456
2026-09-09T18:25:00+00:00,312.89,313.07,311.88,311.96,988
2026-09-09T18:30:00+00:00,311.96,312.65,311.82,312.46,902
2026-09-09T18:35:00+00:00,312.46,312.81,312.29,312.59,736
2026-09-09T18:40:00+00:00,312.59,314.12,312.56,313.95,1048
2026-09-09T18:45:00+00:00,313.95,316.49,313.6,316.49,1507
2026-09-09T18:50:00+00:00,316.49,318.51,316.4,318.32,1814
2026-09-09T18:55:00+00:00,318.32,318.9,316.43,316.52,1488
2026-09-09T19:00:00+00:00,316.52,316.99,315.38,315.99,1269
2026-09-09T19:05:00+00:00,315.99,316.75,315.2,315.51,1014
2026-09-09T19:10:00+00:00,315.51,316.28,314.99,315.69,1003
2026-09-09T19:15:00+00:00,315.69,316.22,315.63,315.69,808
2026-09-09T19:20:00+00:00,315.69,315.87,315.03,315.42,876
2026-09-09T19:25:00+00:00,315.42,315.65,315.29,315.43,681
2026-09-09T19:30:00+00:00,315.43,315.53,314.75,315,825
2026-09-09T19:35:00+00:00,315,315.22,314.85,314.9,722
2026-09-09T19:40:00+00:00,314.9,315.71,314.83,315.62,751
2026-09-09T19:45:00+00:00,315.62,315.83,315.43,315.53,616
2026-09-09T19:50:00+00:00,315.53,315.68,315.04,315.3,975
2026-09-09T19:55:00+00:00,315.3,315.55,314.9,315.33,1571
2026-09-10T13:30:00+00:00,315.33,320.55,315.33,319.28,1469
2026-09-10T13:35:00+00:00,319.28,322.94,319.08,320.44,1934
2026-09-10T13:40:00+00:00,320.44,321.1,317.1,319.69,1636
2026-09-10T13:45:00+00:00,319.69,320.98,319.12,319.98,1187
2026-09-10T13:50:00+00:00,319.98,320.31,318.88,318.97,1036
2026-09-10T13:55:00+00:00,318.97,318.98,317.69,318.7,998
2026-09-10T14:00:00+00:00,318.7,319.28,318.39,318.96,969
2026-09-10T14:05:00+00:00,318.96,319.79,318.53,318.53,843
2026-09-10T14:10:00+00:00,318.53,319.6,317.98,319.18,881
2026-09-10T14:15:00+00:00,319.18,319.78,318.64,319.66,685
2026-09-10T14:20:00+00:00,319.66,319.79,319.07,319.41,848
2026-09-10T14:25:00+00:00,319.41,319.51,318.61,318.81,734
2026-09-10T14:30:00+00:00,318.81,319.74,318.77,318.96,748
2026-09-10T14:35:00+00:00,318.96,319.72,318.73,319.72,686
2026-09-10T14:40:00+00:00,319.72,320.67,319.56,319.93,1005
2026-09-10T14:45:00+00:00,319.93,320.65,319.66,320.51,766
2026-09-10T14:50:00+00:00,320.51,321.78,320.22,321.74,950
2026-09-10T14:55:00+00:00,321.74,323.02,321.62,322.86,1109
2026-09-10T15:00:00+00:00,322.86,322.98,321.93,322.91,1013
2026-09-10T15:05:00+00:00,322.91,323.21,322.29,322.36,960
2026-09-10T15:10:00+00:00,322.36,322.73,321.64,321.83,1000
2026-09-10T15:15:00+00:00,321.83,322.11,321.46,321.61,680
2026-09-10T15:20:00+00:00,321.61,322.83,321.61,322.83,885
2026-09-10T15:25:00+00:00,322.83,323.67,322.6,323.53,916
2026-09-10T15:30:00+00:00,323.53,323.95,323.08,323.76,1092
2026-09-10T15:35:00+00:00,323.76,324.2,323.2,323.56,915
2026-09-10T15:40:00+00:00,323.56,323.67,322.18,322.33,920
2026-09-10T15:45:00+00:00,322.33,322.44,319.93,319.93,1122
2026-09-10T15:50:00+00:00,319.93,320.21,319.16,319.67,1020
2026-09-10T15:55:00+00:00,319.67,319.86,319.08,319.41,942
2026-09-10T16:00:00+00:00,319.41,319.82,319.08,319.47,881
2026-09-10T16:05:00+00:00,319.47,320.06,319.24,320,679
2026-09-10T16:10:00+00:00,320,320.38,319.52,319.99,724
2026-09-10T16:15:00+00:00,319.99,320.32,319.88,320.22,597
2026-09-10T16:20:00+00:00,320.22,320.33,319.84,320.24,580
2026-09-10T16:25:00+00:00,320.24,321.75,320.24,321.7,777
2026-09-10T16:30:00+00:00,321.7,321.8,321.01,321.53,764
2026-09-10T16:35:00+00:00,321.53,323.27,321.43,322.9,908
2026-09-10T16:40:00+00:00,322.9,324.55,322.9,324.35,1055
2026-09-10T16:45:00+00:00,324.35,324.63,323.28,323.35,1164
2026-09-10T16:50:00+00:00,323.35,324.06,323.23,323.37,914
2026-09-10T16:55:00+00:00,323.37,323.93,322.89,323.15,722
2026-09-10T17:00:00+00:00,323.15,323.28,322.71,323,687
2026-09-10T17:05:00+00:00,323,323.46,322.88,323.3,755
2026-09-10T17:10:00+00:00,323.3,323.85,323.3,323.41,674
2026-09-10T17:15:00+00:00,323.41,323.74,323.27,323.67,539
2026-09-10T17:20:00+00:00,323.67,323.95,323.52,323.83,616
2026-09-10T17:25:00+00:00,323.83,324.71,323.75,324.7,869
2026-09-10T17:30:00+00:00,324.7,325.41,324.26,325.2,1056
2026-09-10T17:35:00+00:00,325.2,325.52,324.61,324.99,751
2026-09-10T17:40:00+00:00,324.99,325.37,324.92,325.32,578
2026-09-10T17:45:00+00:00,325.32,325.5,324.91,325.27,642
2026-09-10T17:50:00+00:00,325.27,325.44,324.84,324.86,612
2026-09-10T17:55:00+00:00,324.86,325.43,324.82,324.9,588
2026-09-10T18:00:00+00:00,324.9,325.03,323.89,323.89,736
2026-09-10T18:05:00+00:00,323.89,323.96,323.33,323.46,625
2026-09-10T18:10:00+00:00,323.46,323.8,323.33,323.5,605
2026-09-10T18:15:00+00:00,323.5,323.78,323.25,323.64,537
2026-09-10T18:20:00+00:00,323.64,324.32,323.58,324,556
2026-09-10T18:25:00+00:00,324,324.34,323.96,324,469
2026-09-10T18:30:00+00:00,324,324.12,323.49,323.71,507
2026-09-10T18:35:00+00:00,323.71,324.2,323.69,324.1,532
2026-09-10T18:40:00+00:00,324.1,324.42,323.98,324.26,462
2026-09-10T18:45:00+00:00,324.26,324.76,324.08,324.71,546
2026-09-10T18:50:00+00:00,324.71,325.38,324.6,325.25,801
2026-09-10T18:55:00+00:00,325.25,325.36,325.04,325.25,420
2026-09-10T19:00:00+00:00,325.25,325.27,324.83,324.92,504
2026-09-10T19:05:00+00:00,324.92,325.43,324.79,325.33,623
2026-09-10T19:10:00+00:00,325.33,325.75,325.13,325.63,499
2026-09-10T19:15:00+00:00,325.63,325.98,325.41,325.58,558
2026-09-10T19:20:00+00:00,325.58,325.75,325.08,325.43,501
2026-09-10T19:25:00+00:00,325.43,325.64,325.07,325.15,525
2026-09-10T19:30:00+00:00,325.15,325.5,325.05,325.41,590
2026-09-10T19:35:00+00:00,325.41,325.69,325.09,325.59,518
2026-09-10T19:40:00+00:00,325.59,325.71,325.18,325.24,697
2026-09-10T19:45:00+00:00,325.24,325.75,325.04,325.75,625
2026-09-10T19:50:00+00:00,325.75,325.92,325.39,325.5,1049
2026-09-10T19:55:00+00:00,325.5,326.58,325.4,326.54,1563
2026-09-11T13:30:00+00:00,326.54,332.09,326.2,331.87,1639
2026-09-11T13:35:00+00:00,331.87,334.07,331.27,333.98,2413
2026-09-11T13:40:00+00:00,333.98,333.98,332.55,333.14,1758
2026-09-11T13:45:00+00:00,333.14,333.56,330.88,331.46,1805
2026-09-11T13:50:00+00:00,331.46,332.62,331.15,331.59,1383
2026-09-11T13:55:00+00:00,331.59,332.78,331.26,332.18,1358
2026-09-11T14:00:00+00:00,332.18,332.76,331.61,332.58,1353
2026-09-11T14:05:00+00:00,332.58,332.64,332.05,332.36,1221
2026-09-11T14:10:00+00:00,332.36,332.74,331.54,331.56,1201
2026-09-11T14:15:00+00:00,331.56,332.18,331.54,332.04,1076
2026-09-11T14:20:00+00:00,332.04,333.5,331.89,333.46,1133
2026-09-11T14:25:00+00:00,333.46,334.44,333.2,333.96,1270
2026-09-11T14:30:00+00:00,333.96,334.15,332.23,333.59,1364
2026-09-11T14:35:00+00:00,333.59,334.22,333.41,334.03,1120
2026-09-11T14:40:00+00:00,334.03,334.78,334,334.54,1179
2026-09-11T14:45:00+00:00,334.54,334.68,334.08,334.55,1155
2026-09-11T14:50:00+00:00,334.55,335.25,334.43,335.18,1151
2026-09-11T14:55:00+00:00,335.18,335.29,334.64,334.85,924
2026-09-11T15:00:00+00:00,334.85,335.51,334.79,335.43,1000
2026-09-11T15:05:00+00:00,335.43,335.6,335.18,335.45,821
2026-09-11T15:10:00+00:00,335.45,336.07,335.29,335.35,965
2026-09-11T15:15:00+00:00,335.35,336.02,335.33,335.43,957
2026-09-11T15:20:00+00:00,335.43,335.65,334.94,335.34,1101
2026-09-11T15:25:00+00:00,335.34,335.5,334.94,335.4,874
2026-09-11T15:30:00+00:00,335.4,335.41,334.91,335.01,860
2026-09-11T15:35:00+00:00,335.01,335.04,334.5,334.77,953
2026-09-11T15:40:00+00:00,334.77,335.04,334.59,334.63,742
2026-09-11T15:45:00+00:00,334.63,334.73,334.28,334.34,786
2026-09-11T15:50:00+00:00,334.34,334.55,334.13,334.17,678
2026-09-11T15:55:00+00:00,334.17,334.21,333.54,333.79,817
2026-09-11T16:00:00+00:00,333.79,333.96,333.57,333.76,729
2026-09-11T16:05:00+00:00,333.76,334.35,333.5,334.35,656
2026-09-11T16:10:00+00:00,334.35,334.66,334.18,334.57,744
2026-09-11T16:15:00+00:00,334.57,334.71,334.22,334.3,801
2026-09-11T16:20:00+00:00,334.3,334.31,333.8,334,672
2026-09-11T16:25:00+00:00,334,334.44,333.94,334.04,762
2026-09-11T16:30:00+00:00,334.04,334.31,333.94,334.14,758
2026-09-11T16:35:00+00:00,334.14,334.27,333.82,334.02,716
2026-09-11T16:40:00+00:00,334.02,334.23,333.78,333.98,662
2026-09-11T16:45:00+00:00,333.98,334.31,333.79,334.27,557
2026-09-11T16:50:00+00:00,334.27,334.41,334.16,334.26,619
2026-09-11T16:55:00+00:00,334.26,334.7,334.16,334.58,574
2026-09-11T17:00:00+00:00,334.58,334.72,334.07,334.15,660
2026-09-11T17:05:00+00:00,334.15,334.44,334.13,334.29,543
2026-09-11T17:10:00+00:00,334.29,334.33,333.99,334.21,617
2026-09-11T17:15:00+00:00,334.21,334.35,333.78,333.79,584
2026-09-11T17:20:00+00:00,333.79,334.13,333.76,334.01,620
2026-09-11T17:25:00+00:00,334.01,334.23,333.7,333.78,540
2026-09-11T17:30:00+00:00,333.78,334.15,333.63,333.65,628
2026-09-11T17:35:00+00:00,333.65,333.68,333.26,333.3,631
2026-09-11T17:40:00+00:00,333.3,333.55,333.01,333.09,605
2026-09-11T17:45:00+00:00,333.09,333.22,332.81,332.98,536
2026-09-11T17:50:00+00:00,332.98,333,332.59,332.84,722
2026-09-11T17:55:00+00:00,332.84,333.35,332.77,333.21,531
2026-09-11T18:00:00+00:00,333.21,333.7,333.11,333.23,603
2026-09-11T18:05:00+00:00,333.23,333.23,332.47,332.51,674
2026-09-11T18:10:00+00:00,332.51,332.7,332.43,332.68,598
2026-09-11T18:15:00+00:00,332.68,332.76,332.54,332.63,514
2026-09-11T18:20:00+00:00,332.63,332.94,332.41,332.7,766
2026-09-11T18:25:00+00:00,332.7,332.84,332.53,332.74,653
2026-09-11T18:30:00+00:00,332.74,332.89,332.6,332.67,516
2026-09-11T18:35:00+00:00,332.67,333.02,332.65,332.85,462
2026-09-11T18:40:00+00:00,332.85,333.04,332.59,332.79,533
2026-09-11T18:45:00+00:00,332.79,332.79,332.23,332.36,614
2026-09-11T18:50:00+00:00,332.36,332.91,332.36,332.73,525
2026-09-11T18:55:00+00:00,332.73,332.89,332.31,332.39,493
2026-09-11T19:00:00+00:00,332.39,332.77,332.24,332.71,566
2026-09-11T19:05:00+00:00,332.71,332.87,332.38,332.45,562
2026-09-11T19:10:00+00:00,332.45,332.5,332.36,332.41,420
2026-09-11T19:15:00+00:00,332.41,332.71,332.39,332.7,422
2026-09-11T19:20:00+00:00,332.7,332.79,332.38,332.44,533
2026-09-11T19:25:00+00:00,332.44,332.61,332.37,332.54,422
2026-09-11T19:30:00+00:00,332.54,332.91,332.46,332.81,558
2026-09-11T19:35:00+00:00,332.81,332.88,332.4,332.47,544
2026-09-11T19:40:00+00:00,332.47,332.6,332.34,332.46,550
2026-09-11T19:45:00+00:00,332.46,332.66,332.27,332.59,432
2026-09-11T19:50:00+00:00,332.59,332.59,332.12,332.26,925
2026-09-11T19:55:00+00:00,332.26,332.77,331.98,332.23,945
2026-09-14T13:30:00+00:00,332.23,334.57,331.61,332.61,1056
2026-09-14T13:35:00+00:00,332.61,332.61,331.19,331.71,1188
2026-09-14T13:40:00+00:00,331.71,334.05,331.29,332.35,1179
2026-09-14T13:45:00+00:00,332.35,333.19,331.89,332.62,1144
2026-09-14T13:50:00+00:00,332.62,333.97,332.11,333.97,1268
2026-09-14T13:55:00+00:00,333.97,334.91,333.72,333.75,1280
2026-09-14T14:00:00+00:00,333.75,334.34,333.53,334.04,914
2026-09-14T14:05:00+00:00,334.04,334.52,333.88,334.1,843
2026-09-14T14:10:00+00:00,334.1,334.11,333.28,333.4,892
2026-09-14T14:15:00+00:00,333.4,333.44,332.35,332.57,857
2026-09-14T14:20:00+00:00,332.57,333.27,332.48,332.91,828
2026-09-14T14:25:00+00:00,332.91,333.14,332.56,333.06,739
2026-09-14T14:30:00+00:00,333.06,333.35,332.62,333.11,900
2026-09-14T14:35:00+00:00,333.11,333.16,332.34,333.08,883
2026-09-14T14:40:00+00:00,333.08,333.08,332.28,332.84,781
2026-09-14T14:45:00+00:00,332.84,333.05,332.66,332.99,683
2026-09-14T14:50:00+00:00,332.99,333.07,332.28,332.34,666
2026-09-14T14:55:00+00:00,332.34,332.73,331.96,332.73,751
2026-09-14T15:00:00+00:00,332.73,332.85,332.27,332.32,735
2026-09-14T15:05:00+00:00,332.32,333.21,332.31,332.9,1037
2026-09-14T15:10:00+00:00,332.9,332.98,332.33,332.51,643
2026-09-14T15:15:00+00:00,332.51,332.94,332.38,332.67,689
2026-09-14T15:20:00+00:00,332.67,332.74,332.09,332.5,638
2026-09-14T15:25:00+00:00,332.5,332.67,332.16,332.55,502
2026-09-14T15:30:00+00:00,332.55,334.24,332.47,334.01,1004
2026-09-14T15:35:00+00:00,334.01,334.52,333.82,333.93,754
2026-09-14T15:40:00+00:00,333.93,334.45,333.77,334.2,724
2026-09-14T15:45:00+00:00,334.2,334.8,334.2,334.76,597
2026-09-14T15:50:00+00:00,334.76,334.99,334.4,334.51,624
2026-09-14T15:55:00+00:00,334.51,335.37,334.39,334.89,633
2026-09-14T16:00:00+00:00,334.89,335.37,334.48,334.48,617
2026-09-14T16:05:00+00:00,334.48,334.83,334.3,334.74,575
2026-09-14T16:10:00+00:00,334.74,334.99,334.58,334.74,496
2026-09-14T16:15:00+00:00,334.74,334.91,334.38,334.64,530
2026-09-14T16:20:00+00:00,334.64,334.75,334.45,334.57,350
2026-09-14T16:25:00+00:00,334.57,334.6,334.14,334.46,366
2026-09-14T16:30:00+00:00,334.46,334.66,333.96,334.62,490
2026-09-14T16:35:00+00:00,334.62,334.72,334.49,334.62,337
2026-09-14T16:40:00+00:00,334.62,334.83,334.51,334.72,316
2026-09-14T16:45:00+00:00,334.72,334.87,334.4,334.72,556
2026-09-14T16:50:00+00:00,334.72,335.12,334.53,335.01,408
2026-09-14T16:55:00+00:00,335.01,335.09,334.38,334.68,454
2026-09-14T17:00:00+00:00,334.68,334.77,334.04,334.29,401
2026-09-14T17:05:00+00:00,334.29,334.32,334.03,334.27,305
2026-09-14T17:10:00+00:00,334.27,335.01,334.22,334.66,532
2026-09-14T17:15:00+00:00,334.66,334.68,333.88,334.05,377
2026-09-14T17:20:00+00:00,334.05,334.53,334.05,334.45,396
2026-09-14T17:25:00+00:00,334.45,334.56,334.28,334.44,301
2026-09-14T17:30:00+00:00,334.44,334.5,334.13,334.24,332
2026-09-14T17:35:00+00:00,334.24,334.59,334.13,334.49,335
2026-09-14T17:40:00+00:00,334.49,334.55,334.29,334.4,218
2026-09-14T17:45:00+00:00,334.4,334.54,334.2,334.24,319
2026-09-14T17:50:00+00:00,334.24,334.28,333.89,334.05,386
2026-09-14T17:55:00+00:00,334.05,334.09,333.69,333.7,330
2026-09-14T18:00:00+00:00,333.7,333.78,333.41,333.61,465
2026-09-14T18:05:00+00:00,333.61,333.85,333.49,333.65,343
2026-09-14T18:10:00+00:00,333.65,334.03,333.6,334.01,347
2026-09-14T18:15:00+00:00,334.01,334.18,333.9,334.08,337
2026-09-14T18:20:00+00:00,334.08,334.22,333.9,334.11,298
2026-09-14T18:25:00+00:00,334.11,334.42,334.02,334.33,304
2026-09-14T18:30:00+00:00,334.33,334.45,333.45,334.06,635
2026-09-14T18:35:00+00:00,334.06,334.31,333.44,334.16,433
2026-09-14T18:40:00+00:00,334.16,334.43,334.03,334.33,397
2026-09-14T18:45:00+00:00,334.33,334.62,334.26,334.5,382
2026-09-14T18:50:00+00:00,334.5,334.58,334.1,334.31,301
2026-09-14T18:55:00+00:00,334.31,334.32,333.98,334.02,313
2026-09-14T19:00:00+00:00,334.02,334.37,333.67,334.2,439
2026-09-14T19:05:00+00:00,334.2,334.46,334.1,334.45,395
2026-09-14T19:10:00+00:00,334.45,335.27,334.44,335.1,520
2026-09-14T19:15:00+00:00,335.1,335.29,334.94,334.94,424
2026-09-14T19:20:00+00:00,334.94,335.08,334.3,334.48,527
2026-09-14T19:25:00+00:00,334.48,334.6,334.17,334.27,356
2026-09-14T19:30:00+00:00,334.27,334.46,334.04,334.28,426
2026-09-14T19:35:00+00:00,334.28,334.46,334.14,334.42,372
2026-09-14T19:40:00+00:00,334.42,334.44,333.76,333.76,386
2026-09-14T19:45:00+00:00,333.76,334,333.63,333.76,447
2026-09-14T19:50:00+00:00,333.76,334.29,333.66,333.88,697
2026-09-14T19:55:00+00:00,333.88,333.94,332.8,332.91,1468
2026-09-15T13:30:00+00:00,332.91,332.91,328.2,329.98,1131
2026-09-15T13:35:00+00:00,329.98,331.26,329.86,331.06,1399
2026-09-15T13:40:00+00:00,331.06,331.15,330.04,330.09,1274
2026-09-15T13:45:00+00:00,330.09,330.72,329.89,330.26,1293
2026-09-15T13:50:00+00:00,330.26,330.84,329.97,330.61,1127
2026-09-15T13:55:00+00:00,330.61,331.47,330.28,330.61,1147
2026-09-15T14:00:00+00:00,330.61,330.61,329.88,330.08,1405
2026-09-15T14:05:00+00:00,330.08,330.08,329.32,329.59,1106
2026-09-15T14:10:00+00:00,329.59,330.18,329.29,329.57,1172
2026-09-15T14:15:00+00:00,329.57,329.82,329.3,329.42,1010
2026-09-15T14:20:00+00:00,329.42,330.15,329.18,329.2,1184
2026-09-15T14:25:00+00:00,329.2,329.63,329.17,329.35,802
2026-09-15T14:30:00+00:00,329.35,329.42,328.77,329.02,918
2026-09-15T14:35:00+00:00,329.02,329.47,328.88,329.24,1037
2026-09-15T14:40:00+00:00,329.24,329.84,329.09,329.33,1182
2026-09-15T14:45:00+00:00,329.33,329.79,329.27,329.48,1072
2026-09-15T14:50:00+00:00,329.48,329.71,329.28,329.56,1072
2026-09-15T14:55:00+00:00,329.56,330.14,329.42,329.61,907
2026-09-15T15:00:00+00:00,329.61,329.94,329.38,329.39,876
2026-09-15T15:05:00+00:00,329.39,329.54,329.11,329.15,833
2026-09-15T15:10:00+00:00,329.15,329.66,328.92,329.36,990
2026-09-15T15:15:00+00:00,329.36,330.13,329.13,330.04,757
2026-09-15T15:20:00+00:00,330.04,330.2,329.71,329.73,704
2026-09-15T15:25:00+00:00,329.73,329.97,329.55,329.78,755
2026-09-15T15:30:00+00:00,329.78,329.86,329.16,329.4,927
2026-09-15T15:35:00+00:00,329.4,329.59,329.28,329.39,586
2026-09-15T15:40:00+00:00,329.39,329.87,329.39,329.74,693
2026-09-15T15:45:00+00:00,329.74,329.87,329.2,329.38,565
2026-09-15T15:50:00+00:00,329.38,329.6,329.14,329.17,769
2026-09-15T15:55:00+00:00,329.17,329.62,329.14,329.45,841
2026-09-15T16:00:00+00:00,329.45,329.68,329.34,329.61,603
2026-09-15T16:05:00+00:00,329.61,330.16,329.39,329.9,720
2026-09-15T16:10:00+00:00,329.9,330.29,329.89,329.95,661
2026-09-15T16:15:00+00:00,329.95,330.21,329.85,330.15,645
2026-09-15T16:20:00+00:00,330.15,330.74,330.12,330.43,692
2026-09-15T16:25:00+00:00,330.43,330.61,330.24,330.28,627
2026-09-15T16:30:00+00:00,330.28,330.49,330.08,330.35,757
2026-09-15T16:35:00+00:00,330.35,330.41,329.88,329.9,678
2026-09-15T16:40:00+00:00,329.9,330.05,329.63,329.74,665
2026-09-15T16:45:00+00:00,329.74,330.06,329.71,329.9,765
2026-09-15T16:50:00+00:00,329.9,330,329.63,329.77,534
2026-09-15T16:55:00+00:00,329.77,329.89,329.25,329.39,657
2026-09-15T17:00:00+00:00,329.39,329.63,329.3,329.49,537
2026-09-15T17:05:00+00:00,329.49,329.8,329.38,329.58,547
2026-09-15T17:10:00+00:00,329.58,329.83,329.57,329.66,480
2026-09-15T17:15:00+00:00,329.66,329.8,329.46,329.46,459
2026-09-15T17:20:00+00:00,329.46,329.73,329.46,329.65,406
2026-09-15T17:25:00+00:00,329.65,329.92,329.58,329.84,346
2026-09-15T17:30:00+00:00,329.84,330.44,329.84,330.18,507
2026-09-15T17:35:00+00:00,330.18,330.37,330.01,330.32,509
2026-09-15T17:40:00+00:00,330.32,330.46,330.01,330.4,437
2026-09-15T17:45:00+00:00,330.4,330.6,330.08,330.16,398
2026-09-15T17:50:00+00:00,330.16,330.41,330.09,330.37,364
2026-09-15T17:55:00+00:00,330.37,330.41,330.18,330.3,391
2026-09-15T18:00:00+00:00,330.3,330.56,330.18,330.51,429
2026-09-15T18:05:00+00:00,330.51,330.7,330.37,330.47,390
2026-09-15T18:10:00+00:00,330.47,330.69,330.46,330.55,503
2026-09-15T18:15:00+00:00,330.55,330.6,330.35,330.43,477
2026-09-15T18:20:00+00:00,330.43,330.47,330.08,330.11,530
2026-09-15T18:25:00+00:00,330.11,330.36,330.03,330.23,415
2026-09-15T18:30:00+00:00,330.23,330.28,329.92,330.01,437
2026-09-15T18:35:00+00:00,330.01,330.32,329.96,330.13,411
2026-09-15T18:40:00+00:00,330.13,330.24,329.96,330.1,575
2026-09-15T18:45:00+00:00,330.1,330.35,330.03,330.07,465
2026-09-15T18:50:00+00:00,330.07,330.26,329.91,330.09,518
2026-09-15T18:55:00+00:00,330.09,330.42,329.97,330.41,366
2026-09-15T19:00:00+00:00,330.41,330.46,330.19,330.27,430
2026-09-15T19:05:00+00:00,330.27,330.3,330.04,330.1,378
2026-09-15T19:10:00+00:00,330.1,330.14,329.98,330.07,269
2026-09-15T19:15:00+00:00,330.07,330.09,329.69,329.78,504
2026-09-15T19:20:00+00:00,329.78,330.18,329.69,330.16,407
2026-09-15T19:25:00+00:00,330.16,330.18,329.86,330.12,435
2026-09-15T19:30:00+00:00,330.12,330.12,329.73,330.01,519
2026-09-15T19:35:00+00:00,330.01,330.09,329.69,329.7,386
2026-09-15T19:40:00+00:00,329.7,330.25,329.7,330.1,469
2026-09-15T19:45:00+00:00,330.1,330.3,329.92,330.14,442
2026-09-15T19:50:00+00:00,330.14,331.46,330.07,331.46,836
2026-09-15T19:55:00+00:00,331.46,331.62,330.85,331.27,1205
2026-09-16T13:30:00+00:00,331.27,334.37,331.27,334.08,1094
2026-09-16T13:35:00+00:00,334.08,335.32,332.96,334.41,1256
2026-09-16T13:40:00+00:00,334.41,335.13,332.93,333.57,1156
2026-09-16T13:45:00+00:00,333.57,334.84,333.26,334.42,1083
2026-09-16T13:50:00+00:00,334.42,334.62,332.71,333.05,1017
2026-09-16T13:55:00+00:00,333.05,333.99,332.1,333.92,1003
2026-09-16T14:00:00+00:00,333.92,334.1,333.13,333.31,686
2026-09-16T14:05:00+00:00,333.31,333.96,333.31,333.68,597
2026-09-16T14:10:00+00:00,333.68,334.01,333.38,333.4,695
2026-09-16T14:15:00+00:00,333.4,333.66,333.14,333.35,595
2026-09-16T14:20:00+00:00,333.35,333.37,332.75,333.13,634
2026-09-16T14:25:00+00:00,333.13,333.38,332.58,333.04,618
2026-09-16T14:30:00+00:00,333.04,333.91,333,333.81,659
2026-09-16T14:35:00+00:00,333.81,334.08,333.43,333.6,586
2026-09-16T14:40:00+00:00,333.6,333.77,333.08,333.77,569
2026-09-16T14:45:00+00:00,333.77,333.78,333.31,333.62,405
2026-09-16T14:50:00+00:00,333.62,333.97,333.5,333.87,408
2026-09-16T14:55:00+00:00,333.87,334,333.62,333.81,396
2026-09-16T15:00:00+00:00,333.88,333.94,333.42,333.67,545
2026-09-16T15:05:00+00:00,333.67,333.71,333.29,333.58,499
2026-09-16T15:10:00+00:00,333.58,333.65,333.29,333.46,445
2026-09-16T15:15:00+00:00,333.46,333.64,333.38,333.52,427
2026-09-16T15:20:00+00:00,333.52,333.53,332.89,332.98,531
2026-09-16T15:25:00+00:00,332.98,333.09,332.13,332.48,590
2026-09-16T15:30:00+00:00,332.48,332.84,332.44,332.61,526
2026-09-16T15:35:00+00:00,332.61,332.94,332.48,332.89,437
2026-09-16T15:40:00+00:00,332.89,333,332.66,333,432
2026-09-16T15:45:00+00:00,333,333.34,332.74,332.93,786
2026-09-16T15:50:00+00:00,332.93,332.96,332.36,332.65,525
2026-09-16T15:55:00+00:00,332.65,332.83,332.45,332.62,403
2026-09-16T16:00:00+00:00,332.62,332.85,332.53,332.73,364
2026-09-16T16:05:00+00:00,332.73,333.32,332.66,333.2,396
2026-09-16T16:10:00+00:00,333.2,333.21,332.63,332.68,374
2026-09-16T16:15:00+00:00,332.68,332.82,332.38,332.39,386
2026-09-16T16:20:00+00:00,332.39,332.56,332.19,332.49,435
2026-09-16T16:25:00+00:00,332.49,332.67,332.33,332.54,395
2026-09-16T16:30:00+00:00,332.54,332.64,332.13,332.36,363
2026-09-16T16:35:00+00:00,332.36,332.55,332.18,332.48,308
2026-09-16T16:40:00+00:00,332.48,332.73,332.35,332.7,360
2026-09-16T16:45:00+00:00,332.7,332.83,332.4,332.54,426
2026-09-16T16:50:00+00:00,332.54,332.54,332.19,332.42,355
2026-09-16T16:55:00+00:00,332.42,332.67,332.34,332.47,372
2026-09-16T17:00:00+00:00,332.47,332.55,332.24,332.42,355
2026-09-16T17:05:00+00:00,332.42,332.65,332.33,332.55,350
2026-09-16T17:10:00+00:00,332.55,332.85,332.53,332.75,308
2026-09-16T17:15:00+00:00,332.75,332.81,332.67,332.7,262
2026-09-16T17:20:00+00:00,332.7,333.1,332.69,332.89,323
2026-09-16T17:25:00+00:00,332.89,333.16,332.82,333.14,304
2026-09-16T17:30:00+00:00,333.14,333.3,333.05,333.25,310
2026-09-16T17:35:00+00:00,333.25,333.25,333,333.14,328
2026-09-16T17:40:00+00:00,333.14,333.16,332.86,332.98,299
2026-09-16T17:45:00+00:00,332.98,333.13,332.91,332.92,276
2026-09-16T17:50:00+00:00,332.92,333.23,332.88,333,382
2026-09-16T17:55:00+00:00,333,333.25,332.91,333.2,312
2026-09-16T18:00:00+00:00,333.2,333.98,332.93,333.75,810
2026-09-16T18:05:00+00:00,333.75,334.2,333.68,334.16,576
2026-09-16T18:10:00+00:00,334.16,334.17,333.72,333.95,529
2026-09-16T18:15:00+00:00,333.95,334.64,333.88,334.2,610
2026-09-16T18:20:00+00:00,334.2,334.3,333.9,334.23,599
2026-09-16T18:25:00+00:00,334.23,334.5,334.13,334.42,582
2026-09-16T18:30:00+00:00,334.42,334.52,333.48,333.49,1129
2026-09-16T18:35:00+00:00,333.49,333.65,332.5,333.51,1129
2026-09-16T18:40:00+00:00,333.51,334.47,333.41,333.8,737
2026-09-16T18:45:00+00:00,333.8,334.13,333.25,333.5,803
2026-09-16T18:50:00+00:00,333.5,333.51,332.7,332.82,922
2026-09-16T18:55:00+00:00,332.82,333.06,331.89,331.89,970
2026-09-16T19:00:00+00:00,331.89,332.46,331.78,332.1,820
2026-09-16T19:05:00+00:00,332.1,332.43,331.63,331.68,668
2026-09-16T19:10:00+00:00,331.68,331.76,330.54,330.66,737
2026-09-16T19:15:00+00:00,330.66,331.16,330.64,330.8,746
2026-09-16T19:20:00+00:00,330.8,331.37,330.75,331.31,778
2026-09-16T19:25:00+00:00,331.31,331.56,330.64,331.44,805
2026-09-16T19:30:00+00:00,331.44,332.33,331.42,332.22,696
2026-09-16T19:35:00+00:00,332.22,332.3,331.81,332.04,811
2026-09-16T19:40:00+00:00,332.04,332.04,331.35,331.48,751
2026-09-16T19:45:00+00:00,331.48,332.08,331.42,331.9,777
2026-09-16T19:50:00+00:00,331.9,332.37,331.68,332.24,903
2026-09-16T19:55:00+00:00,332.24,332.48,331.99,332.41,1685
2026-09-17T13:30:00+00:00,332.41,335.23,332.38,332.39,1242
2026-09-17T13:35:00+00:00,332.39,332.75,331.18,332.75,1704
2026-09-17T13:40:00+00:00,332.75,332.85,331.58,331.86,1705
2026-09-17T13:45:00+00:00,331.86,332.03,330.62,330.76,1433
2026-09-17T13:50:00+00:00,330.76,330.9,330.04,330.42,1557
2026-09-17T13:55:00+00:00,330.42,330.94,330.23,330.71,1202
2026-09-17T14:00:00+00:00,330.71,332.48,330.6,332.4,1290
2026-09-17T14:05:00+00:00,332.4,332.79,331.74,332.57,1355
2026-09-17T14:10:00+00:00,332.57,333.29,332.57,332.99,1514
2026-09-17T14:15:00+00:00,332.99,333.51,332.92,333.22,1192
2026-09-17T14:20:00+00:00,333.22,333.5,332.96,333.31,1155
2026-09-17T14:25:00+00:00,333.31,333.77,333.22,333.3,1262
2026-09-17T14:30:00+00:00,333.3,333.67,332.88,332.99,985
2026-09-17T14:35:00+00:00,332.99,333.05,332.38,332.46,1079
2026-09-17T14:40:00+00:00,332.46,332.73,332.38,332.48,955
2026-09-17T14:45:00+00:00,332.48,332.59,332.08,332.37,1037
2026-09-17T14:50:00+00:00,332.37,332.6,332.16,332.35,1099
2026-09-17T14:55:00+00:00,332.35,332.81,332.28,332.63,1011
2026-09-17T15:00:00+00:00,332.63,332.94,332.5,332.66,1033
2026-09-17T15:05:00+00:00,332.66,332.74,332.01,332.14,1026
2026-09-17T15:10:00+00:00,332.14,332.24,331.89,331.9,764
2026-09-17T15:15:00+00:00,331.9,332.36,331.88,332.28,786
2026-09-17T15:20:00+00:00,332.28,332.65,332.21,332.5,873
2026-09-17T15:25:00+00:00,332.5,333.05,332.49,332.95,815
2026-09-17T15:30:00+00:00,332.95,333.13,332.69,333.07,734
2026-09-17T15:35:00+00:00,333.07,333.48,332.94,333.31,684
2026-09-17T15:40:00+00:00,333.31,333.63,333.11,333.34,880
2026-09-17T15:45:00+00:00,333.34,334.04,333.3,334,683
2026-09-17T15:50:00+00:00,334,334.82,333.89,334.67,1019
2026-09-17T15:55:00+00:00,334.67,334.78,334.26,334.78,918
2026-09-17T16:00:00+00:00,334.78,335.62,334.68,335.43,1167
2026-09-17T16:05:00+00:00,335.43,335.59,335.22,335.49,739
2026-09-17T16:10:00+00:00,335.49,335.65,335.33,335.56,687
2026-09-17T16:15:00+00:00,335.56,335.82,335.35,335.71,712
2026-09-17T16:20:00+00:00,335.71,336.14,335.56,335.95,690
2026-09-17T16:25:00+00:00,335.95,336.29,335.77,335.92,651
2026-09-17T16:30:00+00:00,335.92,336.05,335.57,335.68,775
2026-09-17T16:35:00+00:00,335.68,335.81,335.5,335.56,521
2026-09-17T16:40:00+00:00,335.56,335.76,335.53,335.68,506
2026-09-17T16:45:00+00:00,335.68,335.79,335.14,335.24,510
2026-09-17T16:50:00+00:00,335.24,335.55,335.24,335.49,559
2026-09-17T16:55:00+00:00,335.49,336.01,335.19,335.98,844
2026-09-17T17:00:00+00:00,335.98,336.32,335.86,336.2,657
2026-09-17T17:05:00+00:00,336.2,336.34,335.48,335.51,665
2026-09-17T17:10:00+00:00,335.51,335.67,335.33,335.42,522
2026-09-17T17:15:00+00:00,335.42,335.71,335.39,335.65,566
2026-09-17T17:20:00+00:00,335.65,335.68,335.24,335.26,444
2026-09-17T17:25:00+00:00,335.26,335.34,335.14,335.29,313
2026-09-17T17:30:00+00:00,335.29,335.61,335.26,335.61,403
2026-09-17T17:35:00+00:00,335.61,335.74,335.43,335.74,387
2026-09-17T17:40:00+00:00,335.74,335.8,335.53,335.66,299
2026-09-17T17:45:00+00:00,335.66,336.06,335.65,335.92,378
2026-09-17T17:50:00+00:00,335.92,335.93,335.59,335.69,454
2026-09-17T17:55:00+00:00,335.69,335.91,335.63,335.78,501
2026-09-17T18:00:00+00:00,335.78,335.95,335.68,335.95,463
2026-09-17T18:05:00+00:00,335.95,335.95,335.51,335.57,412
2026-09-17T18:10:00+00:00,335.57,335.74,335.49,335.6,527
2026-09-17T18:15:00+00:00,335.6,335.78,335.33,335.51,517
2026-09-17T18:20:00+00:00,335.51,335.51,335.33,335.36,458
2026-09-17T18:25:00+00:00,335.36,335.77,335.33,335.66,441
2026-09-17T18:30:00+00:00,335.66,335.94,335.58,335.59,478
2026-09-17T18:35:00+00:00,335.59,335.75,335.48,335.59,592
2026-09-17T18:40:00+00:00,335.59,336.26,335.56,336.18,727
2026-09-17T18:45:00+00:00,336.18,336.18,335.89,336.06,453
2026-09-17T18:50:00+00:00,336.06,336.29,335.99,336.03,425
2026-09-17T18:55:00+00:00,336.03,336.14,335.98,336.13,376
2026-09-17T19:00:00+00:00,336.13,336.76,336.06,336.63,412
2026-09-17T19:05:00+00:00,336.63,336.98,336.63,336.88,513
2026-09-17T19:10:00+00:00,336.88,337.33,336.81,337.11,463
2026-09-17T19:15:00+00:00,337.11,337.18,336.8,337.08,524
2026-09-17T19:20:00+00:00,337.08,337.12,336.79,336.81,535
2026-09-17T19:25:00+00:00,336.81,337.09,336.65,336.83,507
2026-09-17T19:30:00+00:00,336.83,337.27,336.8,337.12,562
2026-09-17T19:35:00+00:00,337.12,338.19,337.07,337.36,757
2026-09-17T19:40:00+00:00,337.36,337.42,337.11,337.28,398
2026-09-17T19:45:00+00:00,337.28,337.55,337.19,337.34,367
2026-09-17T19:50:00+00:00,337.34,337.93,337.08,337.19,860
2026-09-17T19:55:00+00:00,337.19,337.29,336.63,336.95,1626
2026-09-18T13:30:00+00:00,336.95,338.22,336.11,336.6,855
2026-09-18T13:35:00+00:00,336.6,337.01,335.84,336.43,1157
2026-09-18T13:40:00+00:00,336.43,336.58,335.26,335.61,1070
2026-09-18T13:45:00+00:00,335.61,336.49,335,335.1,993
2026-09-18T13:50:00+00:00,335.1,335.45,334.89,335.03,968
2026-09-18T13:55:00+00:00,335.03,335.22,334.68,334.83,811
2026-09-18T14:00:00+00:00,334.83,335.23,334.66,334.97,924
2026-09-18T14:05:00+00:00,334.97,335.34,334.41,334.48,782
2026-09-18T14:10:00+00:00,334.48,334.7,333.29,333.36,999
2026-09-18T14:15:00+00:00,333.36,333.52,333.01,333.25,1072
2026-09-18T14:20:00+00:00,333.25,333.44,332.89,333.1,931
2026-09-18T14:25:00+00:00,333.1,333.51,333.03,333.34,697
2026-09-18T14:30:00+00:00,333.34,333.34,332.57,332.68,788
2026-09-18T14:35:00+00:00,332.68,333.11,332.51,332.93,875
2026-09-18T14:40:00+00:00,332.93,332.97,332.4,332.46,723
2026-09-18T14:45:00+00:00,332.46,333.33,332.45,333.22,812
2026-09-18T14:50:00+00:00,333.22,333.72,332.99,333.65,634
2026-09-18T14:55:00+00:00,333.65,333.85,333.37,333.49,641
2026-09-18T15:00:00+00:00,333.82,333.93,333.53,333.67,604
2026-09-18T15:05:00+00:00,333.67,334.95,333.67,334.84,823
2026-09-18T15:10:00+00:00,334.84,335.16,334.59,334.74,791
2026-09-18T15:15:00+00:00,334.74,335.05,334.72,335.03,572
2026-09-18T15:20:00+00:00,335.03,335.63,334.88,335.33,665
2026-09-18T15:25:00+00:00,335.33,335.57,334.76,334.87,620
2026-09-18T15:30:00+00:00,334.87,335.06,334.53,334.87,683
2026-09-18T15:35:00+00:00,334.87,334.9,334.23,334.26,534
2026-09-18T15:40:00+00:00,334.26,334.75,334.14,334.57,531
2026-09-18T15:45:00+00:00,334.57,334.81,334.42,334.46,522
2026-09-18T15:50:00+00:00,334.46,334.77,334.42,334.55,415
2026-09-18T15:55:00+00:00,334.55,334.7,334.4,334.59,446
2026-09-18T16:00:00+00:00,334.59,334.78,334.3,334.55,514
2026-09-18T16:05:00+00:00,334.55,334.7,334.41,334.68,369
2026-09-18T16:10:00+00:00,334.68,334.75,334.38,334.47,355
2026-09-18T16:15:00+00:00,334.47,334.63,334.38,334.62,318
2026-09-18T16:20:00+00:00,334.62,334.65,334.13,334.3,362
2026-09-18T16:25:00+00:00,334.3,334.69,334.1,334.4,530
2026-09-18T16:30:00+00:00,334.4,334.81,334.36,334.69,532
2026-09-18T16:35:00+00:00,334.69,334.79,334.48,334.61,365
2026-09-18T16:40:00+00:00,334.61,334.63,334.29,334.38,342
2026-09-18T16:45:00+00:00,334.38,334.59,334.33,334.45,320
2026-09-18T16:50:00+00:00,334.45,334.51,334.33,334.42,316
2026-09-18T16:55:00+00:00,334.42,334.63,334.35,334.44,315
2026-09-18T17:00:00+00:00,334.44,334.73,334.38,334.63,320
2026-09-18T17:05:00+00:00,334.63,335,334.61,334.64,465
2026-09-18T17:10:00+00:00,334.64,334.79,334.6,334.71,327
2026-09-18T17:15:00+00:00,334.71,334.82,334.54,334.67,390
2026-09-18T17:20:00+00:00,334.67,335.32,334.64,335.2,460
2026-09-18T17:25:00+00:00,335.2,335.31,334.98,335.04,396
2026-09-18T17:30:00+00:00,335.04,335.09,334.92,335,323
2026-09-18T17:35:00+00:00,335,335.59,335,335.37,400
2026-09-18T17:40:00+00:00,335.37,335.4,335.19,335.33,222
2026-09-18T17:45:00+00:00,335.33,335.44,335.14,335.22,213
2026-09-18T17:50:00+00:00,335.22,335.35,335.13,335.28,267
2026-09-18T17:55:00+00:00,335.28,335.71,335.14,335.44,323
2026-09-18T18:00:00+00:00,335.44,335.6,335.31,335.41,305
2026-09-18T18:05:00+00:00,335.41,335.58,335.26,335.51,289
2026-09-18T18:10:00+00:00,335.51,335.57,335.29,335.33,281
2026-09-18T18:15:00+00:00,335.33,335.36,335.09,335.13,255
2026-09-18T18:20:00+00:00,335.13,335.61,335.1,335.48,444
2026-09-18T18:25:00+00:00,335.48,335.63,335.38,335.58,340
2026-09-18T18:30:00+00:00,335.58,335.77,335.4,335.75,292
2026-09-18T18:35:00+00:00,335.75,335.79,335.37,335.41,273
2026-09-18T18:40:00+00:00,335.41,335.72,335.24,335.72,281
2026-09-18T18:45:00+00:00,335.72,336.08,335.63,335.97,485
2026-09-18T18:50:00+00:00,335.97,336.15,335.84,335.86,413
2026-09-18T18:55:00+00:00,335.86,335.86,335.55,335.64,316
2026-09-18T19:00:00+00:00,335.64,335.74,335.48,335.71,254
2026-09-18T19:05:00+00:00,335.71,336.16,335.58,336.02,361
2026-09-18T19:10:00+00:00,336.02,336.12,335.92,336,294
2026-09-18T19:15:00+00:00,336,336.36,336,336.17,294
2026-09-18T19:20:00+00:00,336.17,336.22,335.88,336.02,309
2026-09-18T19:25:00+00:00,336.02,336.29,336.01,336.1,383
2026-09-18T19:30:00+00:00,336.1,336.35,335.99,336.01,380
2026-09-18T19:35:00+00:00,336.01,336.07,335.7,335.92,308
2026-09-18T19:40:00+00:00,335.92,335.96,335.62,335.86,399
2026-09-18T19:45:00+00:00,335.86,336.12,335.74,336.03,441
2026-09-18T19:50:00+00:00,336.03,336.79,335.88,335.9,956
2026-09-18T19:55:00+00:00,335.9,336.62,335.46,335.69,1510
2026-09-21T13:30:00+00:00,335.69,335.69,333.49,334.32,2391
2026-09-21T13:35:00+00:00,334.32,334.58,332.89,333.24,1884
2026-09-21T13:40:00+00:00,333.24,334.09,332.96,333.66,2034
2026-09-21T13:45:00+00:00,333.66,335.72,333.41,335.58,2154
2026-09-21T13:50:00+00:00,335.58,336.07,335.38,335.71,2082
2026-09-21T13:55:00+00:00,335.71,336.04,335.26,335.64,1703
2026-09-21T14:00:00+00:00,335.64,336.44,335.53,336.32,1722
2026-09-21T14:05:00+00:00,336.32,337.66,336.32,337.31,1777
2026-09-21T14:10:00+00:00,337.31,337.46,336.33,336.62,1746
2026-09-21T14:15:00+00:00,336.62,336.87,336.24,336.86,1567
2026-09-21T14:20:00+00:00,336.86,337.17,336.68,336.94,1297
2026-09-21T14:25:00+00:00,336.94,337.26,336.79,337.17,1216
2026-09-21T14:30:00+00:00,337.17,337.5,336.74,337.41,1404
2026-09-21T14:35:00+00:00,337.41,338.07,337.3,337.69,1232
2026-09-21T14:40:00+00:00,337.69,337.73,336.45,336.88,1631
2026-09-21T14:45:00+00:00,336.88,336.88,336.18,336.36,1526
2026-09-21T14:50:00+00:00,336.36,336.72,336.23,336.7,1252
2026-09-21T14:55:00+00:00,336.7,337.24,336.46,336.82,1438
2026-09-21T15:00:00+00:00,336.82,337.04,336.57,336.89,1350
2026-09-21T15:05:00+00:00,336.89,337.29,336.82,337.16,1311
2026-09-21T15:10:00+00:00,337.16,337.21,336.91,337.17,1109
2026-09-21T15:15:00+00:00,337.17,337.77,337.17,337.77,933
2026-09-21T15:20:00+00:00,337.77,337.79,336.81,336.85,1111
2026-09-21T15:25:00+00:00,336.85,337.11,336.76,336.89,1284
2026-09-21T15:30:00+00:00,336.89,337.16,336.77,336.98,1061
2026-09-21T15:35:00+00:00,336.98,337.7,336.98,337.7,794
2026-09-21T15:40:00+00:00,337.7,337.8,337.28,337.69,1051
2026-09-21T15:45:00+00:00,337.69,338.35,337.68,338.03,961
2026-09-21T15:50:00+00:00,338.03,338.34,337.84,337.96,1159
2026-09-21T15:55:00+00:00,337.96,338.09,337.54,337.61,913
2026-09-21T16:00:00+00:00,337.61,337.97,337.39,337.78,1144
2026-09-21T16:05:00+00:00,337.78,338.55,337.73,338.29,1315
2026-09-21T16:10:00+00:00,338.29,338.58,338.2,338.31,1184
2026-09-21T16:15:00+00:00,338.31,338.85,338.2,338.77,1198
2026-09-21T16:20:00+00:00,338.77,338.78,338.28,338.36,1202
2026-09-21T16:25:00+00:00,338.36,338.83,338.22,338.34,850
2026-09-21T16:30:00+00:00,338.34,338.75,338.28,338.68,732
2026-09-21T16:35:00+00:00,338.68,338.8,338.48,338.57,748
2026-09-21T16:40:00+00:00,338.57,338.96,338.57,338.85,962
2026-09-21T16:45:00+00:00,338.85,339.1,338.68,339.1,859
2026-09-21T16:50:00+00:00,339.1,339.14,338.58,338.74,779
2026-09-21T16:55:00+00:00,338.74,338.83,338.38,338.59,684
2026-09-21T17:00:00+00:00,338.59,338.86,338.57,338.68,778
2026-09-21T17:05:00+00:00,338.68,338.82,338.43,338.57,693
2026-09-21T17:10:00+00:00,338.57,339,338.45,338.9,640
2026-09-21T17:15:00+00:00,338.9,338.97,338.63,338.76,642
2026-09-21T17:20:00+00:00,338.76,338.85,338.43,338.45,582
2026-09-21T17:25:00+00:00,338.45,338.67,338.29,338.62,906
2026-09-21T17:30:00+00:00,338.62,338.66,338.36,338.44,1014
2026-09-21T17:35:00+00:00,338.44,338.52,338.14,338.14,687
2026-09-21T17:40:00+00:00,338.14,338.4,338.05,338.32,717
2026-09-21T17:45:00+00:00,338.32,338.6,338.25,338.29,655
2026-09-21T17:50:00+00:00,338.29,338.49,338.21,338.21,564
2026-09-21T17:55:00+00:00,338.21,338.31,337.96,338.09,635
2026-09-21T18:00:00+00:00,338.09,338.3,338.03,338.27,685
2026-09-21T18:05:00+00:00,338.27,338.38,337.96,338,650
2026-09-21T18:10:00+00:00,338,338.01,337.6,337.71,931
2026-09-21T18:15:00+00:00,337.71,338.36,337.68,338.21,1018
2026-09-21T18:20:00+00:00,338.21,338.75,338.11,338.7,846
2026-09-21T18:25:00+00:00,338.7,339,338.65,338.79,773
2026-09-21T18:30:00+00:00,338.79,338.79,338.35,338.58,1138
2026-09-21T18:35:00+00:00,338.58,338.87,338.47,338.71,896
2026-09-21T18:40:00+00:00,338.71,338.92,338.58,338.71,769
2026-09-21T18:45:00+00:00,338.71,338.97,338.35,338.54,817
2026-09-21T18:50:00+00:00,338.54,338.75,338.47,338.61,704
2026-09-21T18:55:00+00:00,338.61,338.7,338.38,338.56,807
2026-09-21T19:00:00+00:00,338.56,338.56,338.05,338.16,949
2026-09-21T19:05:00+00:00,338.16,338.71,338.09,338.71,885
2026-09-21T19:10:00+00:00,338.71,338.83,338.6,338.8,791
2026-09-21T19:15:00+00:00,338.8,338.95,338.53,338.83,877
2026-09-21T19:20:00+00:00,338.83,339.12,338.72,339.03,612
2026-09-21T19:25:00+00:00,339.03,339.41,338.88,339.24,574
2026-09-21T19:30:00+00:00,339.24,339.34,338.95,339.07,654
2026-09-21T19:35:00+00:00,339.07,339.26,338.94,339.18,572
2026-09-21T19:40:00+00:00,339.18,339.22,338.88,339.07,801
2026-09-21T19:45:00+00:00,339.07,339.49,338.98,339.44,638
2026-09-21T19:50:00+00:00,339.44,339.48,338.88,339.15,859
2026-09-21T19:55:00+00:00,339.15,339.31,338.62,338.9,1276
2026-09-22T13:30:00+00:00,338.9,345.08,338.9,342.31,1271
2026-09-22T13:35:00+00:00,342.31,343.01,341,341.18,1193
2026-09-22T13:40:00+00:00,341.18,341.64,340.38,341.29,1359
2026-09-22T13:45:00+00:00,341.29,341.89,341.14,341.39,1530
2026-09-22T13:50:00+00:00,341.39,341.83,340.59,340.64,1466
2026-09-22T13:55:00+00:00,340.64,341.11,340.14,340.57,1434
2026-09-22T14:00:00+00:00,340.57,340.76,339.43,339.45,1470
2026-09-22T14:05:00+00:00,339.45,339.59,338.61,338.99,1131
2026-09-22T14:10:00+00:00,338.99,339.34,338.98,339.23,1246
2026-09-22T14:15:00+00:00,339.23,339.76,338.73,339.23,1620
2026-09-22T14:20:00+00:00,339.23,339.94,339.08,339.48,1191
2026-09-22T14:25:00+00:00,339.48,340.7,339.43,340.25,1393
2026-09-22T14:30:00+00:00,340.25,340.43,339.8,339.93,1026
2026-09-22T14:35:00+00:00,339.93,339.96,339.35,339.54,1188
2026-09-22T14:40:00+00:00,339.54,340.43,339.44,340.26,1064
2026-09-22T14:45:00+00:00,340.26,341.68,340.21,341.58,1224
2026-09-22T14:50:00+00:00,341.58,342.12,341.2,342.08,1238
2026-09-22T14:55:00+00:00,342.08,342.72,341.78,342.51,1309
2026-09-22T15:00:00+00:00,342.51,343.47,342.43,342.91,1307
2026-09-22T15:05:00+00:00,342.91,343.38,342.56,343,1289
2026-09-22T15:10:00+00:00,343,343.49,342.73,343.12,1040
2026-09-22T15:15:00+00:00,343.12,343.7,342.94,343.46,1158
2026-09-22T15:20:00+00:00,343.46,343.53,342.39,342.64,1166
2026-09-22T15:25:00+00:00,342.64,343.4,342.43,343.32,979
2026-09-22T15:30:00+00:00,343.32,343.47,342.7,343.18,1051
2026-09-22T15:35:00+00:00,343.18,343.48,342.35,342.45,768
2026-09-22T15:40:00+00:00,342.45,342.95,342.34,342.72,575
2026-09-22T15:45:00+00:00,342.72,343.47,342.7,342.8,920
2026-09-22T15:50:00+00:00,342.8,342.82,341.98,342.16,987
2026-09-22T15:55:00+00:00,342.16,342.18,341.75,341.96,934
2026-09-22T16:00:00+00:00,341.96,342.3,341.61,342.26,777
2026-09-22T16:05:00+00:00,342.26,342.41,341.84,341.89,572
2026-09-22T16:10:00+00:00,341.89,342.81,341.89,342.44,772
2026-09-22T16:15:00+00:00,342.44,342.55,342.08,342.2,785
2026-09-22T16:20:00+00:00,342.2,342.92,342.06,342.17,1034
2026-09-22T16:25:00+00:00,342.17,342.43,342.02,342.38,656
2026-09-22T16:30:00+00:00,342.38,342.5,342.19,342.47,603
2026-09-22T16:35:00+00:00,342.47,342.74,342.29,342.61,555
2026-09-22T16:40:00+00:00,342.61,342.69,342.23,342.36,650
2026-09-22T16:45:00+00:00,342.36,342.48,342.21,342.39,706
2026-09-22T16:50:00+00:00,342.39,342.5,342.16,342.17,714
2026-09-22T16:55:00+00:00,342.17,342.32,341.99,342.01,601
2026-09-22T17:00:00+00:00,342.01,342.33,341.99,342.09,537
2026-09-22T17:05:00+00:00,342.09,342.15,341.5,341.77,701
2026-09-22T17:10:00+00:00,341.77,341.94,341.5,341.71,611
2026-09-22T17:15:00+00:00,341.71,341.84,341.16,341.27,671
2026-09-22T17:20:00+00:00,341.27,341.36,341.06,341.36,541
2026-09-22T17:25:00+00:00,341.36,341.5,341.23,341.41,466
2026-09-22T17:30:00+00:00,341.41,341.44,341.17,341.34,658
2026-09-22T17:35:00+00:00,341.34,341.42,341.15,341.18,511
2026-09-22T17:40:00+00:00,341.18,341.35,341.09,341.22,550
2026-09-22T17:45:00+00:00,341.22,341.41,341.2,341.29,578
2026-09-22T17:50:00+00:00,341.29,341.35,340.39,340.63,1052
2026-09-22T17:55:00+00:00,340.63,340.94,340.4,340.93,975
2026-09-22T18:00:00+00:00,340.93,341.05,340.4,340.49,834
2026-09-22T18:05:00+00:00,340.49,340.98,340.47,340.92,698
2026-09-22T18:10:00+00:00,340.92,341.11,340.72,341.07,743
2026-09-22T18:15:00+00:00,341.07,341.15,340.82,340.96,589
2026-09-22T18:20:00+00:00,340.96,341.44,340.9,341.3,579
2026-09-22T18:25:00+00:00,341.3,341.35,340.86,340.87,711
2026-09-22T18:30:00+00:00,340.87,341.16,340.79,341.08,576
2026-09-22T18:35:00+00:00,341.08,341.22,340.9,340.98,615
2026-09-22T18:40:00+00:00,340.98,341.35,340.79,341.05,647
2026-09-22T18:45:00+00:00,341.05,341.14,340.33,340.4,511
2026-09-22T18:50:00+00:00,340.4,340.4,339.89,340.2,785
2026-09-22T18:55:00+00:00,340.2,340.2,339.94,340.13,608
2026-09-22T19:00:00+00:00,340.13,340.19,339.91,340.17,573
2026-09-22T19:05:00+00:00,340.17,340.28,339.96,340.13,608
2026-09-22T19:10:00+00:00,340.13,340.29,340.06,340.08,570
2026-09-22T19:15:00+00:00,340.08,340.12,339.89,339.99,588
2026-09-22T19:20:00+00:00,339.99,340.1,339.76,339.98,705
2026-09-22T19:25:00+00:00,339.98,340.21,339.95,339.95,792
2026-09-22T19:30:00+00:00,339.95,340.49,339.91,340.33,1056
2026-09-22T19:35:00+00:00,340.33,340.45,340,340.01,710
2026-09-22T19:40:00+00:00,340.01,340.12,339.68,339.75,620
2026-09-22T19:45:00+00:00,339.75,339.99,339.56,339.85,748
2026-09-22T19:50:00+00:00,339.85,340.01,339.56,339.81,834
2026-09-22T19:55:00+00:00,339.81,339.81,339.15,339.65,1939
